Datetime,artifact
2025-06-27 07:00:00,0.0
2025-06-27 13:00:00,0.0
2025-06-27 19:00:00,0.0
2025-06-28 01:00:00,0.0
2025-06-28 07:00:00,0.0
2025-06-28 13:00:00,0.0
2025-06-28 19:00:00,0.0
2025-06-29 01:00:00,0.0
2025-06-29 07:00:00,0.0
2025-06-29 13:00:00,0.0
2025-06-29 19:00:00,0.0
2025-06-30 01:00:00,0.0
2025-06-30 07:00:00,0.0
2025-06-30 13:00:00,0.0
2025-06-30 19:00:00,0.0
2025-07-01 01:00:00,0.0
2025-07-01 07:00:00,0.0
2025-07-01 13:00:00,0.0
2025-07-01 19:00:00,0.0
2025-07-02 01:00:00,0.0
2025-07-02 07:00:00,0.0
2025-07-02 13:00:00,0.0
2025-07-02 19:00:00,0.0
2025-07-03 01:00:00,0.0
2025-07-03 07:00:00,0.0
2025-07-03 13:00:00,0.0
2025-07-03 19:00:00,0.0
2025-07-04 01:00:00,0.0
2025-07-04 07:00:00,0.0
2025-07-04 13:00:00,0.0
2025-07-04 19:00:00,0.0
2025-07-05 01:00:00,0.0
2025-07-05 07:00:00,0.0
2025-07-05 13:00:00,0.0
2025-07-05 19:00:00,0.0
2025-07-06 01:00:00,0.0
2025-07-06 07:00:00,0.0
2025-07-06 13:00:00,0.0
2025-07-06 19:00:00,0.0
2025-07-07 01:00:00,0.0
2025-07-07 07:00:00,0.0
2025-07-07 13:00:00,0.0
2025-07-07 19:00:00,0.0
2025-07-08 01:00:00,0.0
2025-07-08 07:00:00,0.0
2025-07-08 13:00:00,0.0
2025-07-08 19:00:00,0.0
2025-07-09 01:00:00,0.0
2025-07-09 07:00:00,0.0
2025-07-09 13:00:00,0.0
2025-07-09 19:00:00,0.0
2025-07-10 01:00:00,0.0
2025-07-10 07:00:00,0.0
2025-07-10 13:00:00,0.0
2025-07-10 19:00:00,0.0
2025-07-11 01:00:00,0.0
2025-07-11 07:00:00,0.0
2025-07-11 13:00:00,0.0
2025-07-11 19:00:00,0.0
2025-07-12 01:00:00,0.0
2025-07-12 07:00:00,0.0
2025-07-12 13:00:00,0.0
2025-07-12 19:00:00,0.0
2025-07-13 01:00:00,0.0
2025-07-13 07:00:00,0.0
2025-07-13 13:00:00,0.0
2025-07-13 19:00:00,0.0
2025-07-14 01:00:00,0.0
2025-07-14 07:00:00,0.0
2025-07-14 13:00:00,0.0
2025-07-14 19:00:00,0.0
2025-07-15 01:00:00,0.0
2025-07-15 07:00:00,0.0
2025-07-15 13:00:00,0.0
2025-07-15 19:00:00,0.0
2025-07-16 01:00:00,0.0
2025-07-16 07:00:00,0.0
2025-07-16 13:00:00,0.0
2025-07-16 19:00:00,0.0
2025-07-17 01:00:00,0.0
2025-07-17 07:00:00,0.0
2025-07-17 13:00:00,0.0
2025-07-17 19:00:00,0.0
2025-07-18 01:00:00,0.0
2025-07-18 07:00:00,0.0
2025-07-18 13:00:00,0.0
2025-07-18 19:00:00,0.0
2025-07-19 01:00:00,0.0
2025-07-19 07:00:00,0.0
2025-07-19 13:00:00,0.0
2025-07-19 19:00:00,0.0
2025-07-20 01:00:00,0.0
2025-07-20 07:00:00,0.0
2025-07-20 13:00:00,0.0
2025-07-20 19:00:00,0.0
2025-07-21 01:00:00,0.0
2025-07-21 07:00:00,0.0
2025-07-21 13:00:00,0.0
2025-07-21 19:00:00,0.0
2025-07-22 01:00:00,0.0
2025-07-22 07:00:00,0.0
2025-07-22 13:00:00,0.0
2025-07-22 19:00:00,0.0
2025-07-23 01:00:00,0.0
2025-07-23 07:00:00,0.0
2025-07-23 13:00:00,0.0
2025-07-23 19:00:00,0.0
2025-07-24 01:00:00,0.0
2025-07-24 07:00:00,0.0
2025-07-24 13:00:00,0.0
2025-07-24 19:00:00,0.0
2025-07-25 01:00:00,0.0
2025-07-25 07:00:00,0.0
2025-07-25 13:00:00,0.0
2025-07-25 19:00:00,0.0
2025-07-26 01:00:00,0.0
2025-07-26 07:00:00,0.0
2025-07-26 13:00:00,0.0
2025-07-26 19:00:00,0.0
2025-07-27 01:00:00,0.0
2025-07-27 07:00:00,0.0
2025-07-27 13:00:00,0.0
2025-07-27 19:00:00,0.0
2025-07-28 01:00:00,0.0
2025-07-28 07:00:00,0.0
2025-07-28 13:00:00,0.0
2025-07-28 19:00:00,0.0
2025-07-29 01:00:00,0.0
2025-07-29 07:00:00,0.0
2025-07-29 13:00:00,0.0
2025-07-29 19:00:00,0.0
2025-07-30 01:00:00,0.0
2025-07-30 07:00:00,0.0
2025-07-30 13:00:00,0.0
2025-07-30 19:00:00,0.0
2025-07-31 01:00:00,0.0
2025-07-31 07:00:00,0.0
2025-07-31 13:00:00,0.0
2025-07-31 19:00:00,0.0
2025-08-01 01:00:00,0.0
2025-08-01 07:00:00,0.0
2025-08-01 13:00:00,0.0
2025-08-01 19:00:00,0.0
2025-08-02 01:00:00,0.0
2025-08-02 07:00:00,0.0
2025-08-02 13:00:00,0.0
2025-08-02 19:00:00,0.0
2025-08-03 01:00:00,0.0
2025-08-03 07:00:00,0.0
2025-08-03 13:00:00,0.0
2025-08-03 19:00:00,0.0
2025-08-04 01:00:00,0.0
2025-08-04 07:00:00,0.0
2025-08-04 13:00:00,0.0
2025-08-04 19:00:00,0.0
2025-08-05 01:00:00,0.0
2025-08-05 07:00:00,0.0
2025-08-05 13:00:00,0.0
2025-08-05 19:00:00,0.0
2025-08-06 01:00:00,0.0
2025-08-06 07:00:00,0.0
2025-08-06 13:00:00,0.0
2025-08-06 19:00:00,0.0
2025-08-07 01:00:00,0.0
2025-08-07 07:00:00,0.0
2025-08-07 13:00:00,0.0
2025-08-07 19:00:00,0.0
2025-08-08 01:00:00,0.0
2025-08-08 07:00:00,0.0
2025-08-08 13:00:00,0.0
2025-08-08 19:00:00,0.0
2025-08-09 01:00:00,0.0
2025-08-09 07:00:00,0.0
2025-08-09 13:00:00,0.0
2025-08-09 19:00:00,0.0
2025-08-10 01:00:00,0.0
2025-08-10 07:00:00,0.0
2025-08-10 13:00:00,0.0
2025-08-10 19:00:00,0.0
2025-08-11 01:00:00,0.0
2025-08-11 07:00:00,0.0
2025-08-11 13:00:00,0.0
2025-08-11 19:00:00,0.0
2025-08-12 01:00:00,0.0
2025-08-12 07:00:00,0.0
2025-08-12 13:00:00,0.0
2025-08-12 19:00:00,0.0
2025-08-13 01:00:00,0.0
2025-08-13 07:00:00,0.0
2025-08-13 13:00:00,0.0
2025-08-13 19:00:00,0.0
2025-08-14 01:00:00,0.0
2025-08-14 07:00:00,0.0
2025-08-14 13:00:00,0.0
2025-08-14 19:00:00,0.0
2025-08-15 01:00:00,0.0
2025-08-15 07:00:00,0.0
2025-08-15 13:00:00,0.0
2025-08-15 19:00:00,0.0
2025-08-16 01:00:00,0.0
2025-08-16 07:00:00,0.0
2025-08-16 13:00:00,0.0
2025-08-16 19:00:00,0.0
2025-08-17 01:00:00,0.0
2025-08-17 07:00:00,0.0
2025-08-17 13:00:00,0.0
2025-08-17 19:00:00,0.0
2025-08-18 01:00:00,0.0
2025-08-18 07:00:00,0.0
2025-08-18 13:00:00,0.0
2025-08-18 19:00:00,0.0
2025-08-19 01:00:00,0.0
2025-08-19 07:00:00,0.0
2025-08-19 13:00:00,0.0
2025-08-19 19:00:00,0.0
2025-08-20 01:00:00,0.0
2025-08-20 07:00:00,0.0
2025-08-20 13:00:00,0.0
2025-08-20 19:00:00,0.0
2025-08-21 01:00:00,0.0
2025-08-21 07:00:00,0.0
2025-08-21 13:00:00,0.0
2025-08-21 19:00:00,0.0
2025-08-22 01:00:00,0.0
2025-08-22 07:00:00,0.0
2025-08-22 13:00:00,0.0
2025-08-22 19:00:00,0.0
2025-08-23 01:00:00,0.0
2025-08-23 07:00:00,0.0
2025-08-23 13:00:00,0.0
2025-08-23 19:00:00,0.0
2025-08-24 01:00:00,0.0
2025-08-24 07:00:00,0.0
2025-08-24 13:00:00,0.0
2025-08-24 19:00:00,0.0
2025-08-25 01:00:00,0.0
2025-08-25 07:00:00,0.0
2025-08-25 13:00:00,0.0
2025-08-25 19:00:00,0.0
2025-08-26 01:00:00,0.0
2025-08-26 07:00:00,0.0
2025-08-26 13:00:00,0.0
2025-08-26 19:00:00,0.0
2025-08-27 01:00:00,0.0
2025-08-27 07:00:00,0.0
2025-08-27 13:00:00,0.0
2025-08-27 19:00:00,0.0
2025-08-28 01:00:00,0.0
2025-08-28 07:00:00,0.0
2025-08-28 13:00:00,0.0
2025-08-28 19:00:00,0.0
2025-08-29 01:00:00,0.0
2025-08-29 07:00:00,0.0
2025-08-29 13:00:00,0.0
2025-08-29 19:00:00,0.0
2025-08-30 01:00:00,0.0
2025-08-30 07:00:00,0.0
2025-08-30 13:00:00,0.0
2025-08-30 19:00:00,0.0
2025-08-31 01:00:00,0.0
2025-08-31 07:00:00,0.0
2025-08-31 13:00:00,0.0
2025-08-31 19:00:00,0.0
2025-09-01 01:00:00,0.0
2025-09-01 07:00:00,0.0
2025-09-01 13:00:00,0.0
2025-09-01 19:00:00,0.0
2025-09-02 01:00:00,0.0
2025-09-02 07:00:00,0.0
2025-09-02 13:00:00,0.0
2025-09-02 19:00:00,0.0
2025-09-03 01:00:00,0.0
2025-09-03 07:00:00,0.0
2025-09-03 13:00:00,0.0
2025-09-03 19:00:00,0.0
2025-09-04 01:00:00,0.0
2025-09-04 07:00:00,0.0
2025-09-04 13:00:00,0.0
2025-09-04 19:00:00,0.0
2025-09-05 01:00:00,0.0
2025-09-05 07:00:00,0.0
2025-09-05 13:00:00,0.0
2025-09-05 19:00:00,0.0
2025-09-06 01:00:00,0.0
2025-09-06 07:00:00,0.0
2025-09-06 13:00:00,0.0
2025-09-06 19:00:00,0.0
2025-09-07 01:00:00,0.0
2025-09-07 07:00:00,0.0
2025-09-07 13:00:00,0.0
2025-09-07 19:00:00,0.0
2025-09-08 01:00:00,0.0
2025-09-08 07:00:00,0.0
2025-09-08 13:00:00,0.0
2025-09-08 19:00:00,0.0
2025-09-09 01:00:00,0.0
2025-09-09 07:00:00,0.0
2025-09-09 13:00:00,0.0
2025-09-09 19:00:00,0.0
2025-09-10 01:00:00,0.0
2025-09-10 07:00:00,0.0
2025-09-10 13:00:00,0.0
2025-09-10 19:00:00,0.0
2025-09-11 01:00:00,0.0
2025-09-11 07:00:00,0.0
2025-09-11 13:00:00,0.0
2025-09-11 19:00:00,0.0
2025-09-12 01:00:00,0.0
2025-09-12 07:00:00,0.0
2025-09-12 13:00:00,0.0
2025-09-12 19:00:00,0.0
2025-09-13 01:00:00,0.0
2025-09-13 07:00:00,0.0
2025-09-13 13:00:00,0.0
2025-09-13 19:00:00,0.0
2025-09-14 01:00:00,0.0
2025-09-14 07:00:00,0.0
2025-09-14 13:00:00,0.0
2025-09-14 19:00:00,0.0
2025-09-15 01:00:00,0.0
2025-09-15 07:00:00,0.0
2025-09-15 13:00:00,0.0
2025-09-17 01:00:00,0.0
2025-09-17 07:00:00,0.0
2025-09-17 13:00:00,0.0
2025-09-17 19:00:00,0.0
2025-09-18 01:00:00,0.0
2025-09-18 07:00:00,0.0
2025-09-18 13:00:00,0.0
2025-09-18 19:00:00,0.0
2025-09-19 01:00:00,0.0
2025-09-19 07:00:00,0.0
2025-09-19 13:00:00,0.0
2025-09-19 19:00:00,0.0
2025-09-20 01:00:00,0.0
2025-09-20 07:00:00,0.0
2025-09-20 13:00:00,0.0
2025-09-20 19:00:00,0.0
2025-09-21 01:00:00,0.0
2025-09-21 07:00:00,0.0
2025-09-21 13:00:00,0.0
2025-09-21 19:00:00,0.0
2025-09-22 01:00:00,0.0
2025-09-22 07:00:00,0.0
2025-09-22 13:00:00,0.0
2025-09-22 19:00:00,0.0
2025-09-23 01:00:00,0.0
2025-09-23 07:00:00,0.0
2025-09-23 13:00:00,0.0
2025-09-23 19:00:00,0.0
2025-09-24 01:00:00,0.0
2025-09-24 07:00:00,0.0
2025-09-24 13:00:00,0.0
2025-09-24 19:00:00,0.0
2025-09-25 01:00:00,0.0
2025-09-25 07:00:00,0.0
2025-09-25 13:00:00,0.0
2025-09-25 19:00:00,0.0
2025-09-26 01:00:00,0.0
2025-09-26 07:00:00,0.0
2025-09-26 13:00:00,0.0
2025-09-26 19:00:00,0.0
2025-09-27 01:00:00,0.0
2025-09-27 07:00:00,0.0
2025-09-27 13:00:00,0.0
2025-09-27 19:00:00,0.0
2025-09-28 01:00:00,0.0
2025-09-28 07:00:00,0.0
2025-09-28 13:00:00,0.0
2025-09-28 19:00:00,0.0
2025-09-29 01:00:00,0.0
2025-09-29 07:00:00,0.0
2025-09-29 13:00:00,0.0
2025-09-29 19:00:00,0.0
2025-09-30 01:00:00,0.0
2025-09-30 07:00:00,0.0
2025-09-30 13:00:00,0.0
2025-09-30 19:00:00,0.0
2025-10-01 01:00:00,0.0
2025-10-01 07:00:00,0.0
2025-10-01 13:00:00,0.0
2025-10-01 19:00:00,0.0
2025-10-02 01:00:00,0.0
2025-10-02 07:00:00,0.0
2025-10-02 13:00:00,0.0
2025-10-02 19:00:00,0.0
2025-10-03 01:00:00,0.0
2025-10-03 07:00:00,0.0
2025-10-03 13:00:00,0.0
2025-10-03 19:00:00,0.0
2025-10-04 01:00:00,0.0
2025-10-04 07:00:00,0.0
2025-10-04 13:00:00,0.0
2025-10-04 19:00:00,0.0
2025-10-05 01:00:00,0.0
2025-10-05 07:00:00,0.0
2025-10-05 13:00:00,0.0
2025-10-05 19:00:00,0.0
2025-10-06 01:00:00,0.0
2025-10-06 07:00:00,0.0
2025-10-06 13:00:00,0.0
2025-10-06 19:00:00,0.0
2025-10-07 01:00:00,0.0
2025-10-07 07:00:00,0.0
2025-10-07 13:00:00,0.0
2025-10-07 19:00:00,0.0
2025-10-08 01:00:00,0.0
2025-10-08 07:00:00,0.0
2025-10-08 13:00:00,0.0
2025-10-08 19:00:00,0.0
2025-10-09 01:00:00,0.0
2025-10-09 07:00:00,0.0
2025-10-09 13:00:00,0.0
2025-10-09 19:00:00,0.0
2025-10-10 01:00:00,0.0
2025-10-10 07:00:00,0.0
2025-10-10 13:00:00,0.0
2025-10-10 19:00:00,0.0
2025-10-11 01:00:00,0.0
2025-10-11 07:00:00,0.0
2025-10-11 13:00:00,0.0
2025-10-11 19:00:00,0.0
2025-10-12 01:00:00,0.0
2025-10-12 07:00:00,0.0
2025-10-12 13:00:00,0.0
2025-10-12 19:00:00,0.0
2025-10-13 01:00:00,0.0
2025-10-13 07:00:00,0.0
2025-10-13 13:00:00,0.0
2025-10-13 19:00:00,0.0
2025-10-14 01:00:00,0.0
2025-10-14 07:00:00,0.0
2025-10-14 13:00:00,0.0
2025-10-14 19:00:00,0.0
2025-10-15 01:00:00,0.0
2025-10-15 07:00:00,0.0
2025-10-15 13:00:00,0.0
2025-10-15 19:00:00,0.0
2025-10-16 01:00:00,0.0
2025-10-16 07:00:00,0.0
2025-10-16 13:00:00,0.0
2025-10-16 19:00:00,0.0
2025-10-17 01:00:00,0.0
2025-10-17 07:00:00,0.0
2025-10-17 13:00:00,0.0
2025-10-17 19:00:00,0.0
2025-10-18 01:00:00,0.0
2025-10-18 07:00:00,0.0
2025-10-18 13:00:00,0.0
2025-10-18 19:00:00,0.0
2025-10-19 01:00:00,0.0
2025-10-19 07:00:00,0.0
2025-10-19 13:00:00,0.0
2025-10-19 19:00:00,0.0
2025-10-20 01:00:00,0.0
2025-10-20 07:00:00,0.0
2025-10-20 13:00:00,0.0
2025-10-20 19:00:00,0.0
2025-10-21 01:00:00,0.0
2025-10-21 07:00:00,0.0
2025-10-21 13:00:00,0.0
2025-10-21 19:00:00,0.0
2025-10-22 01:00:00,0.0
2025-10-22 07:00:00,0.0
2025-10-22 13:00:00,0.0
2025-10-22 19:00:00,0.0
2025-10-23 01:00:00,0.0
2025-10-23 07:00:00,0.0
2025-10-23 13:00:00,0.0
2025-10-23 19:00:00,0.0
2025-10-24 01:00:00,0.0
2025-10-24 07:00:00,0.0
2025-10-24 13:00:00,0.0
2025-10-24 19:00:00,0.0
2025-10-25 01:00:00,0.0
2025-10-25 07:00:00,0.0
2025-10-25 13:00:00,0.0
2025-10-25 19:00:00,0.0
2025-10-26 01:00:00,0.0
2025-10-26 07:00:00,0.0
2025-10-26 13:00:00,0.0
2025-10-26 19:00:00,0.0
2025-10-27 01:00:00,0.0
2025-10-27 07:00:00,0.0
2025-10-27 13:00:00,0.0
2025-10-27 19:00:00,0.0
2025-10-28 01:00:00,0.0
2025-10-28 07:00:00,0.0
2025-10-28 13:00:00,0.0
2025-10-28 19:00:00,0.0
2025-10-29 01:00:00,0.0
2025-10-29 07:00:00,0.0
2025-10-29 13:00:00,0.0
2025-10-29 19:00:00,0.0
2025-10-30 01:00:00,0.0
2025-10-30 07:00:00,0.0
2025-10-30 13:00:00,0.0
2025-10-30 19:00:00,0.0
2025-10-31 01:00:00,0.0
2025-10-31 07:00:00,0.0
2025-10-31 13:00:00,0.0
2025-10-31 19:00:00,0.0
2025-11-01 01:00:00,0.0
2025-11-01 07:00:00,0.0
2025-11-01 13:00:00,0.0
2025-11-01 19:00:00,0.0
2025-11-02 01:00:00,0.0
2025-11-02 07:00:00,0.0
2025-11-02 13:00:00,0.0
2025-11-02 19:00:00,0.0
2025-11-03 01:00:00,0.0
2025-11-03 07:00:00,0.0
2025-11-03 13:00:00,0.0
2025-11-03 19:00:00,0.0
2025-11-04 01:00:00,0.0
2025-11-04 07:00:00,0.0
2025-11-04 13:00:00,0.0
2025-11-04 19:00:00,0.0
2025-11-05 01:00:00,0.0
2025-11-05 07:00:00,0.0
2025-11-05 13:00:00,0.0
2025-11-05 19:00:00,0.0
2025-11-06 01:00:00,0.0
2025-11-06 07:00:00,0.0
2025-11-06 13:00:00,0.0
2025-11-06 19:00:00,0.0
2025-11-07 01:00:00,0.0
2025-11-07 07:00:00,0.0
2025-11-07 13:00:00,0.0
2025-11-07 19:00:00,0.0
2025-11-08 01:00:00,0.0
2025-11-08 07:00:00,0.0
2025-11-08 13:00:00,0.0
2025-11-08 19:00:00,0.0
2025-11-09 01:00:00,0.0
2025-11-09 07:00:00,0.0
2025-11-09 13:00:00,0.0
2025-11-09 19:00:00,0.0
2025-11-10 01:00:00,0.0
2025-11-10 07:00:00,0.0
2025-11-10 13:00:00,0.0
2025-11-10 19:00:00,0.0
2025-11-11 01:00:00,0.0
2025-11-11 07:00:00,0.0
2025-11-11 13:00:00,0.0
2025-11-11 19:00:00,0.0
2025-11-12 01:00:00,0.0
2025-11-12 07:00:00,0.0
2025-11-12 13:00:00,0.0
2025-11-12 19:00:00,0.0
2025-11-13 01:00:00,0.0
2025-11-13 07:00:00,0.0
2025-11-13 13:00:00,0.0
2025-11-13 19:00:00,0.0
2025-11-14 01:00:00,0.0
2025-11-14 07:00:00,0.0
2025-11-14 13:00:00,0.0
2025-11-14 19:00:00,0.0
2025-11-15 01:00:00,0.0
2025-11-15 07:00:00,0.0
2025-11-15 13:00:00,0.0
2025-11-15 19:00:00,0.0
2025-11-16 01:00:00,0.0
2025-11-16 07:00:00,0.0
2025-11-16 13:00:00,0.0
2025-11-16 19:00:00,0.0
2025-11-17 01:00:00,0.0
2025-11-17 07:00:00,0.0
2025-11-17 13:00:00,0.0
2025-11-17 19:00:00,0.0
2025-11-18 01:00:00,0.0
2025-11-18 07:00:00,0.0
2025-11-18 13:00:00,0.0
2025-11-18 19:00:00,0.0
2025-11-19 01:00:00,0.0
2025-11-19 07:00:00,0.0
2025-11-19 13:00:00,0.0
2025-11-19 19:00:00,0.0
2025-11-20 01:00:00,0.0
2025-11-20 07:00:00,0.0
2025-11-20 13:00:00,0.0
2025-11-20 19:00:00,0.0
2025-11-21 01:00:00,0.0
2025-11-21 07:00:00,0.0
2025-11-21 13:00:00,0.0
2025-11-21 19:00:00,0.0
2025-11-22 01:00:00,0.0
2025-11-22 07:00:00,0.0
2025-11-22 13:00:00,0.0
2025-11-22 19:00:00,0.0
2025-11-23 01:00:00,0.0
2025-11-23 07:00:00,0.0
2025-11-23 13:00:00,0.0
2025-11-23 19:00:00,0.0
2025-11-24 01:00:00,0.0
2025-11-24 07:00:00,0.0
2025-11-24 13:00:00,0.0
2025-11-24 19:00:00,0.0
2025-11-25 01:00:00,0.0
2025-11-25 07:00:00,0.0
2025-11-25 13:00:00,0.0
2025-11-25 19:00:00,0.0
2025-11-26 01:00:00,0.0
2025-11-26 07:00:00,0.0
2025-11-26 13:00:00,0.0
2025-11-26 19:00:00,0.0
2025-11-27 01:00:00,0.0
2025-11-27 07:00:00,0.0
2025-11-27 13:00:00,0.0
2025-11-27 19:00:00,0.0
2025-11-28 01:00:00,0.0
2025-11-28 07:00:00,0.0
2025-11-28 13:00:00,0.0
2025-11-28 19:00:00,0.0
2025-11-29 01:00:00,0.0
2025-11-29 07:00:00,0.0
2025-11-29 13:00:00,0.0
2025-11-29 19:00:00,0.0
2025-11-30 01:00:00,0.0
2025-11-30 07:00:00,0.0
2025-11-30 13:00:00,0.0
2025-11-30 19:00:00,0.0
2025-12-01 01:00:00,0.0
2025-12-01 07:00:00,0.0
2025-12-01 13:00:00,0.0
2025-12-01 19:00:00,0.0
2025-12-02 01:00:00,0.0
2025-12-02 07:00:00,0.0
2025-12-02 13:00:00,0.0
2025-12-02 19:00:00,0.0
2025-12-03 01:00:00,0.0
2025-12-03 07:00:00,0.0
2025-12-03 13:00:00,0.0
2025-12-03 19:00:00,0.0
2025-12-04 01:00:00,0.0
2025-12-04 07:00:00,0.0
2025-12-04 13:00:00,0.0
2025-12-04 19:00:00,0.0
2025-12-05 01:00:00,0.0
2025-12-05 07:00:00,0.0
2025-12-05 13:00:00,0.0
2025-12-05 19:00:00,0.0
2025-12-06 01:00:00,0.0
2025-12-06 07:00:00,0.0
2025-12-06 13:00:00,0.0
2025-12-06 19:00:00,0.0
2025-12-07 01:00:00,0.0
2025-12-07 07:00:00,0.0
2025-12-07 13:00:00,0.0
2025-12-07 19:00:00,0.0
2025-12-08 01:00:00,0.0
2025-12-08 07:00:00,0.0
2025-12-08 13:00:00,0.0
2025-12-08 19:00:00,0.0
2025-12-09 01:00:00,0.0
2025-12-09 07:00:00,0.0
2025-12-09 13:00:00,0.0
2025-12-09 19:00:00,0.0
2025-12-10 01:00:00,0.0
2025-12-10 07:00:00,0.0
2025-12-10 13:00:00,0.0
2025-12-10 19:00:00,0.0
2025-12-11 01:00:00,0.0
2025-12-11 07:00:00,0.0
2025-12-11 13:00:00,0.0
2025-12-11 19:00:00,0.0
2025-12-12 01:00:00,0.0
2025-12-12 07:00:00,0.0
2025-12-12 13:00:00,0.0
2025-12-12 19:00:00,0.0
2025-12-13 01:00:00,0.0
2025-12-13 07:00:00,0.0
2025-12-13 13:00:00,0.0
2025-12-13 19:00:00,0.0
2025-12-14 01:00:00,0.0
2025-12-14 07:00:00,0.0
2025-12-14 13:00:00,0.0
2025-12-14 19:00:00,0.0
2025-12-15 01:00:00,0.0
2025-12-15 07:00:00,0.0
2025-12-15 13:00:00,0.0
2025-12-15 19:00:00,0.0
2025-12-16 01:00:00,0.0
2025-12-16 07:00:00,0.0
2025-12-16 13:00:00,0.0
2025-12-16 19:00:00,0.0
2025-12-17 01:00:00,0.0
2025-12-17 07:00:00,0.0
2025-12-17 13:00:00,0.0
2025-12-17 19:00:00,0.0
2025-12-18 01:00:00,0.0
2025-12-18 07:00:00,0.0
2025-12-18 13:00:00,0.0
2025-12-18 19:00:00,0.0
2025-12-19 01:00:00,0.0
2025-12-19 07:00:00,0.0
2025-12-19 13:00:00,0.0
2025-12-19 19:00:00,0.0
2025-12-20 01:00:00,0.0
2025-12-20 07:00:00,0.0
2025-12-20 13:00:00,0.0
2025-12-20 19:00:00,0.0
2025-12-21 01:00:00,0.0
2025-12-21 07:00:00,0.0
2025-12-21 13:00:00,0.0
2025-12-21 19:00:00,0.0
2025-12-22 01:00:00,0.0
2025-12-22 07:00:00,0.0
2025-12-22 13:00:00,0.0
2025-12-22 19:00:00,0.0
2025-12-23 01:00:00,0.0
2025-12-23 07:00:00,0.0
2025-12-23 13:00:00,0.0
2025-12-23 19:00:00,0.0
2025-12-24 01:00:00,0.0
2025-12-24 07:00:00,0.0
2025-12-24 13:00:00,0.0
2025-12-24 19:00:00,0.0
2025-12-25 01:00:00,0.0
2025-12-25 07:00:00,0.0
2025-12-25 13:00:00,0.0
2025-12-25 19:00:00,0.0
2025-12-26 01:00:00,0.0
2025-12-26 07:00:00,0.0
2025-12-26 13:00:00,0.0
2025-12-26 19:00:00,0.0
2025-12-27 01:00:00,0.0
2025-12-27 07:00:00,0.0
2025-12-27 13:00:00,0.0
2025-12-27 19:00:00,0.0
2025-12-28 01:00:00,0.0
2025-12-28 07:00:00,0.0
2025-12-28 13:00:00,0.0
2025-12-28 19:00:00,0.0
2025-12-29 01:00:00,0.0
2025-12-29 07:00:00,0.0
2025-12-29 13:00:00,0.0
2025-12-29 19:00:00,0.0
2025-12-30 01:00:00,0.0
2025-12-30 07:00:00,0.0
2025-12-30 13:00:00,0.0
2025-12-30 19:00:00,0.0
2025-12-31 01:00:00,0.0
2025-12-31 07:00:00,0.0
2025-12-31 13:00:00,0.0
2025-12-31 19:00:00,0.0
2026-01-01 01:00:00,0.0
2026-01-01 07:00:00,0.0
2026-01-01 13:00:00,0.0
2026-01-01 19:00:00,0.0
2026-01-02 01:00:00,0.0
2026-01-02 07:00:00,0.0
2026-01-02 13:00:00,0.0
2026-01-02 19:00:00,0.0
2026-01-03 01:00:00,0.0
2026-01-03 07:00:00,0.0
2026-01-03 13:00:00,0.0
2026-01-03 19:00:00,0.0
2026-01-04 01:00:00,0.0
2026-01-04 07:00:00,0.0
2026-01-04 13:00:00,0.0
2026-01-04 19:00:00,0.0
2026-01-05 01:00:00,0.0
2026-01-05 07:00:00,0.0
2026-01-05 13:00:00,0.0
2026-01-05 19:00:00,0.0
2026-01-06 01:00:00,0.0
2026-01-06 07:00:00,0.0
2026-01-06 13:00:00,0.0
2026-01-06 19:00:00,0.0
2026-01-07 01:00:00,0.0
2026-01-07 07:00:00,0.0
2026-01-07 13:00:00,0.0
2026-01-07 19:00:00,0.0
2026-01-08 01:00:00,0.0
2026-01-08 07:00:00,0.0
2026-01-08 13:00:00,0.0
2026-01-08 19:00:00,0.0
2026-01-09 01:00:00,0.0
2026-01-09 07:00:00,0.0
2026-01-09 13:00:00,0.0
2026-01-09 19:00:00,0.0
2026-01-10 01:00:00,0.0
2026-01-10 07:00:00,0.0
2026-01-10 13:00:00,0.0
2026-01-10 19:00:00,0.0
2026-01-11 01:00:00,0.0
2026-01-11 07:00:00,0.0
2026-01-11 13:00:00,0.0
2026-01-11 19:00:00,0.0
2026-01-12 01:00:00,0.0
2026-01-12 07:00:00,0.0
2026-01-12 13:00:00,0.0
2026-01-12 19:00:00,0.0
2026-01-13 01:00:00,0.0
2026-01-13 07:00:00,0.0
2026-01-13 13:00:00,0.0
2026-01-13 19:00:00,0.0
2026-01-14 01:00:00,0.0
2026-01-14 07:00:00,0.0
2026-01-14 13:00:00,0.0
2026-01-14 19:00:00,0.0
2026-01-15 01:00:00,0.0
2026-01-15 07:00:00,0.0
2026-01-15 13:00:00,0.0
2026-01-15 19:00:00,0.0
2026-01-16 01:00:00,0.0
2026-01-16 07:00:00,0.0
2026-01-16 13:00:00,0.0
2026-01-16 19:00:00,0.0
2026-01-17 01:00:00,0.0
2026-01-17 07:00:00,0.0
2026-01-17 13:00:00,0.0
2026-01-17 19:00:00,0.0
2026-01-18 01:00:00,0.0
2026-01-18 07:00:00,0.0
2026-01-18 13:00:00,0.0
2026-01-18 19:00:00,0.0
2026-01-19 01:00:00,0.0
2026-01-19 07:00:00,0.0
2026-01-19 13:00:00,0.0
2026-01-19 19:00:00,0.0
2026-01-20 01:00:00,0.0
2026-01-20 07:00:00,0.0
2026-01-20 13:00:00,0.0
2026-01-20 19:00:00,0.0
2026-01-21 01:00:00,0.0
2026-01-21 07:00:00,0.0
2026-01-21 13:00:00,0.0
2026-01-21 19:00:00,0.0
2026-01-22 01:00:00,0.0
2026-01-22 07:00:00,0.0
2026-01-22 13:00:00,0.0
2026-01-22 19:00:00,0.0
2026-01-23 01:00:00,0.0
2026-01-23 07:00:00,0.0
2026-01-23 13:00:00,0.0
2026-01-23 19:00:00,0.0
2026-01-24 01:00:00,0.0
2026-01-24 07:00:00,0.0
2026-01-24 13:00:00,0.0
2026-01-24 19:00:00,0.0
2026-01-25 01:00:00,0.0
2026-01-25 07:00:00,0.0
2026-01-25 13:00:00,0.0
2026-01-25 19:00:00,0.0
2026-01-26 01:00:00,0.0
2026-01-26 07:00:00,0.0
2026-01-26 13:00:00,0.0
2026-01-26 19:00:00,0.0
2026-01-27 01:00:00,0.0
2026-01-27 07:00:00,0.0
2026-01-27 13:00:00,0.0
2026-01-27 19:00:00,0.0
2026-01-28 01:00:00,0.0
2026-01-28 07:00:00,0.0
2026-01-28 13:00:00,0.0
2026-01-28 19:00:00,0.0
2026-01-29 01:00:00,0.0
2026-01-29 07:00:00,0.0
2026-01-29 13:00:00,0.0
2026-01-29 19:00:00,0.0
2026-01-30 01:00:00,0.0
2026-01-30 07:00:00,0.0
2026-01-30 13:00:00,0.0
2026-01-30 19:00:00,0.0
2026-01-31 01:00:00,0.0
2026-01-31 07:00:00,0.0
2026-01-31 13:00:00,0.0
2026-01-31 19:00:00,0.0
2026-02-01 01:00:00,0.0
2026-02-01 07:00:00,0.0
2026-02-01 13:00:00,0.0
2026-02-01 19:00:00,0.0
2026-02-02 01:00:00,0.0
2026-02-02 07:00:00,0.0
2026-02-02 13:00:00,0.0
2026-02-02 19:00:00,0.0
2026-02-03 01:00:00,0.0
2026-02-03 07:00:00,0.0
2026-02-03 13:00:00,0.0
2026-02-03 19:00:00,0.0
2026-02-04 01:00:00,0.0
2026-02-04 07:00:00,0.0
2026-02-04 13:00:00,0.0
2026-02-04 19:00:00,0.0
2026-02-05 01:00:00,0.0
2026-02-05 07:00:00,0.0
2026-02-05 13:00:00,0.0
2026-02-05 19:00:00,0.0
2026-02-06 01:00:00,0.0
2026-02-06 07:00:00,0.0
2026-02-06 13:00:00,0.0
2026-02-06 19:00:00,0.0
2026-02-07 01:00:00,0.0
2026-02-07 07:00:00,0.0
2026-02-07 13:00:00,0.0
2026-02-07 19:00:00,0.0
2026-02-08 01:00:00,0.0
2026-02-08 07:00:00,0.0
2026-02-08 13:00:00,0.0
2026-02-08 19:00:00,0.0
2026-02-09 01:00:00,0.0
2026-02-09 07:00:00,0.0
2026-02-09 13:00:00,0.0
2026-02-09 19:00:00,0.0
2026-02-10 01:00:00,0.0
2026-02-10 07:00:00,0.0
2026-02-10 13:00:00,0.0
2026-02-10 19:00:00,0.0
2026-02-11 01:00:00,0.0
2026-02-11 07:00:00,0.0
2026-02-11 13:00:00,0.0
2026-02-11 19:00:00,0.0
2026-02-12 01:00:00,0.0
2026-02-12 07:00:00,0.0
2026-02-12 13:00:00,0.0
2026-02-12 19:00:00,0.0
2026-02-13 01:00:00,0.0
2026-02-13 07:00:00,0.0
2026-02-13 13:00:00,0.0
2026-02-13 19:00:00,0.0
2026-02-14 01:00:00,0.0
2026-02-14 07:00:00,0.0
2026-02-14 13:00:00,0.0
2026-02-14 19:00:00,0.0
2026-02-15 01:00:00,0.0
2026-02-15 07:00:00,0.0
2026-02-15 13:00:00,0.0
2026-02-15 19:00:00,0.0
2026-02-16 01:00:00,0.0
2026-02-16 07:00:00,0.0
2026-02-16 13:00:00,0.0
2026-02-16 19:00:00,0.0
2026-02-17 01:00:00,0.0
2026-02-17 07:00:00,0.0
2026-02-17 13:00:00,0.0
2026-02-17 19:00:00,0.0
2026-02-18 01:00:00,0.0
2026-02-18 07:00:00,0.0
2026-02-18 13:00:00,0.0
2026-02-18 19:00:00,0.0
2026-02-19 01:00:00,0.0
2026-02-19 07:00:00,0.0
2026-02-19 13:00:00,0.0
2026-02-19 19:00:00,0.0
2026-02-20 01:00:00,0.0
2026-02-20 07:00:00,0.0
2026-02-20 13:00:00,0.0
2026-02-20 19:00:00,0.0
2026-02-21 01:00:00,0.0
2026-02-21 07:00:00,0.0
2026-02-21 13:00:00,0.0
2026-02-21 19:00:00,0.0
2026-02-22 01:00:00,0.0
2026-02-22 07:00:00,0.0
2026-02-22 13:00:00,0.0
2026-02-22 19:00:00,0.0
2026-02-23 01:00:00,0.0
2026-02-23 07:00:00,0.0
2026-02-23 13:00:00,0.0
2026-02-23 19:00:00,0.0
2026-02-24 01:00:00,0.0
2026-02-24 07:00:00,0.0
2026-02-24 13:00:00,0.0
2026-02-24 19:00:00,0.0
2026-02-25 01:00:00,0.0
2026-02-25 07:00:00,0.0
2026-02-25 13:00:00,0.0
2026-02-25 19:00:00,0.0
2026-02-26 01:00:00,0.0
2026-02-26 07:00:00,0.0
2026-02-26 13:00:00,0.0
2026-02-26 19:00:00,0.0
2026-02-27 01:00:00,0.0
2026-02-27 07:00:00,0.0
2026-02-27 13:00:00,0.0
2026-02-27 19:00:00,0.0
2026-02-28 01:00:00,0.0
2026-02-28 07:00:00,0.0
2026-02-28 13:00:00,0.0
2026-02-28 19:00:00,0.0
2026-03-01 01:00:00,0.0
2026-03-01 07:00:00,0.0
2026-03-01 13:00:00,0.0
2026-03-01 19:00:00,0.0
2026-03-02 01:00:00,0.0
2026-03-02 07:00:00,0.0
2026-03-02 13:00:00,0.0
2026-03-02 19:00:00,0.0
2026-03-03 01:00:00,0.0
2026-03-03 07:00:00,0.0
2026-03-03 13:00:00,0.0
2026-03-03 19:00:00,0.0
2026-03-04 01:00:00,0.0
2026-03-04 07:00:00,0.0
2026-03-04 13:00:00,0.0
2026-03-04 19:00:00,0.0
2026-03-05 01:00:00,0.0
2026-03-05 07:00:00,0.0
2026-03-05 13:00:00,0.0
2026-03-05 19:00:00,0.0
2026-03-06 01:00:00,0.0
2026-03-06 07:00:00,0.0
2026-03-06 13:00:00,0.0
2026-03-06 19:00:00,0.0
2026-03-07 01:00:00,0.0
2026-03-07 07:00:00,0.0
2026-03-07 13:00:00,0.0
2026-03-07 19:00:00,0.0
2026-03-08 01:00:00,0.0
2026-03-08 07:00:00,0.0
2026-03-08 13:00:00,0.0
2026-03-08 19:00:00,0.0
2026-03-09 01:00:00,0.0
2026-03-09 07:00:00,0.0
2026-03-09 13:00:00,0.0
2026-03-09 19:00:00,0.0
2026-03-10 01:00:00,0.0
2026-03-10 07:00:00,0.0
2026-03-10 13:00:00,0.0
2026-03-10 19:00:00,0.0
2026-03-11 01:00:00,0.0
2026-03-11 07:00:00,0.0
2026-03-11 13:00:00,0.0
2026-03-11 19:00:00,0.0
2026-03-12 01:00:00,0.0
2026-03-12 07:00:00,0.0
2026-03-12 13:00:00,0.0
2026-03-12 19:00:00,0.0
2026-03-13 01:00:00,0.0
2026-03-13 07:00:00,0.0
2026-03-13 13:00:00,0.0
2026-03-13 19:00:00,0.0
2026-03-14 01:00:00,0.0
2026-03-14 07:00:00,0.0
2026-03-14 13:00:00,0.0
2026-03-14 19:00:00,0.0
2026-03-15 01:00:00,0.0
2026-03-15 07:00:00,0.0
2026-03-15 13:00:00,0.0
2026-03-15 19:00:00,0.0
2026-03-16 01:00:00,0.0
2026-03-16 07:00:00,0.0
2026-03-16 13:00:00,0.0
2026-03-16 19:00:00,0.0
2026-03-17 01:00:00,0.0
2026-03-17 07:00:00,0.0
2026-03-17 13:00:00,0.0
2026-03-17 19:00:00,0.0
2026-03-18 01:00:00,0.0
2026-03-18 07:00:00,0.0
2026-03-18 13:00:00,0.0
2026-03-18 19:00:00,0.0
2026-03-19 01:00:00,0.0
2026-03-19 07:00:00,0.0
2026-03-19 13:00:00,0.0
2026-03-19 19:00:00,0.0
2026-03-20 01:00:00,0.0
2026-03-20 07:00:00,0.0
2026-03-20 13:00:00,0.0
2026-03-20 19:00:00,0.0
2026-03-21 01:00:00,0.0
2026-03-21 07:00:00,0.0
2026-03-21 13:00:00,0.0
2026-03-21 19:00:00,0.0
2026-03-22 01:00:00,0.0
2026-03-22 07:00:00,0.0
2026-03-22 13:00:00,0.0
2026-03-22 19:00:00,0.0
2026-03-23 01:00:00,0.0
2026-03-23 07:00:00,0.0
2026-03-23 13:00:00,0.0
2026-03-23 19:00:00,0.0
2026-03-24 01:00:00,0.0
2026-03-24 07:00:00,0.0
2026-03-24 13:00:00,0.0
2026-03-24 19:00:00,0.0
2026-03-25 01:00:00,0.0
2026-03-25 07:00:00,0.0
2026-03-25 13:00:00,0.0
2026-03-25 19:00:00,0.0
2026-03-26 01:00:00,0.0
2026-03-26 07:00:00,0.0
2026-03-26 13:00:00,0.0
2026-03-26 19:00:00,0.0
2026-03-27 01:00:00,0.0
2026-03-27 07:00:00,0.0
2026-03-27 13:00:00,0.0
2026-03-27 19:00:00,0.0
2026-03-28 01:00:00,0.0
2026-03-28 07:00:00,0.0
2026-03-28 13:00:00,0.0
2026-03-28 19:00:00,0.0
2026-03-29 01:00:00,0.0
2026-03-29 07:00:00,0.0
2026-03-29 13:00:00,0.0
2026-03-29 19:00:00,0.0
2026-03-30 01:00:00,0.0
2026-03-30 07:00:00,0.0
2026-03-30 13:00:00,0.0
2026-03-30 19:00:00,0.0
2026-03-31 01:00:00,0.0
2026-03-31 07:00:00,0.0
2026-03-31 13:00:00,0.0
2026-03-31 19:00:00,0.0
2026-04-01 01:00:00,0.0
2026-04-01 07:00:00,0.0
2026-04-01 13:00:00,0.0
2026-04-01 19:00:00,0.0
2026-04-02 01:00:00,0.0
2026-04-02 07:00:00,0.0
2026-04-02 13:00:00,0.0
2026-04-02 19:00:00,0.0
2026-04-03 01:00:00,0.0
2026-04-03 07:00:00,0.0
2026-04-03 13:00:00,0.0
2026-04-03 19:00:00,0.0
2026-04-04 01:00:00,0.0
2026-04-04 07:00:00,0.0
2026-04-04 13:00:00,0.0
2026-04-04 19:00:00,0.0
2026-04-05 01:00:00,0.0
2026-04-05 07:00:00,0.0
2026-04-05 13:00:00,0.0
2026-04-05 19:00:00,0.0
2026-04-06 01:00:00,0.0
2026-04-06 07:00:00,0.0
2026-04-06 13:00:00,0.0
2026-04-06 19:00:00,0.0
2026-04-07 01:00:00,0.0
2026-04-07 07:00:00,0.0
2026-04-07 13:00:00,0.0
2026-04-07 19:00:00,0.0
2026-04-08 01:00:00,0.0
2026-04-08 07:00:00,0.0
2026-04-08 13:00:00,0.0
2026-04-08 19:00:00,0.0
2026-04-09 01:00:00,0.0
2026-04-09 07:00:00,0.0
2026-04-09 13:00:00,0.0
2026-04-09 19:00:00,0.0
2026-04-10 01:00:00,0.0
2026-04-10 07:00:00,0.0
2026-04-10 13:00:00,0.0
2026-04-10 19:00:00,0.0
2026-04-11 01:00:00,0.0
2026-04-11 07:00:00,0.0
2026-04-11 13:00:00,0.0
2026-04-11 19:00:00,0.0
2026-04-12 01:00:00,0.0
2026-04-12 07:00:00,0.0
2026-04-12 13:00:00,0.0
2026-04-12 19:00:00,0.0
2026-04-13 01:00:00,0.0
2026-04-13 07:00:00,0.0
2026-04-13 13:00:00,0.0
2026-04-13 19:00:00,0.0
2026-04-14 01:00:00,0.0
2026-04-14 07:00:00,0.0
2026-04-14 13:00:00,0.0
2026-04-14 19:00:00,0.0
2026-04-15 01:00:00,0.0
2026-04-15 07:00:00,0.0
2026-04-15 13:00:00,0.0
2026-04-15 19:00:00,0.0
2026-04-16 01:00:00,0.0
2026-04-16 07:00:00,0.0
2026-04-16 13:00:00,0.0
2026-04-16 19:00:00,0.0
2026-04-17 01:00:00,0.0
2026-04-17 07:00:00,0.0
2026-04-17 13:00:00,0.0
2026-04-17 19:00:00,0.0
2026-04-18 01:00:00,0.0
2026-04-18 07:00:00,0.0
2026-04-18 13:00:00,0.0
2026-04-18 19:00:00,0.0
2026-04-19 01:00:00,0.0
2026-04-19 07:00:00,0.0
2026-04-19 13:00:00,0.0
2026-04-19 19:00:00,0.0
2026-04-20 01:00:00,0.0
2026-04-20 07:00:00,0.0
2026-04-20 13:00:00,0.0
2026-04-20 19:00:00,0.0
2026-04-21 01:00:00,0.0
2026-04-21 07:00:00,0.0
2026-04-21 13:00:00,0.0
2026-04-21 19:00:00,0.0
2026-04-22 01:00:00,0.0
2026-04-22 07:00:00,0.0
2026-04-22 13:00:00,0.0
2026-04-22 19:00:00,0.0
2026-04-23 01:00:00,0.0
2026-04-23 07:00:00,0.0
2026-04-23 13:00:00,0.0
2026-04-23 19:00:00,0.0
2026-04-24 01:00:00,0.0
2026-04-24 07:00:00,0.0
2026-04-24 13:00:00,0.0
2026-04-24 19:00:00,0.0
2026-04-25 01:00:00,0.0
2026-04-25 07:00:00,0.0
2026-04-25 13:00:00,0.0
2026-04-25 19:00:00,0.0
2026-04-26 01:00:00,0.0
2026-04-26 07:00:00,0.0
2026-04-26 13:00:00,0.0
2026-04-26 19:00:00,0.0
2026-04-27 01:00:00,0.0
2026-04-27 07:00:00,0.0
2026-04-27 13:00:00,0.0
2026-04-27 19:00:00,0.0
2026-04-28 01:00:00,0.0
2026-04-28 07:00:00,0.0
2026-04-28 13:00:00,0.0
2026-04-28 19:00:00,0.0
2026-04-29 01:00:00,0.0
2026-04-29 07:00:00,0.0
2026-04-29 13:00:00,0.0
2026-04-29 19:00:00,0.0
2026-04-30 01:00:00,0.0
2026-04-30 07:00:00,0.0
2026-04-30 13:00:00,0.0
2026-04-30 19:00:00,0.0
2026-05-01 01:00:00,0.0
2026-05-01 07:00:00,0.0
2026-05-01 13:00:00,0.0
2026-05-01 19:00:00,0.0
2026-05-02 01:00:00,0.0
2026-05-02 07:00:00,0.0
2026-05-02 13:00:00,0.0
2026-05-02 19:00:00,0.0
2026-05-03 01:00:00,0.0
2026-05-03 07:00:00,0.0
2026-05-03 13:00:00,0.0
2026-05-03 19:00:00,0.0
2026-05-04 01:00:00,0.0
2026-05-04 07:00:00,0.0
2026-05-04 13:00:00,0.0
2026-05-04 19:00:00,0.0
2026-05-05 01:00:00,0.0
2026-05-05 07:00:00,0.0
2026-05-05 13:00:00,0.0
2026-05-05 19:00:00,0.0
2026-05-06 01:00:00,0.0
2026-05-06 07:00:00,0.0
2026-05-06 13:00:00,0.0
2026-05-06 19:00:00,0.0
2026-05-07 01:00:00,0.0
2026-05-07 07:00:00,0.0
2026-05-07 13:00:00,0.0
2026-05-07 19:00:00,0.0
2026-05-08 01:00:00,0.0
2026-05-08 07:00:00,0.0
2026-05-08 13:00:00,0.0
2026-05-08 19:00:00,0.0
2026-05-09 01:00:00,0.0
2026-05-09 07:00:00,0.0
2026-05-09 13:00:00,0.0
2026-05-09 19:00:00,0.0
2026-05-10 01:00:00,0.0
2026-05-10 07:00:00,0.0
2026-05-10 13:00:00,0.0
2026-05-10 19:00:00,0.0
2026-05-11 01:00:00,0.0
2026-05-11 07:00:00,0.0
2026-05-11 13:00:00,0.0
2026-05-11 19:00:00,0.0
2026-05-12 01:00:00,0.0
2026-05-12 07:00:00,0.0
2026-05-12 13:00:00,0.0
2026-05-12 19:00:00,0.0
2026-05-13 01:00:00,0.0
2026-05-13 07:00:00,0.0
2026-05-13 13:00:00,0.0
2026-05-13 19:00:00,0.0
2026-05-14 01:00:00,0.0
2026-05-14 07:00:00,0.0
2026-05-14 13:00:00,0.0
2026-05-14 19:00:00,0.0
2026-05-15 01:00:00,0.0
2026-05-15 07:00:00,0.0
2026-05-15 13:00:00,0.0
2026-05-15 19:00:00,0.0
2026-05-16 01:00:00,0.0
2026-05-16 07:00:00,0.0
2026-05-16 13:00:00,0.0
2026-05-16 19:00:00,0.0
2026-05-17 01:00:00,0.0
2026-05-17 07:00:00,0.0
2026-05-17 13:00:00,0.0
2026-05-17 19:00:00,0.0
2026-05-18 01:00:00,0.0
2026-05-18 07:00:00,0.0
2026-05-18 13:00:00,0.0
2026-05-18 19:00:00,0.0
2026-05-19 01:00:00,0.0
2026-05-19 07:00:00,0.0
2026-05-19 13:00:00,0.0
2026-05-19 19:00:00,0.0
2026-05-20 01:00:00,0.0
2026-05-20 07:00:00,0.0
2026-05-20 13:00:00,0.0
2026-05-20 19:00:00,0.0
2026-05-21 01:00:00,0.0
2026-05-21 07:00:00,0.0
2026-05-21 13:00:00,0.0
2026-05-21 19:00:00,0.0
2026-05-22 01:00:00,0.0
2026-05-22 07:00:00,0.0
2026-05-22 13:00:00,0.0
2026-05-22 19:00:00,0.0
2026-05-23 01:00:00,0.0
2026-05-23 07:00:00,0.0
2026-05-23 13:00:00,0.0
2026-05-23 19:00:00,0.0
2026-05-24 01:00:00,0.0
2026-05-24 07:00:00,0.0
2026-05-24 13:00:00,0.0
2026-05-24 19:00:00,0.0
2026-05-25 01:00:00,0.0
2026-05-25 07:00:00,0.0
2026-05-25 13:00:00,0.0
2026-05-25 19:00:00,0.0
2026-05-26 01:00:00,0.0
2026-05-26 07:00:00,0.0
2026-05-26 13:00:00,0.0
2026-05-26 19:00:00,0.0
2026-05-27 01:00:00,0.0
2026-05-27 07:00:00,0.0
2026-05-27 13:00:00,0.0
2026-05-27 19:00:00,0.0
2026-05-28 01:00:00,0.0
2026-05-28 07:00:00,0.0
2026-05-28 13:00:00,0.0
2026-05-28 19:00:00,0.0
2026-05-29 01:00:00,0.0
2026-05-29 07:00:00,0.0
2026-05-29 13:00:00,0.0
2026-05-29 19:00:00,0.0
2026-05-30 01:00:00,0.0
2026-05-30 07:00:00,0.0
2026-05-30 13:00:00,0.0
2026-05-30 19:00:00,0.0
2026-05-31 01:00:00,0.0
2026-05-31 07:00:00,0.0
2026-05-31 13:00:00,0.0
2026-05-31 19:00:00,0.0
2026-06-01 01:00:00,0.0
2026-06-01 07:00:00,0.0
2026-06-01 13:00:00,0.0
2026-06-01 19:00:00,0.0
2026-06-02 01:00:00,0.0
2026-06-02 07:00:00,0.0
2026-06-02 13:00:00,0.0
2026-06-02 19:00:00,0.0
2026-06-03 01:00:00,0.0
2026-06-03 07:00:00,0.0
2026-06-03 13:00:00,0.0
2026-06-03 19:00:00,0.0
2026-06-04 01:00:00,0.0
2026-06-04 07:00:00,0.0
2026-06-04 13:00:00,0.0
2026-06-04 19:00:00,0.0
2026-06-05 01:00:00,0.0
2026-06-05 07:00:00,0.0
2026-06-05 13:00:00,0.0
2026-06-05 19:00:00,0.0
2026-06-06 01:00:00,0.0
2026-06-06 07:00:00,0.0
2026-06-06 13:00:00,0.0
2026-06-06 19:00:00,0.0
2026-06-07 01:00:00,0.0
2026-06-07 07:00:00,0.0
2026-06-07 13:00:00,0.0
2026-06-07 19:00:00,0.0
2026-06-08 01:00:00,0.0
2026-06-08 07:00:00,0.0
2026-06-08 13:00:00,0.0
2026-06-08 19:00:00,0.0
2026-06-09 01:00:00,0.0
2026-06-09 07:00:00,0.0
2026-06-09 13:00:00,0.0
2026-06-09 19:00:00,0.0
2026-06-10 01:00:00,0.0
2026-06-10 07:00:00,0.0
2026-06-10 13:00:00,0.0
2026-06-10 19:00:00,0.0
2026-06-11 01:00:00,0.0
2026-06-11 07:00:00,0.0
2026-06-11 13:00:00,0.0
2026-06-11 19:00:00,0.0
2026-06-12 01:00:00,0.0
2026-06-12 07:00:00,0.0
2026-06-12 13:00:00,0.0
2026-06-12 19:00:00,0.0
2026-06-13 01:00:00,0.0
2026-06-13 07:00:00,0.0
2026-06-13 13:00:00,0.0
2026-06-13 19:00:00,0.0
2026-06-14 01:00:00,0.0
2026-06-14 07:00:00,0.0
2026-06-14 13:00:00,0.0
2026-06-14 19:00:00,0.0
2026-06-15 01:00:00,0.0
2026-06-15 07:00:00,0.0
2026-06-15 13:00:00,0.0
2026-06-15 19:00:00,0.0
2026-06-16 01:00:00,0.0
2026-06-16 07:00:00,0.0
2026-06-16 13:00:00,0.0
2026-06-16 19:00:00,0.0
2026-06-17 01:00:00,0.0
2026-06-17 07:00:00,0.0
2026-06-17 13:00:00,0.0
2026-06-17 19:00:00,0.0
2026-06-18 01:00:00,0.0
2026-06-18 07:00:00,0.0
2026-06-18 13:00:00,0.0
2026-06-18 19:00:00,0.0
2026-06-19 01:00:00,0.0
2026-06-19 07:00:00,0.0
2026-06-19 13:00:00,0.0
2026-06-19 19:00:00,0.0
2026-06-20 01:00:00,0.0
2026-06-20 07:00:00,0.0
2026-06-20 13:00:00,0.0
2026-06-20 19:00:00,0.0
2026-06-21 01:00:00,0.0
2026-06-21 07:00:00,0.0
2026-06-21 13:00:00,0.0
2026-06-21 19:00:00,0.0
2026-06-22 01:00:00,0.0
2026-06-22 07:00:00,0.0
2026-06-22 13:00:00,0.0
2026-06-22 19:00:00,0.0
2026-06-23 01:00:00,0.0
2026-06-23 07:00:00,0.0
2026-06-23 13:00:00,0.0
2026-06-23 19:00:00,0.0
2026-06-24 01:00:00,0.0
2026-06-24 07:00:00,0.0
2026-06-24 13:00:00,0.0
2026-06-24 19:00:00,0.0
2026-06-25 01:00:00,0.0
2026-06-25 07:00:00,0.0
2026-06-25 13:00:00,0.0
2026-06-25 19:00:00,0.0
2026-06-26 01:00:00,0.0
2026-06-26 07:00:00,0.0
2026-06-26 13:00:00,0.0
2026-06-26 19:00:00,0.0
2026-06-27 01:00:00,0.0
2026-06-27 07:00:00,0.0
2026-06-27 13:00:00,0.0
2026-06-27 19:00:00,0.0
2026-06-28 01:00:00,0.0
2026-06-28 07:00:00,0.0
2026-06-28 13:00:00,0.0
2026-06-28 19:00:00,0.0
2026-06-29 01:00:00,0.0
2026-06-29 07:00:00,0.0
2026-06-29 13:00:00,0.0
2026-06-29 19:00:00,0.0
2026-06-30 01:00:00,0.0
2026-06-30 07:00:00,0.0
2026-06-30 13:00:00,0.0
2026-06-30 19:00:00,0.0
2026-07-01 01:00:00,0.0
2026-07-01 07:00:00,0.0
2026-07-01 13:00:00,0.0
2026-07-01 19:00:00,0.0
2026-07-02 01:00:00,0.0
2026-07-02 07:00:00,0.0
2026-07-02 13:00:00,0.0
2026-07-02 19:00:00,0.0
2026-07-03 01:00:00,0.0
2026-07-03 07:00:00,0.0
2026-07-03 13:00:00,0.0
2026-07-03 19:00:00,0.0
2026-07-04 01:00:00,0.0
2026-07-04 07:00:00,0.0
2026-07-04 13:00:00,0.0
2026-07-04 19:00:00,0.0
2026-07-05 01:00:00,0.0
2026-07-05 07:00:00,0.0
2026-07-05 13:00:00,0.0
2026-07-05 19:00:00,0.0
2026-07-06 01:00:00,0.0
2026-07-06 07:00:00,0.0
2026-07-06 13:00:00,0.0
2026-07-06 19:00:00,0.0
2026-07-11 07:00:00,0.0
2026-07-11 13:00:00,0.0
2026-07-11 19:00:00,0.0
2026-07-12 01:00:00,0.0
2026-07-12 07:00:00,0.0
2026-07-12 13:00:00,0.0
2026-07-12 19:00:00,0.0
2026-07-13 01:00:00,0.0
2026-07-13 07:00:00,0.0
2026-07-13 13:00:00,0.0
2026-07-13 19:00:00,0.0
2026-07-14 01:00:00,0.0
2026-07-14 07:00:00,0.0
2026-07-14 13:00:00,0.0
2026-07-14 19:00:00,0.0
2026-07-15 01:00:00,0.0
2026-07-15 07:00:00,0.0
2026-07-15 13:00:00,0.0
2026-07-15 19:00:00,0.0
2026-07-16 01:00:00,0.0
2026-07-16 07:00:00,0.0
2026-07-16 13:00:00,0.0
2026-07-16 19:00:00,0.0
2026-07-17 01:00:00,0.0
2026-07-17 07:00:00,0.0
2026-07-17 13:00:00,0.0
2026-07-17 19:00:00,0.0
2026-07-18 01:00:00,0.0
2026-07-18 07:00:00,0.0
2026-07-18 13:00:00,0.0
2026-07-18 19:00:00,0.0
2026-07-19 01:00:00,0.0
2026-07-19 07:00:00,0.0
2026-07-19 13:00:00,0.0
2026-07-19 19:00:00,0.0
2026-07-20 01:00:00,0.0
2026-07-20 07:00:00,0.0
2026-07-20 13:00:00,0.0
2026-07-20 19:00:00,0.0
2026-07-21 01:00:00,0.0
2026-07-21 07:00:00,0.0
2026-07-21 13:00:00,0.0
2026-07-21 19:00:00,0.0
2026-07-22 01:00:00,0.0
2026-07-22 07:00:00,0.0
2026-07-22 13:00:00,0.0
2026-07-22 19:00:00,0.0
2026-07-23 01:00:00,0.0
2026-07-23 07:00:00,0.0
2026-07-23 13:00:00,0.0
2026-07-23 19:00:00,0.0
2026-07-24 01:00:00,0.0
2026-07-24 07:00:00,0.0
2026-07-24 13:00:00,0.0
2026-07-24 19:00:00,0.0
2026-07-25 01:00:00,0.0
2026-07-25 07:00:00,0.0
2026-07-25 13:00:00,0.0
2026-07-25 19:00:00,0.0
2026-07-26 01:00:00,0.0
2026-07-26 07:00:00,0.0
2026-07-26 13:00:00,0.0
2026-07-26 19:00:00,0.0
2026-07-27 01:00:00,0.0
2026-07-27 07:00:00,0.0
2026-07-27 13:00:00,0.0
2026-07-27 19:00:00,0.0
2026-07-28 01:00:00,0.0
2026-07-28 07:00:00,0.0
2026-07-28 13:00:00,0.0
2026-07-28 19:00:00,0.0
2026-07-29 01:00:00,0.0
2026-07-29 07:00:00,0.0
2026-07-29 13:00:00,0.0
2026-07-29 19:00:00,0.0
2026-07-30 01:00:00,0.0
2026-07-30 07:00:00,0.0
2026-07-30 13:00:00,0.0
2026-07-30 19:00:00,0.0
2026-07-31 01:00:00,0.0
2026-07-31 07:00:00,0.0
2026-07-31 13:00:00,0.0
2026-07-31 19:00:00,0.0
2026-08-01 01:00:00,0.0
2026-08-01 07:00:00,0.0
2026-08-01 13:00:00,0.0
2026-08-01 19:00:00,0.0
2026-08-02 01:00:00,0.0
2026-08-02 07:00:00,0.0
2026-08-02 13:00:00,0.0
2026-08-02 19:00:00,0.0
2026-08-03 01:00:00,0.0
2026-08-03 07:00:00,0.0
2026-08-03 13:00:00,0.0
2026-08-03 19:00:00,0.0
2026-08-04 01:00:00,0.0
2026-08-04 07:00:00,0.0
2026-08-04 13:00:00,0.0
2026-08-04 19:00:00,0.0
2026-08-05 01:00:00,0.0
2026-08-05 07:00:00,0.0
2026-08-05 13:00:00,0.0
2026-08-05 19:00:00,0.0
2026-08-06 01:00:00,0.0
2026-08-06 07:00:00,0.0
2026-08-06 13:00:00,0.0
2026-08-06 19:00:00,0.0
2026-08-07 01:00:00,0.0
2026-08-07 07:00:00,0.0
2026-08-07 13:00:00,0.0
2026-08-07 19:00:00,0.0
2026-08-08 01:00:00,0.0
2026-08-08 07:00:00,0.0
2026-08-08 13:00:00,0.0
2026-08-08 19:00:00,0.0
2026-08-09 01:00:00,0.0
2026-08-09 07:00:00,0.0
2026-08-09 13:00:00,0.0
2026-08-09 19:00:00,0.0
2026-08-10 01:00:00,0.0
2026-08-10 07:00:00,0.0
2026-08-10 13:00:00,1.0
2026-08-10 19:00:00,0.0
2026-08-11 01:00:00,0.0
2026-08-11 07:00:00,0.0
2026-08-11 13:00:00,0.0
2026-08-11 19:00:00,0.0
2026-08-12 01:00:00,0.0
2026-08-12 07:00:00,0.0
2026-08-12 13:00:00,1.0
2026-08-12 19:00:00,1.0
2026-08-13 01:00:00,0.0
2026-08-13 07:00:00,0.0
2026-08-13 13:00:00,1.0
2026-08-13 19:00:00,0.0
2026-08-14 01:00:00,0.0
2026-08-14 07:00:00,0.0
2026-08-14 13:00:00,0.0
2026-08-14 19:00:00,1.0
2026-08-15 01:00:00,0.0
2026-08-15 07:00:00,0.0
2026-08-15 13:00:00,0.0
2026-08-15 19:00:00,0.0
2026-08-16 01:00:00,0.0
2026-08-16 07:00:00,0.0
2026-08-16 13:00:00,0.0
2026-08-16 19:00:00,0.0
2026-08-17 01:00:00,0.0
2026-08-17 07:00:00,0.0
2026-08-17 13:00:00,0.0
2026-08-17 19:00:00,0.0
2026-08-18 01:00:00,0.0
2026-08-18 07:00:00,0.0
2026-08-18 13:00:00,0.0
2026-08-18 19:00:00,0.0
2026-08-19 01:00:00,0.0
2026-08-19 07:00:00,0.0
2026-08-19 13:00:00,0.0
2026-08-19 19:00:00,0.0
2026-08-20 01:00:00,0.0
2026-08-20 07:00:00,0.0
2026-08-20 13:00:00,0.0
2026-08-20 19:00:00,1.0
2026-08-21 01:00:00,0.0
2026-08-21 07:00:00,0.0
2026-08-21 13:00:00,1.0
2026-08-21 19:00:00,1.0
2026-08-22 01:00:00,0.0
2026-08-22 07:00:00,0.0
2026-08-22 13:00:00,1.0
2026-08-22 19:00:00,0.0
2026-08-23 01:00:00,0.0
2026-08-23 07:00:00,0.0
2026-08-23 13:00:00,0.0
2026-08-23 19:00:00,0.0
2026-08-24 01:00:00,0.0
2026-08-24 07:00:00,0.0
2026-08-24 13:00:00,0.0
2026-08-24 19:00:00,0.0
2026-08-25 01:00:00,0.0
2026-08-25 07:00:00,0.0
2026-08-25 13:00:00,1.0
2026-08-25 19:00:00,0.0
2026-08-26 01:00:00,0.0
2026-08-26 07:00:00,0.0
2026-08-26 13:00:00,0.0
2026-08-26 19:00:00,0.0
2026-08-27 01:00:00,0.0
2026-08-27 07:00:00,0.0
2026-08-27 13:00:00,1.0
2026-08-27 19:00:00,0.0
2026-08-28 01:00:00,0.0
2026-08-28 07:00:00,0.0
2026-08-28 13:00:00,1.0
2026-08-28 19:00:00,0.0
2026-08-29 01:00:00,0.0
2026-08-29 07:00:00,0.0
2026-08-29 13:00:00,1.0
2026-08-29 19:00:00,1.0
2026-08-30 01:00:00,0.0
2026-08-30 07:00:00,0.0
2026-08-30 13:00:00,0.0
2026-08-30 19:00:00,0.0
2026-08-31 01:00:00,0.0
2026-08-31 07:00:00,0.0
2026-08-31 13:00:00,1.0
2026-08-31 19:00:00,0.0
2026-09-01 01:00:00,0.0
2026-09-01 07:00:00,0.0
2026-09-01 13:00:00,1.0
2026-09-01 19:00:00,0.0
2026-09-02 01:00:00,0.0
2026-09-02 07:00:00,0.0
2026-09-02 13:00:00,0.0
2026-09-02 19:00:00,0.0
2026-09-03 01:00:00,0.0
2026-09-03 07:00:00,0.0
2026-09-03 13:00:00,0.0
2026-09-03 19:00:00,0.0
2026-09-04 01:00:00,0.0
2026-09-04 07:00:00,0.0
2026-09-04 13:00:00,0.0
2026-09-04 19:00:00,0.0
2026-09-05 01:00:00,0.0
2026-09-05 07:00:00,0.0
2026-09-05 13:00:00,1.0
2026-09-05 19:00:00,0.0
2026-09-06 01:00:00,0.0
2026-09-06 07:00:00,0.0
2026-09-06 13:00:00,1.0
2026-09-06 19:00:00,0.0
2026-09-07 01:00:00,0.0
2026-09-07 07:00:00,0.0
2026-09-07 13:00:00,0.0
2026-09-07 19:00:00,0.0
2026-09-08 01:00:00,0.0
2026-09-08 07:00:00,0.0
2026-09-08 13:00:00,0.0
2026-09-08 19:00:00,0.0
2026-09-09 01:00:00,0.0
2026-09-09 07:00:00,0.0
2026-09-09 13:00:00,0.0
2026-09-09 19:00:00,0.0
2026-09-10 01:00:00,0.0
2026-09-10 07:00:00,0.0
2026-09-10 13:00:00,0.0
2026-09-10 19:00:00,0.0
2026-09-11 01:00:00,0.0
2026-09-11 07:00:00,0.0
2026-09-11 13:00:00,0.0
2026-09-11 19:00:00,0.0
2026-09-12 01:00:00,0.0
2026-09-12 07:00:00,0.0
2026-09-12 13:00:00,0.0
2026-09-12 19:00:00,0.0
2026-09-13 01:00:00,0.0
2026-09-13 07:00:00,0.0
2026-09-13 13:00:00,0.0
2026-09-13 19:00:00,0.0
2026-09-14 01:00:00,0.0
2026-09-14 07:00:00,0.0
2026-09-14 13:00:00,0.0
2026-09-14 19:00:00,0.0
2026-09-15 01:00:00,0.0
2026-09-15 07:00:00,0.0
2026-09-15 13:00:00,0.0
2026-09-15 19:00:00,0.0
2026-09-16 01:00:00,0.0
2026-09-16 07:00:00,0.0
2026-09-16 13:00:00,0.0
2026-09-16 19:00:00,0.0
2026-09-17 01:00:00,0.0
2026-09-17 07:00:00,0.0
2026-09-17 13:00:00,0.0
2026-09-17 19:00:00,0.0
2026-09-18 01:00:00,0.0
2026-09-18 07:00:00,0.0
