H,n,n_events(>20k),NSE_persist_Qend,NSE_A_vsQend,MAE_A_vsQend,evMAE_A,evRecall_A,NSE_B_vsQend,MAE_B_vsQend,evMAE_B,evRecall_B,NSE_C_vsQend,MAE_C_vsQend,evMAE_C,evRecall_C,NSE_D_vsQend,MAE_D_vsQend,evMAE_D,evRecall_D,NSE_E_vsQend,MAE_E_vsQend,evMAE_E,evRecall_E,evMAE_persist,evRecall_persist,NSE_A_vsOwnTruth,NSE_persist_smoothed_vsOwn,n_onset,NSE_D_vsOwnTruth,onset_meanPred_persist,onset_meanTruth,onset_meanPred_A,onset_recall20k_A,onset_meanPred_B,onset_recall20k_B,onset_meanPred_C,onset_recall20k_C,onset_meanPred_D,onset_recall20k_D,onset_meanPred_E,onset_recall20k_E
1,1029,58,0.6899682402792349,0.5601310695362549,4424.5468296495965,24494.16356128057,0.7586206896551724,0.6426359919964298,4479.857855022503,18903.830934154288,0.7586206896551724,0.6390842446230409,4533.611761931707,18670.097440704558,0.7068965517241379,0.49412737447043553,4745.613503857107,21724.982502642666,0.7241379310344828,0.6390160180563402,4551.291813560671,19140.50184242233,0.7413793103448276,17720.861407229106,0.7241379310344828,0.6071462733365811,0.6267777739972489,0,0.6179557401878326,,,,,,,,,,,,
2,1024,59,0.5785704088633744,0.42569747580826245,5181.1073852569325,26353.042223634366,0.6101694915254238,0.45228861431936784,5220.0310568577515,23819.008765443246,0.6949152542372882,0.5109439324155829,4859.517433901026,23761.115833607004,0.7288135593220338,0.4597049201149894,5016.200345745514,24872.27084023147,0.711864406779661,0.521066831361483,4876.099409725034,23853.614343428428,0.7457627118644068,23890.4305181148,0.711864406779661,0.39711296414786135,0.5232589767319342,2,0.4220992593859183,273.87481905418826,77837.54259503524,5214.691206678006,0.0,3251.8374028690405,0.0,3349.6214338809596,0.0,4595.5801966073195,0.0,6379.737966201794,0.0
3,1025,58,0.5409565492528765,0.23903755817691097,5375.80350991773,27866.884777204064,0.6724137931034483,0.26455052371276244,5600.777157608049,25069.822618325197,0.7068965517241379,0.339549802607474,5250.425473062852,25387.06583142918,0.7241379310344828,0.3591824449573051,5305.537656818847,26762.502650653714,0.6724137931034483,0.37875023993900236,5161.82721059197,26465.011105938283,0.7241379310344828,24926.533641763835,0.6896551724137931,0.18729963454228837,0.49131349725791973,3,0.30352021786253247,1215.326394318694,84167.71487052488,3810.0793947012667,0.0,3899.3820323016184,0.0,1564.4206494122318,0.0,5960.306249059774,0.0,6186.066977433425,0.0
4,1027,58,0.5551441441927358,0.27400032187593704,5245.273317585881,26909.24657312388,0.6379310344827587,0.3632673792905633,5094.96724273953,22825.20780745992,0.7068965517241379,0.20003025994701407,5518.688978581999,28291.472587347664,0.7068965517241379,0.2186404372813321,5544.766838220293,28134.03278449322,0.7241379310344828,0.2664046266777904,5381.330105167793,27392.85426149963,0.6724137931034483,25987.746815624723,0.7068965517241379,0.27867664773087064,0.5311275032335626,3,0.21881286436439074,1032.7431816159017,84167.71487052488,1954.2379303328507,0.0,98.2214640225299,0.0,1630.9156764252045,0.0,5175.049932152139,0.0,2941.22670428711,0.0
5,1020,57,0.43127673019058865,0.18745147979310273,6596.984103094001,32617.129701771468,0.5263157894736842,0.2287977387739072,6844.35691839897,28076.983763940476,0.6491228070175439,0.06804972823390887,6802.101778129326,31128.081884055246,0.6140350877192983,0.1333584163407605,6895.197235775164,34638.74289965436,0.47368421052631576,0.14560486656211313,6723.531682547803,31712.586292895892,0.5263157894736842,30367.293137787645,0.6666666666666666,0.17464719917922145,0.40948330659816834,2,0.13040602989346284,488.2488913767618,83294.65276352363,14777.68267173438,0.5,11227.814492398018,0.5,10412.62102522963,0.0,12765.813824530562,0.0,9324.309022700474,0.0
6,1016,59,0.3453419868265899,0.07601834790364081,7405.766689460275,36492.960862924425,0.3220338983050847,0.1255307522267265,7552.210867878729,31905.83427002921,0.4576271186440678,0.07091983629155985,7344.76786376028,35482.4177016231,0.3220338983050847,0.04564894650408291,7525.740277245164,37530.98271176768,0.3220338983050847,0.062040340324217014,7381.067155102719,36972.034741756965,0.3050847457627119,33023.317714862445,0.6271186440677966,0.06635136511935336,0.2685278997832601,3,0.03919160053126958,91.6537169512559,88510.54689990515,6125.549077840148,0.0,2761.893401058034,0.0,5758.244948766605,0.0,5441.896252549226,0.0,6465.020764512084,0.0
7,1016,58,0.24403584806281975,-0.002873317257808372,7294.757647223805,37977.86310704254,0.3620689655172414,0.05165602428063276,7752.230490472437,35424.140726361285,0.39655172413793105,-0.06877363702572326,7656.50401547945,38197.56229038179,0.27586206896551724,-0.10917529540542015,7902.219554209287,39034.09882853593,0.29310344827586204,-0.05757009985966177,7731.413308625274,38325.86308548441,0.3448275862068966,38494.219385170894,0.603448275862069,-0.039945792828042004,0.1792887443469623,6,-0.13333415606048415,2682.3707436589316,88340.56418607367,6571.5416678724005,0.0,8457.630232813544,0.16666666666666666,5619.831775790563,0.0,6032.4898219112365,0.0,8502.998283825647,0.16666666666666666
8,1017,55,0.2020781499812373,0.08507273248451197,7238.240596978135,37703.36373659886,0.36363636363636365,0.09270903530383667,7135.948960739646,35020.34675971683,0.43636363636363634,-0.22490297857730468,8808.975841954567,40422.654429842405,0.2909090909090909,-0.2580190439489829,8747.577750730334,40170.32668755086,0.36363636363636365,-0.13213055389602735,8097.371399260986,40394.878826881446,0.36363636363636365,40617.057986080115,0.6,0.04445152344087844,0.11454084841254475,5,-0.31077223562685674,1934.8747719143423,107848.21492042598,10324.183661555518,0.2,2799.917036628308,0.0,7829.2484010160215,0.0,6294.429339886739,0.0,3714.711460117156,0.0
9,1013,58,0.06791192516658273,-0.1613656130917025,8505.544463492119,39377.728849025996,0.3275862068965517,-0.012765316259671478,8140.416207013115,36478.82660557511,0.3793103448275862,-0.2689199949075831,9038.963508269986,41424.03081376673,0.22413793103448276,-0.253774114892223,8903.99531746356,39674.809315751976,0.27586206896551724,-0.14386067917444945,8849.497812667525,39352.37208927677,0.3103448275862069,43422.969294608956,0.5172413793103449,-0.18569253594022395,-0.002790981382262414,6,-0.27437282612156544,1890.0787203386833,104081.7290903344,8568.080104008879,0.0,7424.106609875801,0.0,7142.6380100280085,0.0,8592.685364287596,0.0,10106.579533523662,0.0
10,1008,59,-0.04930808459783931,-0.15145317381963208,7901.09014374118,40832.74276115656,0.3220338983050847,-0.09613118484339545,7883.789181009896,38756.45272445771,0.3559322033898305,-0.328550867550109,9020.98238961558,42524.93436233559,0.2542372881355932,-0.28680249261538493,8963.335055658757,41791.003104838645,0.2711864406779661,-0.17547194406957378,8343.157674368606,42195.45767556582,0.3220338983050847,45326.92787570352,0.4915254237288136,-0.15557417718272926,-0.132603152580544,8,-0.2958310042327721,2542.693915236676,108480.51886325706,11728.338228054852,0.125,8240.380985312178,0.125,7730.771835702277,0.125,11341.990624183909,0.125,7956.525387130376,0.125
11,1007,57,-0.10837753051363475,-0.15181821577829546,7444.023162640229,44780.55413832085,0.3333333333333333,-0.15962080687249203,8228.947799276486,41287.14600995886,0.40350877192982454,-0.4260918838059782,9423.27479064173,46362.026356816474,0.2631578947368421,-0.24684861403296066,8535.525805869413,45304.46273185628,0.2807017543859649,-0.2697332924823004,8560.105840242992,45029.455509668594,0.2982456140350877,48588.27384457592,0.47368421052631576,-0.14450801780966804,-0.1947467419057407,10,-0.24168330805057137,3619.092203606865,102239.6715520721,9748.145171111197,0.2,8710.204532332056,0.2,6483.913804658744,0.1,8115.170531909363,0.1,6670.360059799903,0.1
12,1009,56,-0.10403378154710796,-0.3277549420564161,8298.699859036467,44596.51067718903,0.30357142857142855,-0.1772378078849446,7811.02817586672,40811.315489999964,0.39285714285714285,-0.31476660882607455,9103.922972192684,43389.37338565201,0.2857142857142857,-0.3136187550512999,8833.87145345058,44352.30731640764,0.2857142857142857,-0.2749665438561286,8660.757831059957,44639.2541993889,0.30357142857142855,48932.856775527056,0.4642857142857143,-0.3459429188608878,-0.2196790229830523,8,-0.32661904131457775,2320.5846335196024,117281.3957270007,5983.940544893818,0.0,5491.172818862302,0.0,4588.423988690084,0.0,5118.3698403707,0.0,4245.014370890999,0.0
