H,n,n_events(>20k),NSE_persist_Qend,NSE_A_vsQend,MAE_A_vsQend,evMAE_A,evRecall_A,NSE_B_vsQend,MAE_B_vsQend,evMAE_B,evRecall_B,NSE_C_vsQend,MAE_C_vsQend,evMAE_C,evRecall_C,NSE_D_vsQend,MAE_D_vsQend,evMAE_D,evRecall_D,NSE_E_vsQend,MAE_E_vsQend,evMAE_E,evRecall_E,evMAE_persist,evRecall_persist,NSE_A_vsOwnTruth,NSE_persist_smoothed_vsOwn,n_onset,onset_meanPred_persist,onset_meanTruth,onset_meanPred_A,onset_recall20k_A,onset_meanPred_B,onset_recall20k_B,onset_meanPred_C,onset_recall20k_C,onset_meanPred_D,onset_recall20k_D,onset_meanPred_E,onset_recall20k_E,NSE_D_vsOwnTruth
1,1055,68,0.3489199587552466,0.4346621343000121,5222.981505875952,29741.50272522939,0.6470588235294118,0.36380949813989916,5580.633792609624,25908.531050856483,0.6470588235294118,0.396860264631102,5567.777845667834,25485.293307178574,0.6176470588235294,0.2625583903655392,5884.0504650470175,28088.771873658894,0.6323529411764706,0.342703689259814,5800.619205196597,26022.2747240477,0.6176470588235294,25125.000300132226,0.6176470588235294,0.5286661639791996,0.4888250416683617,7,1204.0829164850527,83587.63857758945,10069.17781325111,0.14285714285714285,3767.8791213213417,0.0,4524.436459801808,0.0,8658.089599241168,0.14285714285714285,4903.226994731537,0.0,0.44222734907372774
2,1053,68,0.2803474607920411,0.35897552609502703,5875.46091257471,30450.60667647906,0.5882352941176471,0.2920509375046062,6096.998083736122,28309.317666007933,0.6176470588235294,0.345672991015775,5744.054560178333,28494.3078561078,0.6176470588235294,0.3612911543970382,5841.138587595478,30035.431660273796,0.6176470588235294,0.3460239179708964,5666.578204266065,28314.18731606474,0.6323529411764706,29897.83610257652,0.6176470588235294,0.35311691610838036,0.377096930058216,8,1480.6828634348856,84691.55970415557,11842.3754798083,0.25,9428.441234987826,0.0,7155.363774605895,0.0,9114.628876065944,0.125,9554.005108768954,0.0,0.35507616635178363
3,1051,68,0.23961775442277944,0.19570609994216748,6115.506933875447,32261.66314572426,0.5294117647058824,0.1245015126251875,6477.104435458474,30208.78649564375,0.6470588235294118,0.2334938018197913,6014.351909173062,30712.66466070169,0.6029411764705882,0.3013106637301348,5924.1393983179505,30668.892301300813,0.6470588235294118,0.26098079695259735,5898.960426971299,30967.110407957953,0.6029411764705882,31071.552267060135,0.5882352941176471,0.180167485018775,0.3670062125346909,9,752.2985562398333,86040.05967274986,8741.970417488783,0.1111111111111111,5207.99401212085,0.0,5003.226990339633,0.0,8776.75888554923,0.2222222222222222,8536.07321285294,0.0,0.2859860529251259
4,1049,68,0.4133133216586976,0.2639742071687582,5787.649008135919,30172.26453076322,0.5882352941176471,0.26779718372884864,5883.385614561089,27606.102131050073,0.6323529411764706,0.20549702138892956,5941.149517151851,30798.038084683572,0.6617647058823529,0.2269296651709678,5943.377465270885,30880.6242260588,0.6764705882352942,0.21434962864002138,6067.2178265767225,30853.245512915015,0.6323529411764706,29896.605767626723,0.6764705882352942,0.2801138741626161,0.49191438954489697,5,1244.4365354641711,83283.0867055008,4912.32541103793,0.0,1617.6082257014648,0.0,1979.7330347293816,0.0,3679.4622797227958,0.0,2711.066694826567,0.0,0.2392554290490645
5,1047,68,0.16532623156049087,0.09491383578217738,7674.296013032532,37327.53718043342,0.4117647058823529,0.06538046575688516,7837.866525165998,33589.90935657149,0.5735294117647058,0.030563801982029126,7512.924652202414,36292.85798690684,0.4852941176470588,0.0970941462201943,7600.104330746021,37685.34049360464,0.4411764705882353,0.06488872295922887,7260.48913327751,37188.272138227236,0.47058823529411764,36308.58008236066,0.5735294117647058,0.10154025122645627,0.29956576972609106,9,2133.532743872636,83522.53061890817,7768.35012749563,0.2222222222222222,5960.614304119538,0.2222222222222222,8351.712262489618,0.1111111111111111,8179.608363876229,0.2222222222222222,6731.942265797964,0.2222222222222222,0.10389865373271312
6,1045,68,0.08734635701716709,0.06623602851775812,7852.503984493395,39454.48795645624,0.36764705882352944,0.014578103062223846,8318.217866537652,34926.14420726282,0.4852941176470588,0.031089197676454905,8106.935309828394,38098.31997542823,0.3382352941176471,0.040860471743686344,7941.083038360647,39874.54110181875,0.3235294117647059,0.0013245752104502628,8066.5231305301795,39465.848764718,0.27941176470588236,37672.38827282658,0.5441176470588235,0.060607365404171665,0.14425721784660883,8,1156.395198930254,91921.0988959614,4739.83463378759,0.0,3389.992277082071,0.0,5651.359827298908,0.0,3913.066898440291,0.0,5406.994946433073,0.0,0.038429147512633266
7,1043,68,-0.012774771603667245,0.0075183444871889105,8071.6676814170505,39510.90428659536,0.3235294117647059,-0.020741068111422623,8251.924137442158,39439.39958488541,0.35294117647058826,-0.05030323106334311,8137.297154646092,40430.103012161286,0.23529411764705882,-0.08857349220771393,8389.114545834633,40833.81385542076,0.3088235294117647,-0.09181451886450742,8730.48248545579,41105.58652385373,0.3088235294117647,42558.718155567796,0.5147058823529411,-0.0356775009853485,0.09068509398023883,12,1363.972402331847,87658.39812996802,7993.055470853012,0.08333333333333333,6072.537230796098,0.08333333333333333,6693.334099954419,0.0,7051.354288493741,0.08333333333333333,6329.0744965984095,0.08333333333333333,-0.13131129893446758
8,1041,68,0.1387759584652899,0.08011581247366129,7755.4758940204265,38251.1262181255,0.38235294117647056,0.05401004888702032,8080.378708094337,37411.81785297659,0.4264705882352941,-0.1936972608023646,9480.184761333841,40389.566557253456,0.3382352941176471,-0.15260444357227065,8859.578364967381,40845.40517513997,0.29411764705882354,-0.09284882985443055,8851.964444758776,39773.96888415086,0.3382352941176471,41807.444743888955,0.5735294117647058,0.03534033788921698,0.09834176281405993,7,2630.973305583218,100005.20268889605,5887.782141426258,0.0,5836.895500035273,0.0,7977.000356475662,0.0,7680.73896143252,0.0,5677.055555293254,0.0,-0.2259302103461478
9,1039,68,-0.12676249365944003,-0.13822855563089886,9025.473384080786,41642.36016440074,0.29411764705882354,-0.11406245139817583,8951.706911404037,39784.00457368254,0.36764705882352944,-0.2894360432510583,10038.264751829473,43627.51835274271,0.25,-0.22861621395074172,9570.012720337996,42766.59414745307,0.2647058823529412,-0.15973129997666047,9519.111360848316,41970.78625820442,0.3088235294117647,47059.84623207503,0.45588235294117646,-0.17738572353462922,-0.06989257130195425,12,1905.0731175294532,95528.98058209836,7574.262165734229,0.0,6419.260398584328,0.0,6611.82888178614,0.0,6973.68320663521,0.0,7928.779447726144,0.08333333333333333,-0.27866857592609984
10,1037,68,-0.2487000539750004,-0.1237056458662309,8407.138849901114,43585.658079289235,0.3088235294117647,-0.21772607894877893,8807.969020940924,41328.713938269226,0.36764705882352944,-0.26318920329675355,9541.353857004879,44460.83993440672,0.25,-0.2171180420819656,9457.77069826694,44065.11315245257,0.23529411764705882,-0.19699110795257946,9107.924512927024,43918.978084659575,0.29411764705882354,48460.91007173771,0.4264705882352941,-0.14096876931290425,-0.22495483448135056,14,1903.841675572634,99264.39595351648,9596.024931997455,0.07142857142857142,8231.938612875709,0.07142857142857142,7450.836428520866,0.07142857142857142,11324.066776887845,0.07142857142857142,8775.571928956428,0.07142857142857142,-0.25016670878140146
11,1035,68,-0.3038441057681507,-0.09973798814156831,8083.528870009218,45442.71484697226,0.27941176470588236,-0.21109626403290638,8919.254518183932,42675.67498793398,0.36764705882352944,-0.3337875464715869,9701.831771372925,46394.798794976785,0.25,-0.20040406337211847,8767.137900313634,46412.50681368251,0.29411764705882354,-0.2504666679830265,9320.857319256645,45487.03473999969,0.3235294117647059,50871.33232213479,0.39705882352941174,-0.10771914937468963,-0.27373206264560856,16,2694.145288748812,96515.88174774343,9441.238664338387,0.0625,8824.221829922864,0.125,7296.717894825453,0.0625,7769.398644524081,0.0625,7153.541644537435,0.0625,-0.22203010554035818
12,1033,68,-0.15256147884004112,-0.21603598110799438,8801.296173786102,43596.911751028914,0.38235294117647056,-0.19249180685275458,8393.616484888316,41797.758322127396,0.39705882352941174,-0.2799477530677683,9571.788185034413,44959.645119308945,0.2647058823529412,-0.2027202794006573,9040.248937352797,44139.38281726546,0.29411764705882354,-0.20397228293634795,8965.824370291706,44463.67693329496,0.3382352941176471,49193.449457285984,0.45588235294117646,-0.2755834427432122,-0.1855848138695566,11,2254.316330480824,108426.37149389739,9325.885020565467,0.09090909090909091,7354.271107295156,0.09090909090909091,6570.535202429484,0.09090909090909091,7849.985931545152,0.09090909090909091,6670.083282857688,0.09090909090909091,-0.2522316832315359
