H,n,n_onset,NSE_persist,NSE_none,MAE_none,onsetMean_none,onsetRecall_none,evRecall_none,NSE_oracle,MAE_oracle,onsetMean_oracle,onsetRecall_oracle,evRecall_oracle,NSE_good,MAE_good,onsetMean_good,onsetRecall_good,evRecall_good,NSE_poor,MAE_poor,onsetMean_poor,onsetRecall_poor,evRecall_poor,onsetTruthMean
1,1055,7,0.3489199587552466,0.342703689259814,5800.619205196597,4903.226994731537,0.0,0.6176470588235294,0.40052692311826943,5447.443500516089,4924.437435640159,0.0,0.6323529411764706,0.3810350394345704,5585.502035680879,4924.437435640159,0.0,0.6323529411764706,0.38859043512322977,5456.612347454249,4878.052723088061,0.0,0.6323529411764706,83587.63857758945
2,1053,8,0.2803474607920411,0.3460239179708964,5666.578204266065,9554.005108768954,0.0,0.6323529411764706,0.35949223083801696,5203.772955095386,6269.860918210735,0.0,0.6176470588235294,0.2530016298366691,5462.947233977815,12892.041725601648,0.125,0.6470588235294118,0.1989503745110457,5761.824534109133,6276.379139442925,0.0,0.5882352941176471,84691.55970415557
3,1051,9,0.23961775442277944,0.26098079695259735,5898.960426971299,8536.07321285294,0.0,0.6029411764705882,0.18430144318082564,5681.644615743378,7696.335631245757,0.0,0.5294117647058824,0.03737754533868343,6059.231114219719,16544.214491559116,0.1111111111111111,0.5147058823529411,0.04045473579486536,6287.959869643392,8867.309326814362,0.0,0.45588235294117646,86040.05967274986
4,1049,5,0.4133133216586976,0.21434962864002138,6067.2178265767225,2711.066694826567,0.0,0.6323529411764706,0.18648099484517267,5593.916347763296,4907.8407762128845,0.0,0.5294117647058824,0.18488355281580893,5564.928390677177,10466.400582127679,0.2,0.5,-0.21590701848086802,6658.886135830653,3904.5365869246316,0.0,0.5,83283.0867055008
5,1047,9,0.16532623156049087,0.06488872295922887,7260.48913327751,6731.942265797964,0.2222222222222222,0.47058823529411764,-0.03943157870280256,6340.164185069741,7142.182269932176,0.0,0.29411764705882354,-0.21857982425757738,6803.167481610576,6199.3360774084995,0.0,0.29411764705882354,-0.2626316703442484,6943.830619119058,7481.207538785762,0.0,0.3088235294117647,83522.53061890817
6,1045,8,0.08734635701716709,0.0013245752104502628,8066.5231305301795,5406.994946433073,0.0,0.27941176470588236,-0.09111171868023349,6636.8876462726075,8468.455453987464,0.0,0.2647058823529412,-0.18222243655642578,7086.9044462680695,8648.887054774059,0.0,0.23529411764705882,-0.2641330786563134,7058.923399097629,32437.43311731201,0.375,0.25,91921.0988959614
7,1043,12,-0.012774771603667245,-0.09181451886450742,8730.48248545579,6329.0744965984095,0.08333333333333333,0.3088235294117647,-0.08551520893142883,6620.602068050175,10113.11230254817,0.16666666666666666,0.27941176470588236,-0.2329487852008021,6960.245948905743,15605.720254750602,0.25,0.3088235294117647,-0.4120707957590575,7642.993389779172,16505.753030830605,0.16666666666666666,0.3382352941176471,87658.39812996802
8,1041,7,0.1387759584652899,-0.09284882985443055,8851.964444758776,5677.055555293254,0.0,0.3382352941176471,-0.11701274123454253,6618.273583134566,12269.575632779442,0.14285714285714285,0.23529411764705882,-0.24312108590436154,6949.364018928911,20268.630278439985,0.2857142857142857,0.25,-0.07051824648686145,6820.00270170021,49316.45339949769,0.7142857142857143,0.3088235294117647,100005.20268889605
9,1039,12,-0.12676249365944003,-0.15973129997666047,9519.111360848316,7928.779447726144,0.08333333333333333,0.3088235294117647,-0.20101618139151656,7230.697666046015,9318.588270573046,0.08333333333333333,0.22058823529411764,-0.17510485836836032,7263.469606526624,6757.159947566994,0.0,0.19117647058823528,-0.2309051194579974,7282.819121004979,6790.383407781145,0.08333333333333333,0.20588235294117646,95528.98058209836
10,1037,14,-0.2487000539750004,-0.19699110795257946,9107.924512927024,8775.571928956428,0.07142857142857142,0.29411764705882354,-0.2039928569650422,6988.6389702442075,6413.517303783315,0.0,0.17647058823529413,-0.2903264342824272,7310.6433383998765,9737.319806528749,0.07142857142857142,0.16176470588235295,-0.5247882571696003,7963.407068131933,5659.609434627695,0.0,0.17647058823529413,99264.39595351648
11,1035,16,-0.3038441057681507,-0.2504666679830265,9320.857319256645,7153.541644537435,0.0625,0.3235294117647059,-0.2521262020416122,6997.9309135150825,7633.390433047455,0.0,0.16176470588235295,-0.2902006653747906,7258.701175823746,11784.350940238899,0.125,0.19117647058823528,-0.42423579165819114,7720.557551794334,15031.897881544588,0.1875,0.19117647058823528,96515.88174774343
12,1033,11,-0.15256147884004112,-0.20397228293634795,8965.824370291706,6670.083282857688,0.09090909090909091,0.3382352941176471,-0.2008320996975721,6904.123957662025,11420.578899391183,0.09090909090909091,0.22058823529411764,-0.28376965435958423,7399.649954208373,11769.822964849245,0.18181818181818182,0.22058823529411764,-0.4538802266974078,7946.746034981093,7562.320636066808,0.0,0.17647058823529413,108426.37149389739
