H,lead_hours,n,model_nse,persistence_nse,model_mae,persistence_mae
1,6,69,0.797,0.737,7624.7,8979.5
2,12,68,0.542,0.451,11156.8,14154.2
3,18,67,0.452,0.314,14065.7,17574.6
4,24,66,0.326,0.158,16355.7,20623.7
5,30,65,0.181,0.001,18853.0,23527.9
6,36,64,-0.041,-0.114,20471.8,25759.2
7,42,63,-0.009,-0.179,25367.8,26930.1
8,48,62,0.0,-0.16,24947.3,27624.4
9,54,61,-0.039,-0.227,25433.7,29095.9
10,60,60,-0.211,-0.495,23992.9,30758.7
11,66,59,-0.335,-0.667,25899.4,31007.3
12,72,58,-0.149,-1.132,20349.2,28940.3
