issued_at,run_at,persistence_qin_now,h1_family,h1_target_datetime,h1_pred_qin,h2_family,h2_target_datetime,h2_pred_qin,h3_family,h3_target_datetime,h3_pred_qin,h4_family,h4_target_datetime,h4_pred_qin,h5_family,h5_target_datetime,h5_pred_qin,h6_family,h6_target_datetime,h6_pred_qin,h7_family,h7_target_datetime,h7_pred_qin,h8_family,h8_target_datetime,h8_pred_qin,h9_family,h9_target_datetime,h9_pred_qin,h10_family,h10_target_datetime,h10_pred_qin,h11_family,h11_target_datetime,h11_pred_qin,h12_family,h12_target_datetime,h12_pred_qin
2026-09-18T07:00:00,2026-09-25T15:23:36.857029,2887.83,CatBoost_hurdle,2026-09-18T13:00:00,2557.06,CatBoost_hurdle,2026-09-18T19:00:00,5523.3,LightGBM,2026-09-19T01:00:00,7267.47,LightGBM,2026-09-19T07:00:00,2869.04,LightGBM,2026-09-19T13:00:00,5534.72,CatBoost_hurdle,2026-09-19T19:00:00,3540.62,XGBoost,2026-09-20T01:00:00,3131.38,XGBoost,2026-09-20T07:00:00,3701.55,XGBoost,2026-09-20T13:00:00,3592.29,CatBoost_hurdle,2026-09-20T19:00:00,3613.58,CatBoost_hurdle,2026-09-21T01:00:00,1008.49,XGBoost,2026-09-21T07:00:00,3598.43
2026-09-18T13:00:00,2026-09-25T15:23:36.876874,1205.55,CatBoost_hurdle,2026-09-18T19:00:00,1623.21,CatBoost_hurdle,2026-09-19T01:00:00,4609.76,LightGBM,2026-09-19T07:00:00,6688.79,LightGBM,2026-09-19T13:00:00,3761.97,LightGBM,2026-09-19T19:00:00,5877.7,CatBoost_hurdle,2026-09-20T01:00:00,2091.8,XGBoost,2026-09-20T07:00:00,5566.44,XGBoost,2026-09-20T13:00:00,4497.22,XGBoost,2026-09-20T19:00:00,1830.24,CatBoost_hurdle,2026-09-21T01:00:00,2798.07,CatBoost_hurdle,2026-09-21T07:00:00,1295.0,XGBoost,2026-09-21T13:00:00,3197.22
2026-09-18T19:00:00,2026-09-25T15:23:36.884084,83512.19,CatBoost_hurdle,2026-09-19T01:00:00,82438.2,CatBoost_hurdle,2026-09-19T07:00:00,53909.31,LightGBM,2026-09-19T13:00:00,44082.6,LightGBM,2026-09-19T19:00:00,69706.19,LightGBM,2026-09-20T01:00:00,45636.56,CatBoost_hurdle,2026-09-20T07:00:00,48773.99,XGBoost,2026-09-20T13:00:00,48358.54,XGBoost,2026-09-20T19:00:00,50356.02,XGBoost,2026-09-21T01:00:00,47028.54,CatBoost_hurdle,2026-09-21T07:00:00,4647.34,CatBoost_hurdle,2026-09-21T13:00:00,18212.32,XGBoost,2026-09-21T19:00:00,28489.44
2026-09-19T01:00:00,2026-09-25T15:23:36.891739,69677.51,CatBoost_hurdle,2026-09-19T07:00:00,54168.05,CatBoost_hurdle,2026-09-19T13:00:00,32476.3,LightGBM,2026-09-19T19:00:00,34539.08,LightGBM,2026-09-20T01:00:00,59108.03,LightGBM,2026-09-20T07:00:00,27350.72,CatBoost_hurdle,2026-09-20T13:00:00,17650.11,XGBoost,2026-09-20T19:00:00,41438.9,XGBoost,2026-09-21T01:00:00,42611.17,XGBoost,2026-09-21T07:00:00,40396.79,CatBoost_hurdle,2026-09-21T13:00:00,0.0,CatBoost_hurdle,2026-09-21T19:00:00,0.0,XGBoost,2026-09-22T01:00:00,12625.9
2026-09-19T07:00:00,2026-09-25T15:23:36.898780,52139.18,CatBoost_hurdle,2026-09-19T13:00:00,42641.28,CatBoost_hurdle,2026-09-19T19:00:00,38033.39,LightGBM,2026-09-20T01:00:00,20100.76,LightGBM,2026-09-20T07:00:00,41569.71,LightGBM,2026-09-20T13:00:00,28793.39,CatBoost_hurdle,2026-09-20T19:00:00,10008.35,XGBoost,2026-09-21T01:00:00,29187.19,XGBoost,2026-09-21T07:00:00,25181.49,XGBoost,2026-09-21T13:00:00,24751.02,CatBoost_hurdle,2026-09-21T19:00:00,4983.21,CatBoost_hurdle,2026-09-22T01:00:00,2504.96,XGBoost,2026-09-22T07:00:00,6385.68
2026-09-19T13:00:00,2026-09-25T15:23:36.905586,46413.16,CatBoost_hurdle,2026-09-19T19:00:00,39783.21,CatBoost_hurdle,2026-09-20T01:00:00,30627.83,LightGBM,2026-09-20T07:00:00,26830.88,LightGBM,2026-09-20T13:00:00,42462.74,LightGBM,2026-09-20T19:00:00,30774.5,CatBoost_hurdle,2026-09-21T01:00:00,12375.03,XGBoost,2026-09-21T07:00:00,27701.98,XGBoost,2026-09-21T13:00:00,29232.56,XGBoost,2026-09-21T19:00:00,24211.39,CatBoost_hurdle,2026-09-22T01:00:00,10742.59,CatBoost_hurdle,2026-09-22T07:00:00,4862.06,XGBoost,2026-09-22T13:00:00,25652.14
2026-09-19T19:00:00,2026-09-25T15:23:36.912670,41758.95,CatBoost_hurdle,2026-09-20T01:00:00,33713.12,CatBoost_hurdle,2026-09-20T07:00:00,24871.99,LightGBM,2026-09-20T13:00:00,27717.87,LightGBM,2026-09-20T19:00:00,37808.54,LightGBM,2026-09-21T01:00:00,25557.12,CatBoost_hurdle,2026-09-21T07:00:00,7689.75,XGBoost,2026-09-21T13:00:00,22839.94,XGBoost,2026-09-21T19:00:00,24051.6,XGBoost,2026-09-22T01:00:00,19127.73,CatBoost_hurdle,2026-09-22T07:00:00,10052.64,CatBoost_hurdle,2026-09-22T13:00:00,0.0,XGBoost,2026-09-22T19:00:00,27641.8
2026-09-20T01:00:00,2026-09-25T15:23:36.919118,36324.26,CatBoost_hurdle,2026-09-20T07:00:00,29303.27,CatBoost_hurdle,2026-09-20T13:00:00,22840.33,LightGBM,2026-09-20T19:00:00,21497.17,LightGBM,2026-09-21T01:00:00,32373.85,LightGBM,2026-09-21T07:00:00,25639.13,CatBoost_hurdle,2026-09-21T13:00:00,10993.33,XGBoost,2026-09-21T19:00:00,20279.08,XGBoost,2026-09-22T01:00:00,20186.93,XGBoost,2026-09-22T07:00:00,17826.33,CatBoost_hurdle,2026-09-22T13:00:00,10180.94,CatBoost_hurdle,2026-09-22T19:00:00,5018.71,XGBoost,2026-09-23T01:00:00,26684.09
2026-09-20T07:00:00,2026-09-25T15:23:36.926356,32535.43,CatBoost_hurdle,2026-09-20T13:00:00,29869.46,CatBoost_hurdle,2026-09-20T19:00:00,30965.02,LightGBM,2026-09-21T01:00:00,46375.12,LightGBM,2026-09-21T07:00:00,33398.59,LightGBM,2026-09-21T13:00:00,36195.18,CatBoost_hurdle,2026-09-21T19:00:00,8551.18,XGBoost,2026-09-22T01:00:00,25362.09,XGBoost,2026-09-22T07:00:00,19059.28,XGBoost,2026-09-22T13:00:00,19434.04,CatBoost_hurdle,2026-09-22T19:00:00,11910.81,CatBoost_hurdle,2026-09-23T01:00:00,7853.83,XGBoost,2026-09-23T07:00:00,25820.49
2026-09-20T13:00:00,2026-09-25T15:23:36.933255,30311.73,CatBoost_hurdle,2026-09-20T19:00:00,24333.48,CatBoost_hurdle,2026-09-21T01:00:00,25455.94,LightGBM,2026-09-21T07:00:00,33541.83,LightGBM,2026-09-21T13:00:00,25359.25,LightGBM,2026-09-21T19:00:00,24947.09,CatBoost_hurdle,2026-09-22T01:00:00,9304.79,XGBoost,2026-09-22T07:00:00,23139.34,XGBoost,2026-09-22T13:00:00,20534.81,XGBoost,2026-09-22T19:00:00,27830.35,CatBoost_hurdle,2026-09-23T01:00:00,15196.18,CatBoost_hurdle,2026-09-23T07:00:00,14078.29,XGBoost,2026-09-23T13:00:00,37508.66
2026-09-20T19:00:00,2026-09-25T15:23:36.939931,97264.02,CatBoost_hurdle,2026-09-21T01:00:00,119262.98,CatBoost_hurdle,2026-09-21T07:00:00,125164.51,LightGBM,2026-09-21T13:00:00,60295.14,LightGBM,2026-09-21T19:00:00,80058.96,LightGBM,2026-09-22T01:00:00,55196.79,CatBoost_hurdle,2026-09-22T07:00:00,59444.89,XGBoost,2026-09-22T13:00:00,48390.0,XGBoost,2026-09-22T19:00:00,51024.32,XGBoost,2026-09-23T01:00:00,47625.76,CatBoost_hurdle,2026-09-23T07:00:00,23132.9,CatBoost_hurdle,2026-09-23T13:00:00,31725.35,XGBoost,2026-09-23T19:00:00,30349.31
2026-09-21T01:00:00,2026-09-25T15:23:36.947083,221902.63,CatBoost_hurdle,2026-09-21T07:00:00,196923.5,CatBoost_hurdle,2026-09-21T13:00:00,177950.81,LightGBM,2026-09-21T19:00:00,183006.87,LightGBM,2026-09-22T01:00:00,176618.4,LightGBM,2026-09-22T07:00:00,178879.1,CatBoost_hurdle,2026-09-22T13:00:00,141791.94,XGBoost,2026-09-22T19:00:00,173882.53,XGBoost,2026-09-23T01:00:00,176648.08,XGBoost,2026-09-23T07:00:00,172163.94,CatBoost_hurdle,2026-09-23T13:00:00,111118.97,CatBoost_hurdle,2026-09-23T19:00:00,134409.28,XGBoost,2026-09-24T01:00:00,125583.43
2026-09-21T07:00:00,2026-09-25T15:23:36.953511,154480.9,CatBoost_hurdle,2026-09-21T13:00:00,138709.02,CatBoost_hurdle,2026-09-21T19:00:00,119189.45,LightGBM,2026-09-22T01:00:00,121588.6,LightGBM,2026-09-22T07:00:00,109196.67,LightGBM,2026-09-22T13:00:00,111457.37,CatBoost_hurdle,2026-09-22T19:00:00,93937.93,XGBoost,2026-09-23T01:00:00,108863.34,XGBoost,2026-09-23T07:00:00,110306.2,XGBoost,2026-09-23T13:00:00,107172.65,CatBoost_hurdle,2026-09-23T19:00:00,45161.96,CatBoost_hurdle,2026-09-24T01:00:00,84078.61,XGBoost,2026-09-24T07:00:00,60881.77
2026-09-21T13:00:00,2026-09-25T15:23:36.960620,129997.21,CatBoost_hurdle,2026-09-21T19:00:00,119225.07,CatBoost_hurdle,2026-09-22T01:00:00,106236.21,LightGBM,2026-09-22T07:00:00,92682.23,LightGBM,2026-09-22T13:00:00,84712.99,LightGBM,2026-09-22T19:00:00,87536.85,CatBoost_hurdle,2026-09-23T01:00:00,79166.12,XGBoost,2026-09-23T07:00:00,86252.73,XGBoost,2026-09-23T13:00:00,86770.0,XGBoost,2026-09-23T19:00:00,83817.08,CatBoost_hurdle,2026-09-24T01:00:00,57471.52,CatBoost_hurdle,2026-09-24T07:00:00,65349.59,XGBoost,2026-09-24T13:00:00,39241.2
2026-09-21T19:00:00,2026-09-25T15:23:36.967882,129947.48,CatBoost_hurdle,2026-09-22T01:00:00,120098.58,CatBoost_hurdle,2026-09-22T07:00:00,105589.95,LightGBM,2026-09-22T13:00:00,90940.73,LightGBM,2026-09-22T19:00:00,84663.25,LightGBM,2026-09-23T01:00:00,87487.12,CatBoost_hurdle,2026-09-23T07:00:00,79804.57,XGBoost,2026-09-23T13:00:00,85865.34,XGBoost,2026-09-23T19:00:00,86524.27,XGBoost,2026-09-24T01:00:00,83415.53,CatBoost_hurdle,2026-09-24T07:00:00,58924.51,CatBoost_hurdle,2026-09-24T13:00:00,68333.3,XGBoost,2026-09-24T19:00:00,35851.89
2026-09-22T01:00:00,2026-09-25T15:23:36.975079,109208.53,CatBoost_hurdle,2026-09-22T07:00:00,99302.72,CatBoost_hurdle,2026-09-22T13:00:00,89815.78,LightGBM,2026-09-22T19:00:00,70245.66,LightGBM,2026-09-23T01:00:00,88061.53,LightGBM,2026-09-23T07:00:00,66953.83,CatBoost_hurdle,2026-09-23T13:00:00,65511.71,XGBoost,2026-09-23T19:00:00,65126.4,XGBoost,2026-09-24T01:00:00,65932.62,XGBoost,2026-09-24T07:00:00,62777.39,CatBoost_hurdle,2026-09-24T13:00:00,43081.46,CatBoost_hurdle,2026-09-24T19:00:00,50294.82,XGBoost,2026-09-25T01:00:00,40021.37
2026-09-22T07:00:00,2026-09-25T15:23:36.981949,85168.02,CatBoost_hurdle,2026-09-22T13:00:00,75496.02,CatBoost_hurdle,2026-09-22T19:00:00,65661.36,LightGBM,2026-09-23T01:00:00,47152.29,LightGBM,2026-09-23T07:00:00,68940.33,LightGBM,2026-09-23T13:00:00,42913.32,CatBoost_hurdle,2026-09-23T19:00:00,43064.87,XGBoost,2026-09-24T01:00:00,41366.65,XGBoost,2026-09-24T07:00:00,42489.88,XGBoost,2026-09-24T13:00:00,38736.89,CatBoost_hurdle,2026-09-24T19:00:00,25171.67,CatBoost_hurdle,2026-09-25T01:00:00,28055.47,XGBoost,2026-09-25T07:00:00,24135.2
2026-09-22T13:00:00,2026-09-25T15:23:36.988635,70249.29,CatBoost_hurdle,2026-09-22T19:00:00,63830.67,CatBoost_hurdle,2026-09-23T01:00:00,57293.51,LightGBM,2026-09-23T07:00:00,31992.09,LightGBM,2026-09-23T13:00:00,59679.81,LightGBM,2026-09-23T19:00:00,27994.59,CatBoost_hurdle,2026-09-24T01:00:00,39471.34,XGBoost,2026-09-24T07:00:00,46134.01,XGBoost,2026-09-24T13:00:00,46877.65,XGBoost,2026-09-24T19:00:00,44297.71,CatBoost_hurdle,2026-09-25T01:00:00,19855.24,CatBoost_hurdle,2026-09-25T07:00:00,27788.81,XGBoost,2026-09-25T13:00:00,26606.11
2026-09-22T19:00:00,2026-09-25T15:23:36.995542,51391.9,CatBoost_hurdle,2026-09-23T01:00:00,45459.02,CatBoost_hurdle,2026-09-23T07:00:00,42547.17,LightGBM,2026-09-23T13:00:00,13636.03,LightGBM,2026-09-23T19:00:00,40822.43,LightGBM,2026-09-24T01:00:00,25593.36,CatBoost_hurdle,2026-09-24T07:00:00,27006.46,XGBoost,2026-09-24T13:00:00,32640.5,XGBoost,2026-09-24T19:00:00,28963.53,XGBoost,2026-09-25T01:00:00,26849.55,CatBoost_hurdle,2026-09-25T07:00:00,8979.88,CatBoost_hurdle,2026-09-25T13:00:00,16677.94,XGBoost,2026-09-25T19:00:00,16318.72
2026-09-23T01:00:00,2026-09-25T15:23:37.003228,51502.29,CatBoost_hurdle,2026-09-23T07:00:00,46235.25,CatBoost_hurdle,2026-09-23T13:00:00,43932.35,LightGBM,2026-09-23T19:00:00,13719.78,LightGBM,2026-09-24T01:00:00,41384.1,LightGBM,2026-09-24T07:00:00,28217.11,CatBoost_hurdle,2026-09-24T13:00:00,28579.89,XGBoost,2026-09-24T19:00:00,32249.93,XGBoost,2026-09-25T01:00:00,28962.71,XGBoost,2026-09-25T07:00:00,26959.94,CatBoost_hurdle,2026-09-25T13:00:00,19736.79,CatBoost_hurdle,2026-09-25T19:00:00,17989.05,XGBoost,2026-09-26T01:00:00,13962.09
2026-09-23T07:00:00,2026-09-25T15:23:37.009642,45626.39,CatBoost_hurdle,2026-09-23T13:00:00,40547.13,CatBoost_hurdle,2026-09-23T19:00:00,35435.91,LightGBM,2026-09-24T01:00:00,30775.06,LightGBM,2026-09-24T07:00:00,43011.82,LightGBM,2026-09-24T13:00:00,30663.93,CatBoost_hurdle,2026-09-24T19:00:00,25604.4,XGBoost,2026-09-25T01:00:00,30077.09,XGBoost,2026-09-25T07:00:00,31789.48,XGBoost,2026-09-25T13:00:00,24758.17,CatBoost_hurdle,2026-09-25T19:00:00,16288.6,CatBoost_hurdle,2026-09-26T01:00:00,15575.22,XGBoost,2026-09-26T07:00:00,20524.85
2026-09-23T13:00:00,2026-09-25T15:23:37.016704,29762.15,CatBoost_hurdle,2026-09-23T19:00:00,26174.32,CatBoost_hurdle,2026-09-24T01:00:00,24467.62,LightGBM,2026-09-24T07:00:00,26411.29,LightGBM,2026-09-24T13:00:00,25448.17,LightGBM,2026-09-24T19:00:00,21275.47,CatBoost_hurdle,2026-09-25T01:00:00,14762.42,XGBoost,2026-09-25T07:00:00,22997.92,XGBoost,2026-09-25T13:00:00,18762.43,XGBoost,2026-09-25T19:00:00,17342.32,CatBoost_hurdle,2026-09-26T01:00:00,6525.55,CatBoost_hurdle,2026-09-26T07:00:00,7053.05,XGBoost,2026-09-26T13:00:00,9115.53
2026-09-23T19:00:00,2026-09-25T15:23:37.023601,22580.16,CatBoost_hurdle,2026-09-24T01:00:00,19493.61,CatBoost_hurdle,2026-09-24T07:00:00,18165.22,LightGBM,2026-09-24T13:00:00,19422.63,LightGBM,2026-09-24T19:00:00,18266.18,LightGBM,2026-09-25T01:00:00,17914.7,CatBoost_hurdle,2026-09-25T07:00:00,10883.26,XGBoost,2026-09-25T13:00:00,17030.68,XGBoost,2026-09-25T19:00:00,14059.98,XGBoost,2026-09-26T01:00:00,14100.08,CatBoost_hurdle,2026-09-26T07:00:00,3231.78,CatBoost_hurdle,2026-09-26T13:00:00,5222.56,XGBoost,2026-09-26T19:00:00,4239.93
2026-09-24T01:00:00,2026-09-25T15:23:37.030086,20909.32,CatBoost_hurdle,2026-09-24T07:00:00,17810.48,CatBoost_hurdle,2026-09-24T13:00:00,16610.23,LightGBM,2026-09-24T19:00:00,16683.49,LightGBM,2026-09-25T01:00:00,17292.69,LightGBM,2026-09-25T07:00:00,16506.61,CatBoost_hurdle,2026-09-25T13:00:00,10140.59,XGBoost,2026-09-25T19:00:00,16327.71,XGBoost,2026-09-26T01:00:00,17487.01,XGBoost,2026-09-26T07:00:00,15336.98,CatBoost_hurdle,2026-09-26T13:00:00,8908.09,CatBoost_hurdle,2026-09-26T19:00:00,6995.58,XGBoost,2026-09-27T01:00:00,10196.69
2026-09-24T07:00:00,2026-09-25T15:23:37.036984,17133.43,CatBoost_hurdle,2026-09-24T13:00:00,14100.54,CatBoost_hurdle,2026-09-24T19:00:00,12030.82,LightGBM,2026-09-25T01:00:00,13037.29,LightGBM,2026-09-25T07:00:00,13917.4,LightGBM,2026-09-25T13:00:00,12730.72,CatBoost_hurdle,2026-09-25T19:00:00,7288.32,XGBoost,2026-09-26T01:00:00,14631.62,XGBoost,2026-09-26T07:00:00,16150.62,XGBoost,2026-09-26T13:00:00,13684.24,CatBoost_hurdle,2026-09-26T19:00:00,8185.06,CatBoost_hurdle,2026-09-27T01:00:00,4630.14,XGBoost,2026-09-27T07:00:00,8783.89
2026-09-24T13:00:00,2026-09-25T15:23:37.043997,11419.38,CatBoost_hurdle,2026-09-24T19:00:00,8808.56,CatBoost_hurdle,2026-09-25T01:00:00,7684.84,LightGBM,2026-09-25T07:00:00,9381.31,LightGBM,2026-09-25T13:00:00,11122.74,LightGBM,2026-09-25T19:00:00,9242.61,CatBoost_hurdle,2026-09-26T01:00:00,3556.11,XGBoost,2026-09-26T07:00:00,13421.66,XGBoost,2026-09-26T13:00:00,11500.3,XGBoost,2026-09-26T19:00:00,9213.48,CatBoost_hurdle,2026-09-27T01:00:00,5481.63,CatBoost_hurdle,2026-09-27T07:00:00,1614.01,XGBoost,2026-09-27T13:00:00,8176.6
2026-09-24T19:00:00,2026-09-25T15:23:37.051041,2245.74,CatBoost_hurdle,2026-09-25T01:00:00,3574.77,CatBoost_hurdle,2026-09-25T07:00:00,4213.11,LightGBM,2026-09-25T13:00:00,13043.24,LightGBM,2026-09-25T19:00:00,2226.95,LightGBM,2026-09-26T01:00:00,10345.39,CatBoost_hurdle,2026-09-26T07:00:00,3213.17,XGBoost,2026-09-26T13:00:00,5894.12,XGBoost,2026-09-26T19:00:00,5087.71,XGBoost,2026-09-27T01:00:00,6102.75,CatBoost_hurdle,2026-09-27T07:00:00,5499.98,CatBoost_hurdle,2026-09-27T13:00:00,5957.01,XGBoost,2026-09-27T19:00:00,5339.25
2026-09-25T01:00:00,2026-09-25T15:23:37.057868,7684.43,CatBoost_hurdle,2026-09-25T07:00:00,5678.14,CatBoost_hurdle,2026-09-25T13:00:00,5660.41,LightGBM,2026-09-25T19:00:00,7017.11,LightGBM,2026-09-26T01:00:00,9963.0,LightGBM,2026-09-26T07:00:00,10945.61,CatBoost_hurdle,2026-09-26T13:00:00,3540.53,XGBoost,2026-09-26T19:00:00,6322.16,XGBoost,2026-09-27T01:00:00,10422.91,XGBoost,2026-09-27T07:00:00,7062.29,CatBoost_hurdle,2026-09-27T13:00:00,5443.21,CatBoost_hurdle,2026-09-27T19:00:00,0.0,XGBoost,2026-09-28T01:00:00,9969.36
2026-09-25T07:00:00,2026-09-25T15:23:37.064386,7198.13,CatBoost_hurdle,2026-09-25T13:00:00,5650.12,CatBoost_hurdle,2026-09-25T19:00:00,4136.59,LightGBM,2026-09-26T01:00:00,8040.22,LightGBM,2026-09-26T07:00:00,7085.61,LightGBM,2026-09-26T13:00:00,9965.91,CatBoost_hurdle,2026-09-26T19:00:00,4087.8,XGBoost,2026-09-27T01:00:00,6655.58,XGBoost,2026-09-27T07:00:00,8467.43,XGBoost,2026-09-27T13:00:00,6365.82,CatBoost_hurdle,2026-09-27T19:00:00,5064.02,CatBoost_hurdle,2026-09-28T01:00:00,3081.74,XGBoost,2026-09-28T07:00:00,10554.38
2026-09-25T13:00:00,2026-09-26T08:47:09.571229,0.0,CatBoost_hurdle,2026-09-25T19:00:00,1292.8,CatBoost_hurdle,2026-09-26T01:00:00,4323.21,LightGBM,2026-09-26T07:00:00,4224.36,LightGBM,2026-09-26T13:00:00,165.33,LightGBM,2026-09-26T19:00:00,3965.75,CatBoost_hurdle,2026-09-27T01:00:00,3310.34,XGBoost,2026-09-27T07:00:00,3360.43,XGBoost,2026-09-27T13:00:00,1949.4,XGBoost,2026-09-27T19:00:00,4146.77,CatBoost_hurdle,2026-09-28T01:00:00,3957.77,CatBoost_hurdle,2026-09-28T07:00:00,6798.05,XGBoost,2026-09-28T13:00:00,2501.59
2026-09-25T19:00:00,2026-09-26T08:47:16.259255,2470.1,CatBoost_hurdle,2026-09-26T01:00:00,2145.93,CatBoost_hurdle,2026-09-26T07:00:00,0.0,LightGBM,2026-09-26T13:00:00,3604.26,LightGBM,2026-09-26T19:00:00,2635.43,LightGBM,2026-09-27T01:00:00,4118.31,CatBoost_hurdle,2026-09-27T07:00:00,3993.19,XGBoost,2026-09-27T13:00:00,2336.55,XGBoost,2026-09-27T19:00:00,5230.5,XGBoost,2026-09-28T01:00:00,3764.46,CatBoost_hurdle,2026-09-28T07:00:00,4388.29,CatBoost_hurdle,2026-09-28T13:00:00,0.0,XGBoost,2026-09-28T19:00:00,4691.91
2026-09-26T01:00:00,2026-09-26T08:47:16.285824,0.0,CatBoost_hurdle,2026-09-26T07:00:00,3025.27,CatBoost_hurdle,2026-09-26T13:00:00,0.0,LightGBM,2026-09-26T19:00:00,16802.35,LightGBM,2026-09-27T01:00:00,2450.43,LightGBM,2026-09-27T07:00:00,11457.58,CatBoost_hurdle,2026-09-27T13:00:00,0.0,XGBoost,2026-09-27T19:00:00,9572.46,XGBoost,2026-09-28T01:00:00,15245.19,XGBoost,2026-09-28T07:00:00,7840.22,CatBoost_hurdle,2026-09-28T13:00:00,0.0,CatBoost_hurdle,2026-09-28T19:00:00,4420.68,XGBoost,2026-09-29T01:00:00,11371.86
2026-09-26T07:00:00,2026-09-26T08:47:16.312537,6955.01,CatBoost_hurdle,2026-09-26T13:00:00,1830.85,CatBoost_hurdle,2026-09-26T19:00:00,4065.63,LightGBM,2026-09-27T01:00:00,14378.36,LightGBM,2026-09-27T07:00:00,6876.89,LightGBM,2026-09-27T13:00:00,9388.01,CatBoost_hurdle,2026-09-27T19:00:00,2232.5,XGBoost,2026-09-28T01:00:00,13254.09,XGBoost,2026-09-28T07:00:00,21409.35,XGBoost,2026-09-28T13:00:00,11776.6,CatBoost_hurdle,2026-09-28T19:00:00,0.0,CatBoost_hurdle,2026-09-29T01:00:00,10476.03,XGBoost,2026-09-29T07:00:00,18120.61
2026-09-26T13:00:00,2026-09-27T09:57:59.582358,0.0,CatBoost_hurdle,2026-09-26T19:00:00,0.0,CatBoost_hurdle,2026-09-27T01:00:00,0.0,LightGBM,2026-09-27T07:00:00,9238.89,LightGBM,2026-09-27T13:00:00,207.77,LightGBM,2026-09-27T19:00:00,3462.58,CatBoost_hurdle,2026-09-28T01:00:00,0.0,XGBoost,2026-09-28T07:00:00,10046.45,XGBoost,2026-09-28T13:00:00,8042.28,XGBoost,2026-09-28T19:00:00,9736.29,CatBoost_hurdle,2026-09-29T01:00:00,5534.69,CatBoost_hurdle,2026-09-29T07:00:00,8548.92,XGBoost,2026-09-29T13:00:00,9998.45
2026-09-26T19:00:00,2026-09-27T09:58:04.704000,4744.49,CatBoost_hurdle,2026-09-27T01:00:00,0.0,CatBoost_hurdle,2026-09-27T07:00:00,0.0,LightGBM,2026-09-27T13:00:00,3095.58,LightGBM,2026-09-27T19:00:00,4623.93,LightGBM,2026-09-28T01:00:00,5976.41,CatBoost_hurdle,2026-09-28T07:00:00,3799.93,XGBoost,2026-09-28T13:00:00,11415.15,XGBoost,2026-09-28T19:00:00,15124.22,XGBoost,2026-09-29T01:00:00,11825.84,CatBoost_hurdle,2026-09-29T07:00:00,0.0,CatBoost_hurdle,2026-09-29T13:00:00,0.0,XGBoost,2026-09-29T19:00:00,13078.84
2026-09-27T01:00:00,2026-09-27T09:58:04.735397,0.0,CatBoost_hurdle,2026-09-27T07:00:00,0.0,CatBoost_hurdle,2026-09-27T13:00:00,0.0,LightGBM,2026-09-27T19:00:00,2542.31,LightGBM,2026-09-28T01:00:00,165.33,LightGBM,2026-09-28T07:00:00,4982.76,CatBoost_hurdle,2026-09-28T13:00:00,0.0,XGBoost,2026-09-28T19:00:00,9887.22,XGBoost,2026-09-29T01:00:00,10227.11,XGBoost,2026-09-29T07:00:00,9054.11,CatBoost_hurdle,2026-09-29T13:00:00,1586.01,CatBoost_hurdle,2026-09-29T19:00:00,5347.42,XGBoost,2026-09-30T01:00:00,8504.82
2026-09-27T07:00:00,2026-09-27T09:58:04.772506,0.0,CatBoost_hurdle,2026-09-27T13:00:00,847.66,CatBoost_hurdle,2026-09-27T19:00:00,0.0,LightGBM,2026-09-28T01:00:00,529.65,LightGBM,2026-09-28T07:00:00,165.33,LightGBM,2026-09-28T13:00:00,4750.97,CatBoost_hurdle,2026-09-28T19:00:00,3106.18,XGBoost,2026-09-29T01:00:00,8636.95,XGBoost,2026-09-29T07:00:00,10346.93,XGBoost,2026-09-29T13:00:00,7319.15,CatBoost_hurdle,2026-09-29T19:00:00,3579.88,CatBoost_hurdle,2026-09-30T01:00:00,0.0,XGBoost,2026-09-30T07:00:00,3308.18
2026-09-27T13:00:00,2026-09-27T13:30:22.383614,0.0,CatBoost_hurdle,2026-09-27T19:00:00,928.19,CatBoost_hurdle,2026-09-28T01:00:00,0.0,LightGBM,2026-09-28T07:00:00,143.54,LightGBM,2026-09-28T13:00:00,165.33,LightGBM,2026-09-28T19:00:00,1273.97,CatBoost_hurdle,2026-09-29T01:00:00,0.0,XGBoost,2026-09-29T07:00:00,3353.63,XGBoost,2026-09-29T13:00:00,1598.9,XGBoost,2026-09-29T19:00:00,6205.1,CatBoost_hurdle,2026-09-30T01:00:00,1440.06,CatBoost_hurdle,2026-09-30T07:00:00,0.0,XGBoost,2026-09-30T13:00:00,3191.03
2026-09-27T19:00:00,2026-09-28T09:58:13.728370,290.18,CatBoost_hurdle,2026-09-28T01:00:00,0.0,CatBoost_hurdle,2026-09-28T07:00:00,0.0,LightGBM,2026-09-28T13:00:00,0.0,LightGBM,2026-09-28T19:00:00,455.51,LightGBM,2026-09-29T01:00:00,2688.51,CatBoost_hurdle,2026-09-29T07:00:00,0.0,XGBoost,2026-09-29T13:00:00,834.41,XGBoost,2026-09-29T19:00:00,3041.94,XGBoost,2026-09-30T01:00:00,1648.72,CatBoost_hurdle,2026-09-30T07:00:00,0.0,CatBoost_hurdle,2026-09-30T13:00:00,0.0,XGBoost,2026-09-30T19:00:00,2064.1
2026-09-28T01:00:00,2026-09-28T09:58:19.309505,0.0,CatBoost_hurdle,2026-09-28T07:00:00,314.7,CatBoost_hurdle,2026-09-28T13:00:00,0.0,LightGBM,2026-09-28T19:00:00,717.3,LightGBM,2026-09-29T01:00:00,165.33,LightGBM,2026-09-29T07:00:00,4657.16,CatBoost_hurdle,2026-09-29T13:00:00,508.22,XGBoost,2026-09-29T19:00:00,11240.18,XGBoost,2026-09-30T01:00:00,4000.65,XGBoost,2026-09-30T07:00:00,1716.0,CatBoost_hurdle,2026-09-30T13:00:00,255.93,CatBoost_hurdle,2026-09-30T19:00:00,368.91,XGBoost,2026-10-01T01:00:00,1946.07
2026-09-28T07:00:00,2026-09-28T09:58:19.344571,0.0,CatBoost_hurdle,2026-09-28T13:00:00,403.73,CatBoost_hurdle,2026-09-28T19:00:00,895.49,LightGBM,2026-09-29T01:00:00,440.66,LightGBM,2026-09-29T07:00:00,165.33,LightGBM,2026-09-29T13:00:00,4663.47,CatBoost_hurdle,2026-09-29T19:00:00,386.82,XGBoost,2026-09-30T01:00:00,15130.28,XGBoost,2026-09-30T07:00:00,5532.74,XGBoost,2026-09-30T13:00:00,3415.09,CatBoost_hurdle,2026-09-30T19:00:00,455.26,CatBoost_hurdle,2026-10-01T01:00:00,0.0,XGBoost,2026-10-01T07:00:00,1709.36
2026-09-28T13:00:00,2026-09-29T10:03:13.146825,0.0,CatBoost_hurdle,2026-09-28T19:00:00,587.07,CatBoost_hurdle,2026-09-29T01:00:00,0.0,LightGBM,2026-09-29T07:00:00,706.5,LightGBM,2026-09-29T13:00:00,165.33,LightGBM,2026-09-29T19:00:00,4752.52,CatBoost_hurdle,2026-09-30T01:00:00,0.0,XGBoost,2026-09-30T07:00:00,15448.47,XGBoost,2026-09-30T13:00:00,5091.84,XGBoost,2026-09-30T19:00:00,3980.62,CatBoost_hurdle,2026-10-01T01:00:00,558.57,CatBoost_hurdle,2026-10-01T07:00:00,0.0,XGBoost,2026-10-01T13:00:00,2654.51
2026-09-28T19:00:00,2026-09-29T10:03:17.695633,0.0,CatBoost_hurdle,2026-09-29T01:00:00,1692.93,CatBoost_hurdle,2026-09-29T07:00:00,0.0,LightGBM,2026-09-29T13:00:00,9741.51,LightGBM,2026-09-29T19:00:00,2429.76,LightGBM,2026-09-30T01:00:00,15046.65,CatBoost_hurdle,2026-09-30T07:00:00,0.0,XGBoost,2026-09-30T13:00:00,17140.8,XGBoost,2026-09-30T19:00:00,7021.85,XGBoost,2026-10-01T01:00:00,5882.11,CatBoost_hurdle,2026-10-01T07:00:00,0.0,CatBoost_hurdle,2026-10-01T13:00:00,0.0,XGBoost,2026-10-01T19:00:00,5359.39
2026-09-29T01:00:00,2026-09-29T10:03:17.720134,0.0,CatBoost_hurdle,2026-09-29T07:00:00,1633.58,CatBoost_hurdle,2026-09-29T13:00:00,0.0,LightGBM,2026-09-29T19:00:00,6875.7,LightGBM,2026-09-30T01:00:00,187.1,LightGBM,2026-09-30T07:00:00,7773.33,CatBoost_hurdle,2026-09-30T13:00:00,0.0,XGBoost,2026-09-30T19:00:00,16749.57,XGBoost,2026-10-01T01:00:00,5554.55,XGBoost,2026-10-01T07:00:00,5224.63,CatBoost_hurdle,2026-10-01T13:00:00,1722.03,CatBoost_hurdle,2026-10-01T19:00:00,0.0,XGBoost,2026-10-02T01:00:00,2543.93
2026-09-29T07:00:00,2026-09-29T10:03:17.745667,0.0,CatBoost_hurdle,2026-09-29T13:00:00,1174.99,CatBoost_hurdle,2026-09-29T19:00:00,0.0,LightGBM,2026-09-30T01:00:00,1151.66,LightGBM,2026-09-30T07:00:00,187.1,LightGBM,2026-09-30T13:00:00,7666.62,CatBoost_hurdle,2026-09-30T19:00:00,0.0,XGBoost,2026-10-01T01:00:00,16785.09,XGBoost,2026-10-01T07:00:00,5721.21,XGBoost,2026-10-01T13:00:00,5224.63,CatBoost_hurdle,2026-10-01T19:00:00,0.0,CatBoost_hurdle,2026-10-02T01:00:00,0.0,XGBoost,2026-10-02T07:00:00,2455.43
2026-09-29T13:00:00,2026-09-30T08:55:47.852373,0.0,CatBoost_hurdle,2026-09-29T19:00:00,2083.33,CatBoost_hurdle,2026-09-30T01:00:00,0.0,LightGBM,2026-09-30T07:00:00,9547.84,LightGBM,2026-09-30T13:00:00,2429.76,LightGBM,2026-09-30T19:00:00,13945.32,CatBoost_hurdle,2026-10-01T01:00:00,0.0,XGBoost,2026-10-01T07:00:00,18804.56,XGBoost,2026-10-01T13:00:00,7005.82,XGBoost,2026-10-01T19:00:00,5820.22,CatBoost_hurdle,2026-10-02T01:00:00,0.0,CatBoost_hurdle,2026-10-02T07:00:00,0.0,XGBoost,2026-10-02T13:00:00,8076.45
2026-09-29T19:00:00,2026-09-30T08:55:52.589167,0.0,CatBoost_hurdle,2026-09-30T01:00:00,1794.39,CatBoost_hurdle,2026-09-30T07:00:00,0.0,LightGBM,2026-09-30T13:00:00,5251.9,LightGBM,2026-09-30T19:00:00,187.1,LightGBM,2026-10-01T01:00:00,8037.42,CatBoost_hurdle,2026-10-01T07:00:00,3919.12,XGBoost,2026-10-01T13:00:00,17835.19,XGBoost,2026-10-01T19:00:00,5878.8,XGBoost,2026-10-02T01:00:00,5961.43,CatBoost_hurdle,2026-10-02T07:00:00,2276.36,CatBoost_hurdle,2026-10-02T13:00:00,0.0,XGBoost,2026-10-02T19:00:00,15179.74
2026-09-30T01:00:00,2026-09-30T08:55:52.615048,0.0,CatBoost_hurdle,2026-09-30T07:00:00,1341.92,CatBoost_hurdle,2026-09-30T13:00:00,0.0,LightGBM,2026-09-30T19:00:00,802.76,LightGBM,2026-10-01T01:00:00,187.1,LightGBM,2026-10-01T07:00:00,8195.3,CatBoost_hurdle,2026-10-01T13:00:00,0.0,XGBoost,2026-10-01T19:00:00,15329.15,XGBoost,2026-10-02T01:00:00,4844.34,XGBoost,2026-10-02T07:00:00,6133.39,CatBoost_hurdle,2026-10-02T13:00:00,0.0,CatBoost_hurdle,2026-10-02T19:00:00,0.0,XGBoost,2026-10-03T01:00:00,6239.19
2026-09-30T07:00:00,2026-09-30T08:55:52.639313,0.0,CatBoost_hurdle,2026-09-30T13:00:00,889.4,CatBoost_hurdle,2026-09-30T19:00:00,0.0,LightGBM,2026-10-01T01:00:00,815.74,LightGBM,2026-10-01T07:00:00,165.33,LightGBM,2026-10-01T13:00:00,2298.68,CatBoost_hurdle,2026-10-01T19:00:00,0.0,XGBoost,2026-10-02T01:00:00,11066.8,XGBoost,2026-10-02T07:00:00,4468.23,XGBoost,2026-10-02T13:00:00,2218.02,CatBoost_hurdle,2026-10-02T19:00:00,0.0,CatBoost_hurdle,2026-10-03T01:00:00,0.0,XGBoost,2026-10-03T07:00:00,2255.65
2026-09-30T13:00:00,2026-09-30T13:30:28.802622,0.0,CatBoost_hurdle,2026-09-30T19:00:00,784.51,CatBoost_hurdle,2026-10-01T01:00:00,0.0,LightGBM,2026-10-01T07:00:00,740.89,LightGBM,2026-10-01T13:00:00,165.33,LightGBM,2026-10-01T19:00:00,8221.17,CatBoost_hurdle,2026-10-02T01:00:00,0.0,XGBoost,2026-10-02T07:00:00,11087.88,XGBoost,2026-10-02T13:00:00,4757.65,XGBoost,2026-10-02T19:00:00,2504.78,CatBoost_hurdle,2026-10-03T01:00:00,0.0,CatBoost_hurdle,2026-10-03T07:00:00,0.0,XGBoost,2026-10-03T13:00:00,2026.98
2026-09-30T19:00:00,2026-10-01T08:16:54.969392,0.0,CatBoost_hurdle,2026-10-01T01:00:00,1010.68,CatBoost_hurdle,2026-10-01T07:00:00,0.0,LightGBM,2026-10-01T13:00:00,468.4,LightGBM,2026-10-01T19:00:00,165.33,LightGBM,2026-10-02T01:00:00,4907.68,CatBoost_hurdle,2026-10-02T07:00:00,0.0,XGBoost,2026-10-02T13:00:00,9859.32,XGBoost,2026-10-02T19:00:00,3393.51,XGBoost,2026-10-03T01:00:00,1528.23,CatBoost_hurdle,2026-10-03T07:00:00,0.0,CatBoost_hurdle,2026-10-03T13:00:00,0.0,XGBoost,2026-10-03T19:00:00,1778.52
2026-10-01T01:00:00,2026-10-01T08:17:00.858170,0.0,CatBoost_hurdle,2026-10-01T07:00:00,1060.4,CatBoost_hurdle,2026-10-01T13:00:00,0.0,LightGBM,2026-10-01T19:00:00,401.11,LightGBM,2026-10-02T01:00:00,165.33,LightGBM,2026-10-02T07:00:00,4996.42,CatBoost_hurdle,2026-10-02T13:00:00,0.0,XGBoost,2026-10-02T19:00:00,7533.3,XGBoost,2026-10-03T01:00:00,3495.26,XGBoost,2026-10-03T07:00:00,1491.82,CatBoost_hurdle,2026-10-03T13:00:00,0.0,CatBoost_hurdle,2026-10-03T19:00:00,0.0,XGBoost,2026-10-04T01:00:00,1523.73
2026-10-01T07:00:00,2026-10-01T08:17:00.886119,0.0,CatBoost_hurdle,2026-10-01T13:00:00,1044.06,CatBoost_hurdle,2026-10-01T19:00:00,0.0,LightGBM,2026-10-02T01:00:00,600.71,LightGBM,2026-10-02T07:00:00,165.33,LightGBM,2026-10-02T13:00:00,1207.23,CatBoost_hurdle,2026-10-02T19:00:00,0.0,XGBoost,2026-10-03T01:00:00,1708.74,XGBoost,2026-10-03T07:00:00,1710.73,XGBoost,2026-10-03T13:00:00,1181.35,CatBoost_hurdle,2026-10-03T19:00:00,0.0,CatBoost_hurdle,2026-10-04T01:00:00,0.0,XGBoost,2026-10-04T07:00:00,1523.73
2026-10-01T13:00:00,2026-10-02T18:54:21.073228,0.0,CatBoost_hurdle,2026-10-01T19:00:00,1124.1,CatBoost_hurdle,2026-10-02T01:00:00,0.0,LightGBM,2026-10-02T07:00:00,657.78,LightGBM,2026-10-02T13:00:00,165.33,LightGBM,2026-10-02T19:00:00,657.56,CatBoost_hurdle,2026-10-03T01:00:00,0.0,XGBoost,2026-10-03T07:00:00,446.14,XGBoost,2026-10-03T13:00:00,854.89,XGBoost,2026-10-03T19:00:00,846.39,CatBoost_hurdle,2026-10-04T01:00:00,0.0,CatBoost_hurdle,2026-10-04T07:00:00,0.0,XGBoost,2026-10-04T13:00:00,1523.73
2026-10-01T19:00:00,2026-10-02T18:54:26.346413,266.94,CatBoost_hurdle,2026-10-02T01:00:00,782.99,CatBoost_hurdle,2026-10-02T07:00:00,0.0,LightGBM,2026-10-02T13:00:00,376.46,LightGBM,2026-10-02T19:00:00,432.27,LightGBM,2026-10-03T01:00:00,725.7,CatBoost_hurdle,2026-10-03T07:00:00,0.0,XGBoost,2026-10-03T13:00:00,657.48,XGBoost,2026-10-03T19:00:00,995.91,XGBoost,2026-10-04T01:00:00,1130.29,CatBoost_hurdle,2026-10-04T07:00:00,0.0,CatBoost_hurdle,2026-10-04T13:00:00,0.0,XGBoost,2026-10-04T19:00:00,1836.89
2026-10-02T01:00:00,2026-10-02T18:54:26.370691,0.0,CatBoost_hurdle,2026-10-02T07:00:00,935.77,CatBoost_hurdle,2026-10-02T13:00:00,0.0,LightGBM,2026-10-02T19:00:00,1076.82,LightGBM,2026-10-03T01:00:00,165.33,LightGBM,2026-10-03T07:00:00,518.66,CatBoost_hurdle,2026-10-03T13:00:00,0.0,XGBoost,2026-10-03T19:00:00,1441.83,XGBoost,2026-10-04T01:00:00,1118.96,XGBoost,2026-10-04T07:00:00,983.17,CatBoost_hurdle,2026-10-04T13:00:00,0.0,CatBoost_hurdle,2026-10-04T19:00:00,1687.48,XGBoost,2026-10-05T01:00:00,1560.3
2026-10-02T07:00:00,2026-10-02T18:54:26.395517,266.67,CatBoost_hurdle,2026-10-02T13:00:00,629.08,CatBoost_hurdle,2026-10-02T19:00:00,206.14,LightGBM,2026-10-03T01:00:00,658.58,LightGBM,2026-10-03T07:00:00,431.99,LightGBM,2026-10-03T13:00:00,749.94,CatBoost_hurdle,2026-10-03T19:00:00,600.76,XGBoost,2026-10-04T01:00:00,644.52,XGBoost,2026-10-04T07:00:00,995.63,XGBoost,2026-10-04T13:00:00,1139.96,CatBoost_hurdle,2026-10-04T19:00:00,435.88,CatBoost_hurdle,2026-10-05T01:00:00,0.0,XGBoost,2026-10-05T07:00:00,1729.77
2026-10-02T13:00:00,2026-10-02T18:54:26.425034,0.0,CatBoost_hurdle,2026-10-02T19:00:00,0.0,CatBoost_hurdle,2026-10-03T01:00:00,0.0,LightGBM,2026-10-03T07:00:00,1046.35,LightGBM,2026-10-03T13:00:00,165.33,LightGBM,2026-10-03T19:00:00,508.72,CatBoost_hurdle,2026-10-04T01:00:00,0.0,XGBoost,2026-10-04T07:00:00,1441.83,XGBoost,2026-10-04T13:00:00,968.91,XGBoost,2026-10-04T19:00:00,983.17,CatBoost_hurdle,2026-10-05T01:00:00,0.0,CatBoost_hurdle,2026-10-05T07:00:00,1736.1,XGBoost,2026-10-05T13:00:00,1560.3
2026-10-02T19:00:00,2026-10-04T15:50:51.699859,266.39,CatBoost_hurdle,2026-10-03T01:00:00,780.39,CatBoost_hurdle,2026-10-03T07:00:00,428.23,LightGBM,2026-10-03T13:00:00,681.99,LightGBM,2026-10-03T19:00:00,431.72,LightGBM,2026-10-04T01:00:00,686.93,CatBoost_hurdle,2026-10-04T07:00:00,648.02,XGBoost,2026-10-04T13:00:00,644.24,XGBoost,2026-10-04T19:00:00,845.31,XGBoost,2026-10-05T01:00:00,1139.69,CatBoost_hurdle,2026-10-05T07:00:00,496.73,CatBoost_hurdle,2026-10-05T13:00:00,0.0,XGBoost,2026-10-05T19:00:00,1729.5
2026-10-03T01:00:00,2026-10-04T15:50:57.297635,6276.14,CatBoost_hurdle,2026-10-03T07:00:00,0.0,CatBoost_hurdle,2026-10-03T13:00:00,0.0,LightGBM,2026-10-03T19:00:00,3443.8,LightGBM,2026-10-04T01:00:00,6155.58,LightGBM,2026-10-04T07:00:00,3699.33,CatBoost_hurdle,2026-10-04T13:00:00,0.0,XGBoost,2026-10-04T19:00:00,3703.42,XGBoost,2026-10-05T01:00:00,5485.87,XGBoost,2026-10-05T07:00:00,3453.78,CatBoost_hurdle,2026-10-05T13:00:00,0.0,CatBoost_hurdle,2026-10-05T19:00:00,0.0,XGBoost,2026-10-06T01:00:00,5934.3
2026-10-03T07:00:00,2026-10-04T15:50:57.329005,0.0,CatBoost_hurdle,2026-10-03T13:00:00,0.0,CatBoost_hurdle,2026-10-03T19:00:00,1060.97,LightGBM,2026-10-04T01:00:00,3073.2,LightGBM,2026-10-04T07:00:00,165.33,LightGBM,2026-10-04T13:00:00,667.37,CatBoost_hurdle,2026-10-04T19:00:00,1006.56,XGBoost,2026-10-05T01:00:00,1460.18,XGBoost,2026-10-05T07:00:00,678.55,XGBoost,2026-10-05T13:00:00,2348.02,CatBoost_hurdle,2026-10-05T19:00:00,606.64,CatBoost_hurdle,2026-10-06T01:00:00,3037.54,XGBoost,2026-10-06T07:00:00,1453.45
2026-10-03T13:00:00,2026-10-04T15:50:57.367736,0.0,CatBoost_hurdle,2026-10-03T19:00:00,1289.31,CatBoost_hurdle,2026-10-04T01:00:00,6750.51,LightGBM,2026-10-04T07:00:00,668.29,LightGBM,2026-10-04T13:00:00,165.33,LightGBM,2026-10-04T19:00:00,488.8,CatBoost_hurdle,2026-10-05T01:00:00,3974.08,XGBoost,2026-10-05T07:00:00,444.98,XGBoost,2026-10-05T13:00:00,786.27,XGBoost,2026-10-05T19:00:00,875.87,CatBoost_hurdle,2026-10-06T01:00:00,4010.78,CatBoost_hurdle,2026-10-06T07:00:00,0.0,XGBoost,2026-10-06T13:00:00,1470.77
2026-10-03T19:00:00,2026-10-04T15:50:57.405639,0.0,CatBoost_hurdle,2026-10-04T01:00:00,0.0,CatBoost_hurdle,2026-10-04T07:00:00,0.0,LightGBM,2026-10-04T13:00:00,1804.27,LightGBM,2026-10-04T19:00:00,165.33,LightGBM,2026-10-05T01:00:00,646.16,CatBoost_hurdle,2026-10-05T07:00:00,0.0,XGBoost,2026-10-05T13:00:00,390.91,XGBoost,2026-10-05T19:00:00,663.8,XGBoost,2026-10-06T01:00:00,953.26,CatBoost_hurdle,2026-10-06T07:00:00,0.0,CatBoost_hurdle,2026-10-06T13:00:00,0.0,XGBoost,2026-10-06T19:00:00,1542.02
2026-10-04T01:00:00,2026-10-04T15:50:57.438820,3263.86,CatBoost_hurdle,2026-10-04T07:00:00,0.0,CatBoost_hurdle,2026-10-04T13:00:00,0.0,LightGBM,2026-10-04T19:00:00,1937.52,LightGBM,2026-10-05T01:00:00,3143.3,LightGBM,2026-10-05T07:00:00,2390.73,CatBoost_hurdle,2026-10-05T13:00:00,0.0,XGBoost,2026-10-05T19:00:00,1804.91,XGBoost,2026-10-06T01:00:00,2780.47,XGBoost,2026-10-06T07:00:00,2237.1,CatBoost_hurdle,2026-10-06T13:00:00,0.0,CatBoost_hurdle,2026-10-06T19:00:00,0.0,XGBoost,2026-10-07T01:00:00,3265.25
2026-10-04T07:00:00,2026-10-04T15:50:57.471042,3265.54,CatBoost_hurdle,2026-10-04T13:00:00,0.0,CatBoost_hurdle,2026-10-04T19:00:00,0.0,LightGBM,2026-10-05T01:00:00,3052.1,LightGBM,2026-10-05T07:00:00,3144.99,LightGBM,2026-10-05T13:00:00,2288.27,CatBoost_hurdle,2026-10-05T19:00:00,0.0,XGBoost,2026-10-06T01:00:00,1943.11,XGBoost,2026-10-06T07:00:00,2974.92,XGBoost,2026-10-06T13:00:00,2259.73,CatBoost_hurdle,2026-10-06T19:00:00,0.0,CatBoost_hurdle,2026-10-07T01:00:00,1217.09,XGBoost,2026-10-07T07:00:00,3303.5
2026-10-04T13:00:00,2026-10-04T15:50:57.504681,0.0,CatBoost_hurdle,2026-10-04T19:00:00,688.92,CatBoost_hurdle,2026-10-05T01:00:00,1829.62,LightGBM,2026-10-05T07:00:00,2707.29,LightGBM,2026-10-05T13:00:00,165.33,LightGBM,2026-10-05T19:00:00,263.44,CatBoost_hurdle,2026-10-06T01:00:00,1845.99,XGBoost,2026-10-06T07:00:00,712.56,XGBoost,2026-10-06T13:00:00,646.43,XGBoost,2026-10-06T19:00:00,872.28,CatBoost_hurdle,2026-10-07T01:00:00,1485.37,CatBoost_hurdle,2026-10-07T07:00:00,1374.84,XGBoost,2026-10-07T13:00:00,1471.73
2026-10-04T19:00:00,2026-10-05T08:53:25.550055,0.0,CatBoost_hurdle,2026-10-05T01:00:00,1101.78,CatBoost_hurdle,2026-10-05T07:00:00,4283.04,LightGBM,2026-10-05T13:00:00,1353.35,LightGBM,2026-10-05T19:00:00,165.33,LightGBM,2026-10-06T01:00:00,585.14,CatBoost_hurdle,2026-10-06T07:00:00,2392.39,XGBoost,2026-10-06T13:00:00,411.51,XGBoost,2026-10-06T19:00:00,809.37,XGBoost,2026-10-07T01:00:00,912.63,CatBoost_hurdle,2026-10-07T07:00:00,1731.28,CatBoost_hurdle,2026-10-07T13:00:00,0.0,XGBoost,2026-10-07T19:00:00,1435.17
2026-10-05T01:00:00,2026-10-05T08:53:31.930018,0.0,CatBoost_hurdle,2026-10-05T07:00:00,0.0,CatBoost_hurdle,2026-10-05T13:00:00,0.0,LightGBM,2026-10-05T19:00:00,723.96,LightGBM,2026-10-06T01:00:00,165.33,LightGBM,2026-10-06T07:00:00,559.31,CatBoost_hurdle,2026-10-06T13:00:00,0.0,XGBoost,2026-10-06T19:00:00,319.2,XGBoost,2026-10-07T01:00:00,739.86,XGBoost,2026-10-07T07:00:00,917.0,CatBoost_hurdle,2026-10-07T13:00:00,0.0,CatBoost_hurdle,2026-10-07T19:00:00,0.0,XGBoost,2026-10-08T01:00:00,1484.16
2026-10-05T07:00:00,2026-10-05T08:53:31.952782,0.0,CatBoost_hurdle,2026-10-05T13:00:00,0.0,CatBoost_hurdle,2026-10-05T19:00:00,0.0,LightGBM,2026-10-06T01:00:00,1857.17,LightGBM,2026-10-06T07:00:00,165.33,LightGBM,2026-10-06T13:00:00,716.41,CatBoost_hurdle,2026-10-06T19:00:00,0.0,XGBoost,2026-10-07T01:00:00,426.41,XGBoost,2026-10-07T07:00:00,890.34,XGBoost,2026-10-07T13:00:00,1062.5,CatBoost_hurdle,2026-10-07T19:00:00,0.0,CatBoost_hurdle,2026-10-08T01:00:00,0.0,XGBoost,2026-10-08T07:00:00,1564.67
2026-10-05T13:00:00,2026-10-05T16:10:02.809031,0.0,CatBoost_hurdle,2026-10-05T19:00:00,12387.25,CatBoost_hurdle,2026-10-06T01:00:00,0.0,LightGBM,2026-10-06T07:00:00,0.0,LightGBM,2026-10-06T13:00:00,126.24,LightGBM,2026-10-06T19:00:00,2595.88,CatBoost_hurdle,2026-10-07T01:00:00,0.0,XGBoost,2026-10-07T07:00:00,2658.47,XGBoost,2026-10-07T13:00:00,2491.8,XGBoost,2026-10-07T19:00:00,3142.4,CatBoost_hurdle,2026-10-08T01:00:00,0.0,CatBoost_hurdle,2026-10-08T07:00:00,0.0,XGBoost,2026-10-08T13:00:00,0.0
2026-10-05T19:00:00,2026-10-07T08:51:21.522747,309678.13,CatBoost_hurdle,2026-10-06T01:00:00,281530.06,CatBoost_hurdle,2026-10-06T07:00:00,0.0,LightGBM,2026-10-06T13:00:00,265174.04,LightGBM,2026-10-06T19:00:00,264393.91,LightGBM,2026-10-07T01:00:00,267595.13,CatBoost_hurdle,2026-10-07T07:00:00,250929.7,XGBoost,2026-10-07T13:00:00,259089.14,XGBoost,2026-10-07T19:00:00,261345.31,XGBoost,2026-10-08T01:00:00,258411.95,CatBoost_hurdle,2026-10-08T07:00:00,136827.75,CatBoost_hurdle,2026-10-08T13:00:00,238961.13,XGBoost,2026-10-08T19:00:00,205895.47
2026-10-06T01:00:00,2026-10-07T08:51:26.353831,200816.51,CatBoost_hurdle,2026-10-06T07:00:00,177959.52,CatBoost_hurdle,2026-10-06T13:00:00,154863.66,LightGBM,2026-10-06T19:00:00,158773.81,LightGBM,2026-10-07T01:00:00,155532.29,LightGBM,2026-10-07T07:00:00,158028.73,CatBoost_hurdle,2026-10-07T13:00:00,126123.15,XGBoost,2026-10-07T19:00:00,151117.89,XGBoost,2026-10-08T01:00:00,154043.25,XGBoost,2026-10-08T07:00:00,149945.36,CatBoost_hurdle,2026-10-08T13:00:00,46017.85,CatBoost_hurdle,2026-10-08T19:00:00,117513.21,XGBoost,2026-10-09T01:00:00,98613.88
2026-10-06T07:00:00,2026-10-07T08:51:26.381615,186110.63,CatBoost_hurdle,2026-10-06T13:00:00,172841.17,CatBoost_hurdle,2026-10-06T19:00:00,155738.48,LightGBM,2026-10-07T01:00:00,148435.16,LightGBM,2026-10-07T07:00:00,140826.41,LightGBM,2026-10-07T13:00:00,143650.28,CatBoost_hurdle,2026-10-07T19:00:00,134276.66,XGBoost,2026-10-08T01:00:00,141484.78,XGBoost,2026-10-08T07:00:00,142613.27,XGBoost,2026-10-08T13:00:00,139345.8,CatBoost_hurdle,2026-10-08T19:00:00,81426.92,CatBoost_hurdle,2026-10-09T01:00:00,105883.27,XGBoost,2026-10-09T07:00:00,93744.66
2026-10-06T13:00:00,2026-10-07T08:51:26.410173,116507.58,CatBoost_hurdle,2026-10-06T19:00:00,101362.17,CatBoost_hurdle,2026-10-07T01:00:00,85152.65,LightGBM,2026-10-07T07:00:00,78214.29,LightGBM,2026-10-07T13:00:00,95360.58,LightGBM,2026-10-07T19:00:00,74047.22,CatBoost_hurdle,2026-10-08T01:00:00,66742.15,XGBoost,2026-10-08T07:00:00,73158.12,XGBoost,2026-10-08T13:00:00,73878.13,XGBoost,2026-10-08T19:00:00,70327.45,CatBoost_hurdle,2026-10-09T01:00:00,26622.21,CatBoost_hurdle,2026-10-09T07:00:00,50345.79,XGBoost,2026-10-09T13:00:00,46860.12
