H,lead_hours,n_fit,n_holdout,persistence,CatBoost_direct,CatBoost_hurdle,LightGBM,XGBoost,RandomForest,Ridge
1,6,1460,258,0.6440785939539961,0.6855775921345566,0.7238934301286887,0.7014163377161384,0.6983799030995634,0.618861487303952,0.6970537511921943
2,12,1460,258,0.5283594515591681,0.5714229415069348,0.6474339507464635,0.5840718439807375,0.5698680853759731,0.5521066785162113,0.5072325090283244
3,18,1460,258,0.5111280067020643,0.5338661852452657,0.5608407074977271,0.5785855377274971,0.5783439345198118,0.5273006950100412,0.3488110458446215
4,24,1460,258,0.5604686642989173,0.5629095479313977,0.5852234558119225,0.59672604665101,0.6205512904319022,0.5683197179311228,0.3498388053352489
5,30,1460,258,0.3936570908709323,0.4351640350138841,0.4467876858252095,0.4445370309680692,0.4686500729625055,0.3995778307391394,0.1981149670551216
6,36,1460,258,0.2314500463511468,0.309030295922333,0.3824095768919826,0.3644115306465799,0.3188426008901225,0.2704531338362472,0.1100483535084907
7,42,1460,258,0.1696747105386892,0.2680568087466252,0.3240109651465775,0.2921405252360565,0.3284030213406722,0.254910537014105,0.0317385753336623
8,48,1460,258,0.1531148151347161,0.2563592680292401,0.2856817742670808,0.3238290662260814,0.3570580865692505,0.2916553330307314,0.022294079610164
9,54,1460,258,-0.0145858938447951,0.1005999984135266,0.1599102484231506,0.1388279090907695,0.2459556162006506,0.1698364953823773,-0.0731396006135032
10,60,1460,258,-0.163608214893965,0.0424252968643646,0.0723721919859554,0.0964654996713576,0.1193409913348898,0.0781107938174995,-0.0788646453485888
11,66,1460,258,-0.2173190269736764,-0.001163570412237,0.0709994575009803,0.067667593229114,0.0779647902861293,-0.0065922953788466,-0.0831235187967021
12,72,1460,258,-0.1713891790157331,0.0698988168667259,0.0803405317874774,0.1558720619004709,0.1396628560550925,0.0736082081411281,-0.0199148044522581
