H,n_fit,n_holdout,persistence_holdout_nse,Ridge_inner_cv_nse,Ridge_holdout_nse
1,1460,258,0.6498934816328201,-0.3222542008534218,0.7017764329337208
2,1460,258,0.5378784371643976,-0.7541797197398523,0.5116575454813872
3,1460,258,0.5120480056998176,-1.1148228754202707,0.353212837533863
4,1460,258,0.5514918062077234,-1.418403902691343,0.3547180244689332
5,1460,258,0.38977504092702553,-1.9519198046070803,0.20302959335456083
6,1460,258,0.22908181607980427,-2.2390360197583528,0.11717074707316932
7,1460,258,0.160284089998613,-2.4602473001073872,0.040721324330683095
8,1460,258,0.12971993055694098,-2.688725832038194,0.03317806886075869
9,1460,258,-0.03380763761081962,-2.954333369444245,-0.06192132779205339
10,1460,258,-0.17855352140226377,-3.2390775504009484,-0.06640546712885875
11,1460,258,-0.2379328360696411,-3.2524582856042223,-0.06893113819402363
12,1460,258,-0.20184354574350416,-3.0460092839657813,-0.0057116595668229575
