H,lead_hours,family,nse,mae,mae_persistence,nse_expected
1,6,CatBoost_hurdle,0.7450586647511883,7910.0280461705615,9121.25478372093,0.745
2,12,CatBoost_hurdle,0.6426516833562579,7771.365353463347,11237.879285658915,0.643
3,18,XGBoost,0.5796247590728105,9725.577767439969,11043.558381395347,0.58
4,24,XGBoost,0.6129247422378009,8317.426000947182,9324.159465891473,0.613
5,30,XGBoost,0.4656674266496179,11322.625773950762,12522.474010852711,0.466
6,36,CatBoost_hurdle,0.368163604397313,13048.757207090232,14296.51630503876,0.368
7,42,XGBoost,0.3325307458501,12811.254821706469,14374.22585891473,0.333
8,48,XGBoost,0.3414622490031891,11523.424090737652,12873.64591782946,0.341
9,54,XGBoost,0.2375823849677422,13515.365719733103,15823.709674031006,0.238
10,60,XGBoost,0.10965739113933559,14738.807379029173,17663.931635658915,0.11
11,66,XGBoost,0.06598817627234899,15090.054617503936,17765.450257364344,0.066
12,72,LightGBM,0.1367127878843415,13601.58427916709,15834.747424031008,0.137
