plane_height_msl,area_water_m2,area_terrain_m2,volume_m3
491.5,361994.81056329,368340.05274868,2267398.1057934
491.49,361599.09217862,367932.97570021,2263780.1451647
491.48,361204.48328425,367526.99293025,2260166.0975861
491.47,360810.87578887,367121.99631221,2256556.0523282
491.46,360418.36157864,366718.07687237,2252949.9085301
491.45,360026.72667455,366315.01866475,2249347.6350584
491.44,359636.10792063,365912.95881956,2245749.3000022
491.43,359245.89051766,365511.28032938,2242154.8152557
491.42,358854.56899566,365108.47499984,2238564.2927141
491.41,358454.94462258,364697.36971137,2234977.7088192
491.4,357875.26972702,364106.28927918,2231395.4648157
491.39,355774.161767,361993.47940245,2227834.7025145
491.38,355423.6602902,361630.83912327,2224278.623713
491.37,355094.77136686,361289.53597537,2220725.9583042
491.36,354774.61946383,360956.77199739,2217176.5620703
491.35,354458.49281564,360627.89738423,2213630.4407194
491.34,354144.88432865,360301.43869635,2210087.3554578
491.33,353833.0454118,359976.67029175,2206547.5282642
491.32,353522.54291131,359653.17648819,2203010.6791986
491.31,353213.14609777,359330.7432173,2199477.0620277
491.3,352904.6629532,359009.18799089,2195946.4522773
491.29,352597.04076223,358688.46231586,2192418.9378794
491.28,352290.24867085,358368.54036821,2188894.4553939
491.27,351984.11745109,358049.25928162,2185373.0613814
491.26,351678.54789705,357730.52137246,2181854.7566109
491.25,351373.30300058,357412.09655916,2178339.4728294
491.24,351067.69144446,357093.30658138,2174827.2757795
491.23,350760.54667508,356772.99914934,2171318.2239153
491.22,350448.32221671,356447.65902235,2167812.3269049
491.21,350117.88861906,356104.22420037,2164309.5389024
491.2,348469.35554532,354442.9547391,2160810.3136794
491.19,348063.81002816,354024.94091251,2157327.7464752
491.18,347768.88951403,353717.36495587,2153848.5312757
491.17,347483.8164508,353419.51144931,2150372.2201692
491.16,347203.0184296,353125.83862463,2146898.8495493
491.15,346925.03626109,352834.90379865,2143428.1549565
491.14,346649.29335696,352546.14337775,2139960.2476853
491.13,346375.31590107,352259.09606225,2136495.087316
491.12,346102.93652055,351973.60707727,2133032.7639349
491.11,345831.96141934,351689.4903474,2129573.0747276
491.1,345562.46075676,351406.82509848,2126116.0967271
491.09,345294.24927001,351125.431845,2122661.8483121
491.08,345027.08492224,350845.07568082,2119210.280195
491.07,344760.88078526,350565.67732019,2115761.3381375
491.06,344495.50517665,350287.11370058,2112315.0806582
491.05,344230.56771263,350009.00800107,2108871.5469594
491.04,343965.51880131,349730.82812681,2105430.6179609
491.03,343699.13498835,349451.3704195,2101992.4237683
491.02,343428.20610857,349167.45838695,2098556.9442184
491.01,343142.20284008,348868.63132666,2095124.1898591
491,342687.38406,348401.28039693,2091694.4424974
490.99,341048.83724794,346750.43961188,2088282.2695276
490.98,340777.31586442,346466.51725332,2084873.1042266
490.97,340513.86422359,346190.61141683,2081466.6312352
490.96,340253.10418994,345917.36196738,2078062.814554
490.95,339994.23976654,345645.98266774,2074661.6229378
490.94,339736.74564183,345375.95342642,2071262.969591
490.93,339480.26161848,345106.91804299,2067866.8161039
490.92,339224.81307403,344838.90493249,2064473.3373987
490.91,338970.17698989,344571.69683387,2061082.3567572
490.9,338716.55030085,344305.49910225,2057693.9429265
490.89,338463.7285865,344040.11405226,2054308.1041403
490.88,338211.89065711,343775.72555951,2050924.8395798
490.87,337960.64202392,343511.94774839,2047544.090515
490.86,337709.94038196,343248.7477556,2044165.7631326
490.85,337459.45293323,342985.80535396,2040789.9433729
490.84,337208.79519999,342722.75001359,2037416.6519801
490.83,336957.13016019,342458.76157038,2034045.9350223
490.82,336702.43073284,342191.84244779,2030677.7810974
490.81,336437.5197853,341914.85777584,2027312.1787779
490.8,336040.58872121,341506.09894121,2023949.5565116
490.79,334456.16375571,339910.00982648,2020603.1341386
490.78,334190.35490181,339632.51498278,2017259.9092401
490.77,333930.74267799,339361.24290689,2013919.2603499
490.76,333672.781885,339091.64833644,2010581.2500636
490.75,333415.44873491,338822.70468114,2007245.8198294
490.74,333158.75248296,338554.41607994,2003912.9959539
490.73,332902.74898032,338286.8316112,2000582.7320868
490.72,332647.33418641,338019.84132493,1997254.9834963
490.71,332392.6389986,337753.5716504,1993929.7929347
490.7,332138.5472102,337487.90915244,1990607.1617972
490.69,331885.14077538,337222.9413977,1987287.0272895
490.68,331632.48394641,336958.73243644,1983969.5057343
490.67,331380.36511667,336695.0742594,1980654.5295862
490.66,331128.8165917,336432.00554186,1977342.0785176
490.65,330877.43216358,336169.1288372,1974032.1074235
490.64,330625.79234556,335906.04240024,1970724.6477869
490.63,330372.67015514,335641.53881218,1967419.7138497
490.62,330115.04078378,335372.62312072,1964117.3706068
490.61,329843.10720555,335089.56040956,1960817.7316209
490.6,328304.14930813,333539.76065247,1957520.9234
490.59,327933.31413129,333158.3538702,1954239.9708649
490.58,327667.19117299,332881.6126211,1950962.0048912
490.57,327405.5548429,332609.35424149,1947686.5958456
490.56,327145.0785509,332338.25114416,1944413.8610724
490.55,326885.0230882,332067.56211214,1941143.7357829
490.54,326625.2604881,331797.15932946,1937876.1869853
490.53,326365.66345176,331526.91691099,1934611.1929909
490.52,326106.29139503,331256.89304376,1931348.8182196
490.51,325847.14215107,330987.08401094,1928089.0695133
490.5,325588.17431894,330717.44662313,1924831.9059821
490.49,325329.53681151,330448.13197841,1921577.3328207
490.48,325070.96122758,330178.87365841,1918325.2594952
490.47,324812.56339071,329909.78910195,1915075.8372718
490.46,324554.23746431,329640.76873517,1911828.9223908
490.45,324296.19840637,329372.02358913,1908584.6045798
490.44,324038.37448736,329103.48172679,1905342.9537076
490.43,323780.31346262,328834.69650193,1902103.8861231
490.42,323520.96327171,328564.6150197,1898867.3732509
490.41,323254.77032682,328287.69285594,1895633.4937094
490.4,322850.90351738,327873.17375458,1892402.5259835
490.39,321169.48549547,326180.98925864,1889188.8624723
490.38,320922.74637302,325923.23154432,1885978.3210376
490.37,320688.93035425,325678.25378093,1882770.2680797
490.36,320459.38467628,325437.45166275,1879564.5511645
490.35,320232.25391718,325198.99067082,1876361.0360789
490.34,320006.80870925,324962.16042676,1873159.8403145
490.33,319782.64968491,324726.57383235,1869960.8721248
490.32,319559.53947888,324492.00281366,1866764.1746505
490.31,319337.45160135,324258.4289936,1863569.6882728
490.3,319116.11146964,324025.58344054,1860377.4493782
490.29,318895.49862696,323793.45032179,1857187.4190753
490.28,318675.51763241,323561.94201055,1853999.5281458
490.27,318456.17851874,323331.07232822,1850813.8687485
490.26,318237.20207665,323100.56623828,1847630.4164268
490.25,318018.65045343,322870.48857501,1844449.1287563
490.24,317800.07471132,322640.40455185,1841270.1013651
490.23,317580.14673743,322409.00736272,1838093.2536219
490.22,317355.79962898,322173.25823839,1834918.6568183
490.21,317117.27117674,321923.44617924,1831746.3314547
490.2,315321.84388186,320116.97554147,1828576.6091322
490.19,314985.2909564,319769.64608256,1825425.3189814
490.18,314754.8033488,319528.30285475,1822276.6650492
490.17,314531.71502735,319294.31954572,1819130.2569063
490.16,314312.10060568,319063.78908186,1815986.1206992
490.15,314095.25944717,318836.01442861,1812844.0720364
490.14,313880.61339124,318610.42469149,1809704.1751996
490.13,313668.0156488,318386.87567054,1806566.4209615
490.12,313457.41778586,318165.32633923,1803430.7613921
490.11,313248.70322903,317945.66634891,1800297.2455359
490.1,313041.85312045,317727.87793556,1797165.7765731
490.09,312836.80828557,317511.9062147,1794036.4193347
490.08,312633.50058754,317297.68851079,1790909.1200431
490.07,312431.91614938,317085.21598029,1787783.8828943
490.06,312232.01997993,316874.45766737,1784660.6460547
490.05,312033.48620616,316665.09337486,1781539.4187106
490.04,311835.94864282,316456.77004738,1778420.125093
490.03,311638.6094708,316248.70847768,1775302.8732426
490.02,311439.00234005,316038.46935096,1772187.5765015
490.01,311228.82997708,315817.80603292,1769074.3531836
490,310873.10328699,315451.85337181,1765963.5882999
489.99,309723.08514618,314291.96234978,1762865.1589163
489.98,309549.18200855,314108.16425154,1759768.736251
489.97,309379.56946448,313928.66438471,1756674.0791536
489.96,309211.16978162,313750.39529144,1753581.1481608
489.95,309043.52449501,313572.90000556,1750489.8990714
489.94,308876.43339088,313395.97776987,1747400.294549
489.93,308709.80517185,313219.53859353,1744312.3770924
489.92,308543.73717881,313043.6762796,1741226.0555606
489.91,308378.16819031,312868.33197205,1738141.5165157
489.9,308212.99207225,312693.40051918,1735058.5729155
489.89,308048.30701076,312518.98199812,1731977.261997
489.88,307884.01495713,312344.98163952,1728897.6614809
489.87,307720.13189097,312171.41862011,1725819.6938243
489.86,307556.42993468,311998.07104699,1722743.3880805
489.85,307392.93448221,311824.96909297,1719668.7023854
489.84,307229.23397306,311651.71286929,1716595.6600503
489.83,307064.80832528,311477.79807628,1713524.2337415
489.82,306897.98371018,311301.56955261,1710454.4363394
489.81,306724.20454714,311118.50277486,1707386.3914466
489.8,306471.52273604,310856.71609545,1704320.2680113
489.79,305320.35851224,309696.64513575,1701265.987282
489.78,305156.8534169,309524.2350132,1698213.642694
489.77,304996.5893223,309355.08648108,1695162.8519716
489.76,304837.6529778,309187.29194685,1692113.6615758
489.75,304679.54193439,309020.34433858,1689066.0691296
489.74,304522.16932417,308854.15246899,1686020.0677448
489.73,304365.68827535,308688.86637589,1682975.6527669
489.72,304209.99183713,308524.37919996,1679932.8392743
489.71,304055.10530311,308360.71577983,1676891.4600323
489.7,303901.08838575,308197.93688568,1673851.7406958
489.69,303747.80780521,308035.91147454,1670813.4823932
489.68,303595.38937187,307874.76419277,1667776.8298905
489.67,303443.85399184,307714.51893955,1664741.6725651
489.66,303293.11472789,307555.09228684,1661708.016796
489.65,303142.78687539,307396.10862457,1658675.7961476
489.64,302992.54288941,307237.25027043,1655645.1614623
489.63,302841.51787648,307077.67048739,1652616.006085
489.62,302687.78228301,306915.46560123,1649588.4715397
489.61,302526.71820381,306746.05008754,1646562.4785364
489.6,301739.89109286,305951.06049556,1643538.2164868
489.59,301550.28196718,305753.58527402,1640521.8742392
489.58,301394.81108972,305590.29657738,1637507.2197422
489.57,301239.44832113,305427.14752752,1634494.0165124
489.56,301084.16214669,305264.09130291,1631482.3951738
489.55,300929.40521415,305101.57283529,1628472.3057533
489.54,300775.25974927,304939.66555141,1625463.7590197
489.53,300621.71354973,304778.34940865,1622456.7729032
489.52,300468.72284039,304617.57858126,1619451.3170382
489.51,300316.29618764,304457.35831816,1616447.3000028
489.5,300164.52862609,304297.78373955,1613444.9319479
489.49,300013.27591265,304138.71103043,1610444.0173451
489.48,299862.58622435,303980.18800424,1607444.5930315
489.47,299712.50264578,303822.25753897,1604446.7185633
489.46,299562.93609428,303664.83203245,1601450.3446649
489.45,299413.7740884,303507.80102545,1598455.4724357
489.44,299264.86806601,303351.01902334,1595462.0162962
489.43,299115.74350963,303194.01770642,1592470.1267521
489.42,298964.85865006,303035.26730682,1589479.7778058
489.41,298806.56880163,302869.14575137,1586490.9615756
489.4,298551.84888248,302606.70097838,1583503.9153777
489.39,296838.12705053,300885.36238224,1580534.3602253
489.38,296660.45488629,300699.99401317,1577566.8349081
489.37,296487.22539004,300519.01884839,1574601.0268989
489.36,296316.63673658,300340.64130464,1571636.9871561
489.35,296148.24972433,300164.43016871,1568674.6777429
489.34,295981.95013478,299990.27349201,1565714.0163253
489.33,295817.76531036,299818.19878483,1562754.9976626
489.32,295655.5027962,299648.01709244,1559797.5867667
489.31,295495.20580663,299479.77340874,1556841.7987323
489.3,295336.95740982,299313.55165211,1553887.6114459
489.29,295180.72458222,299149.32228616,1550934.9520858
489.28,295026.38830913,298986.96547051,1547983.8767253
489.27,294874.00895346,298826.54151435,1545034.3582924
489.26,294723.85654549,298668.3174471,1542086.3609643
489.25,294575.62108548,298511.98267908,1539139.8888639
489.24,294429.47474266,298357.70636182,1536194.8351116
489.23,294285.58589727,298205.65395441,1533251.2254721
489.22,294144.15364713,298056.02163506,1530308.9801436
489.21,294005.70773942,297909.33382545,1527368.2205113
489.2,293447.44491387,297342.77621005,1524428.7714925
489.19,293343.90033395,297230.86911278,1521494.7669134
489.18,293251.32336934,297129.86241822,1518561.7284057
489.17,293160.71954252,297030.77520158,1515629.6565956
489.16,293071.14192563,296932.66918183,1512698.4514313
489.15,292982.2993087,296835.25935574,1509768.1303164
489.14,292894.0072685,296738.36514723,1506838.6950446
489.13,292806.26614797,296641.98757146,1503910.1094411
489.12,292719.10653712,296546.1570819,1500982.445463
489.11,292632.50123872,296450.85027648,1498055.6269738
489.1,292546.43048821,296356.04930144,1495129.7332866
489.09,292460.80522783,296261.66761354,1492204.6968381
489.08,292375.64253938,296167.72282991,1489280.5058157
489.07,292291.02279984,296074.29375769,1486357.1560401
489.06,292206.87485342,295981.31187148,1483434.6079884
489.05,292123.19478133,295888.77402911,1480512.9900537
489.04,292039.94859638,295796.64575913,1477592.1420387
489.03,291957.11114447,295704.90226732,1474672.1813453
489.02,291874.74683422,295613.60825495,1471753.0165594
489.01,291792.88645026,295522.79397993,1468834.6627917
489,291711.39380188,295432.32366787,1465917.1830561
488.99,291629.97569636,295341.88876131,1463000.4388214
488.98,291549.89354213,295252.76104816,1460084.4867829
488.97,291470.2555432,295164.05366061,1457169.3844303
488.96,291390.88598792,295075.59178784,1454255.069173
488.95,291311.6870993,294987.27977295,1451341.5620411
488.94,291232.6801967,294899.13974443,1448428.8738585
488.93,291153.86466754,294811.16968655,1445516.8740723
488.92,291075.24987627,294723.38121756,1442605.7158015
488.91,290996.79863945,294635.73809277,1439695.2819465
488.9,290918.55314857,294548.28164847,1436785.6733049
488.89,290840.48570157,294460.98574121,1433876.8830075
488.88,290762.57673597,294373.83191176,1430968.8174983
488.87,290684.87634717,294286.87105742,1428061.5598544
488.86,290607.31934001,294200.03843181,1425155.0669105
488.85,290529.93706361,294113.36544796,1422249.3957137
488.84,290452.7388562,294026.86182989,1419344.4679611
488.83,290375.70003922,293940.50507093,1416440.2927267
488.82,290298.82125685,293854.29550007,1413536.9222839
488.81,290222.06524005,293768.19722882,1410634.2644526
488.8,290145.45393881,293682.23248227,1407732.4119656
488.79,290069.0159094,293596.43049576,1404831.3032069
488.78,289992.86630174,293510.90551795,1401930.957596
488.77,289916.86606616,293425.51935447,1399031.4112872
488.76,289840.96597849,293340.22312147,1396132.6544669
488.75,289765.19390198,293255.04366169,1393234.6316032
488.74,289689.54640972,293169.97531338,1390337.3398593
488.73,289614.0059504,293085.0031327,1387440.8647572
488.72,289538.59275021,293000.1475476,1384545.0927503
488.71,289463.33263961,292915.43540876,1381650.071854
488.7,289388.16373181,292830.80479153,1378755.8348426
488.69,289313.10567084,292746.27664514,1375862.3110327
488.68,289238.15997567,292661.8534719,1372969.6331739
488.67,289163.29959511,292577.50841442,1370077.6250882
488.66,289088.54970741,292493.26577393,1367186.3441059
488.65,289013.89596013,292409.11127955,1364295.8432313
488.64,288939.37116718,292325.07958877,1361406.0363445
488.63,288864.96946687,292241.16602167,1358517.0386471
488.62,288790.65623378,292157.33692486,1355628.7252801
488.61,288716.49204945,292073.65315603,1352741.2664208
488.6,288642.42116951,291990.06115736,1349854.472645
488.59,288568.41107268,291906.52544157,1346968.4341844
488.58,288494.530205,291823.11642315,1344083.1401392
488.57,288420.71944386,291739.77710207,1341198.5610089
488.56,288346.947931,291656.47812243,1338314.7585372
488.55,288273.2232812,291573.22638794,1335431.618141
488.54,288199.48631077,291489.9632549,1332549.2248698
488.53,288125.72253006,291406.67546215,1329667.5174679
488.52,288051.94501233,291323.37500759,1326786.6239292
488.51,287978.23913129,291240.14676709,1323906.4862627
488.5,287904.55626254,291156.94197941,1321027.0312113
488.49,287830.86405807,291073.73037372,1318148.3398661
488.48,287757.17404858,290990.52432439,1315270.4238605
488.47,287683.45844587,290907.29703535,1312393.2419617
488.46,287609.71068691,290824.04106405,1309516.8094643
488.45,287535.99554178,290740.82091079,1306641.1109468
488.44,287462.26540638,290657.58827376,1303766.0916421
488.43,287388.57911333,290574.40169438,1300891.8656057
488.42,287314.93462473,290491.25947153,1298018.3973408
488.41,287241.32668644,290408.15518938,1295145.6276492
488.4,287167.67560694,290325.01257544,1292273.5687561
488.39,287093.57679142,290241.4272993,1289402.2576916
488.38,287020.05793831,290158.42210045,1286531.7077255
488.37,286946.62747896,290075.50726003,1283661.8768058
488.36,286873.17889566,289992.57567002,1280792.7929994
488.35,286799.69033226,289909.6075058,1277924.4814027
488.34,286726.19515602,289826.63648642,1275056.8270583
488.33,286652.69483422,289743.66279599,1272189.9929578
488.32,286579.22636461,289660.72547484,1269323.8844381
488.31,286505.73053674,289577.76493122,1266458.5017737
488.3,286432.19649885,289494.77191116,1263593.7947909
488.29,286358.65906682,289411.78163484,1260729.833477
488.28,286285.1094309,289328.78613683,1257866.6622631
488.27,286211.53946767,289245.77710395,1255004.1894374
488.26,286137.91690329,289162.72229317,1252142.4398667
488.25,286064.28357239,289079.66396761,1249281.4928021
488.24,285990.62279612,288996.58771302,1246421.226797
488.23,285916.94988704,288913.50861772,1243561.7561633
488.22,285843.24276402,288830.40424598,1240702.9354506
488.21,285769.39851771,288747.1712783,1237844.9247256
488.2,285695.12168084,288663.51800535,1234987.6051076
488.19,285620.51532038,288579.54533171,1232130.9755797
488.18,285545.98593813,288495.66350186,1229275.2022776
488.17,285471.22160125,288411.56294051,1226420.1259185
488.16,285396.33741179,288327.35609073,1223565.809459
488.15,285321.30360705,288243.01438738,1220712.2717141
488.14,285246.06360086,288158.48385585,1217859.4908138
488.13,285170.67810988,288073.82574866,1215007.4152286
488.12,285095.12718348,287989.01919786,1212156.1084136
488.11,285019.42912216,287904.08000786,1209305.6026244
488.1,284943.58593495,287819.00951529,1206455.7766032
488.09,284867.56256566,287733.77355441,1203606.7585447
488.08,284791.35073667,287648.36624427,1200758.448846
488.07,284714.95540405,287562.7946923,1197910.977641
488.06,284638.35864122,287477.04308529,1195064.2566671
488.05,284561.50293567,287391.05603629,1192218.2930665
488.04,284484.40423231,287304.85041383,1189373.1169257
488.03,284406.99369314,287218.35812498,1186528.7602687
488.02,284329.14208787,287131.45482282,1183685.1329061
488.01,284250.5151762,287043.80869276,1180842.294822
488,284166.87304391,286951.18692974,1178000.212678
487.99,284054.6801257,286830.05853858,1175159.2721641
487.98,283974.51429757,286740.98239176,1172319.1797687
487.97,283894.57149218,286652.16235752,1169479.8090295
487.96,283814.62714279,286563.37124892,1166641.2531517
487.95,283734.64744923,286474.57390758,1163803.4734428
487.94,283654.60187454,286385.7395733,1160966.5046479
487.93,283574.52701317,286296.90387505,1158130.4347303
487.92,283494.43609173,286208.07821266,1155295.1114674
487.91,283414.34544936,286119.27834205,1152460.5816635
487.9,283334.18304031,286030.4326806,1149626.9079952
487.89,283254.03528895,285941.6296435,1146794.0362834
487.88,283173.84580159,285852.81177875,1143961.9491159
487.87,283093.57159223,285763.93768443,1141130.632229
487.86,283013.20280718,285675.00202014,1138300.1160036
487.85,282932.67745359,285585.94572978,1135470.3793105
487.84,282851.9946494,285496.77303171,1132641.507246
487.83,282771.03951032,285407.37234368,1129813.4074404
487.82,282689.62293737,285317.55971012,1126986.1940125
487.81,282607.34170934,285226.93882584,1124159.8143988
487.8,282520.31457022,285131.64163168,1121334.1993837
487.79,282400.30131194,285003.43891889,1118509.8169671
487.78,282312.43422357,284907.45021947,1115686.2229258
487.77,282223.37139681,284810.32650611,1112863.5476471
487.76,282133.34050084,284712.28664556,1110041.7677576
487.75,282042.57772351,284613.55947058,1107220.9348009
487.74,281951.14972117,284514.20017213,1104401.0212795
487.73,281859.10135078,284414.24946907,1101582.0139151
487.72,281766.55144019,284313.82179235,1098763.9447391
487.71,281673.45327373,284212.86945285,1095946.7679538
487.7,281579.88056522,284111.46584212,1093130.5326224
487.69,281485.85159922,284009.62838352,1090315.2170992
487.68,281391.36635134,283907.35723274,1087500.8644961
487.67,281296.32054062,283804.5485594,1084687.4314516
487.66,281200.72972792,283701.22155776,1081874.9718017
487.65,281104.51781935,283597.30396072,1079063.4864382
487.64,281007.5803082,283492.69486524,1076252.964756
487.63,280909.7697507,283387.25205888,1073443.3936258
487.62,280810.71985379,283280.61426158,1070634.8405845
487.61,280709.17996119,283171.54192549,1067827.286036
487.6,279760.95917876,282215.86260561,1065020.8161347
487.59,279614.16580547,282061.68710959,1062223.9940957
487.58,279485.83714122,281926.02922894,1059428.4840902
487.57,279356.48000342,281789.39052125,1056634.2593326
487.56,279226.67102257,281652.33980924,1053841.3136344
487.55,279096.46292444,281514.91932789,1051049.7049368
487.54,278965.98531829,281377.25682605,1048259.4063135
487.53,278835.39465851,281239.50098082,1045470.3619771
487.52,278704.81586997,281101.7703281,1042682.6765433
487.51,278574.1299498,280963.94559864,1039896.2914503
487.5,278443.46472732,280826.15081911,1037111.2349617
487.49,278312.84111415,280688.40564447,1034327.469937
487.48,278182.2119738,280550.66278846,1031545.0528818
487.47,278051.59269557,280412.93883533,1028763.8942884
487.46,277920.96010968,280275.21038318,1025984.055108
487.45,277790.35826551,280137.52254447,1023205.52247
487.44,277659.724401,279999.81034002,1020428.2497206
487.43,277529.22389896,279862.23895179,1017652.3154524
487.42,277398.57322385,279724.52696162,1014877.68373
487.41,277267.51090093,279586.40967885,1012104.4034574
487.4,277106.85961866,279418.72281258,1009332.4257887
487.39,276104.89766017,278409.70832213,1006570.4954173
487.38,275958.78921582,278256.51952969,1003810.1596158
487.37,275813.39049885,278104.02751426,1001051.2688253
487.36,275668.24539298,277951.77632185,998293.85347275
487.35,275523.10973533,277799.52692752,995537.93043858
487.34,275377.98206541,277647.27903824,992783.4636435
487.33,275232.6629736,277494.83185545,990030.41098406
487.32,275087.26310556,277342.29683722,987278.81160331
487.31,274941.65044129,277189.54804266,984528.64064152
487.3,274795.83012424,277036.59313467,981779.95087437
487.29,274649.71551733,276883.34627008,979032.74858948
487.28,274503.354041,276729.85618183,976287.01795628
487.27,274356.8462083,276576.22435321,973542.66549927
487.26,274210.02044894,276422.27793997,970799.84866801
487.25,274062.92883173,276268.06973615,968058.46794085
487.24,273915.59687429,276113.62264509,965318.56176383
487.23,273768.03313754,275958.94285882,962580.14218671
487.22,273620.13963122,275803.93292013,959843.24844653
487.21,273470.4545547,275647.13121626,957107.79212075
487.2,271970.17036935,274139.75019072,954373.90773153
487.19,271692.98934718,273855.42949338,951655.81414728
487.18,271486.87758124,273642.12735687,948939.93859239
487.17,271283.64942209,273431.68034492,946226.07491488
487.16,271081.87453933,273222.66386726,943514.2156111
487.15,270881.47164086,273015.00188171,940804.38090357
487.14,270682.16900671,272808.42739099,938096.51455827
487.13,270484.25732871,272603.23160323,935390.72050384
487.12,270287.59769777,272399.27914495,932686.8915784
487.11,270091.92713216,272196.30917621,929985.04019511
487.1,269897.46938868,271994.5474446,927285.07149163
487.09,269704.08782739,271793.86027255,924587.10879774
487.08,269511.66807213,271594.13480994,921891.01762114
487.07,269320.3636805,271395.52561658,919196.88616148
487.06,269130.12130226,271197.97892553,916504.65728235
487.05,268940.72566558,271001.28405197,913814.3413072
487.04,268752.20744283,270805.47648697,911125.87046719
487.03,268564.66322282,270610.6544362,908439.30039113
487.02,268377.83261468,270416.55768395,905754.5954677
487.01,268190.54757348,270222.03144986,903071.7823627
487,267959.67151693,269983.97238979,900390.97667183
486.99,267141.52996506,269158.7153556,897718.60361862
486.98,266968.54587428,268978.6195704,895048.04594962
486.97,266796.09797929,268799.06936287,892379.22847556
486.96,266623.91563982,268619.79273287,889712.14752164
486.95,266452.12722469,268440.91861772,887046.77323278
486.94,266280.68099661,268262.39370108,884383.10755643
486.93,266109.5017975,268084.14181033,881721.17363653
486.92,265938.68802193,267906.25962306,879060.9179724
486.91,265768.13908227,267728.6467206,876402.38435789
486.9,265597.97833433,267551.42707815,873745.59532478
486.89,265428.13313262,267374.52941408,871090.49050974
486.88,265258.52265509,267197.87685151,868437.10212096
486.87,265089.22095663,267021.54821371,865785.38850857
486.86,264920.00249076,266845.32016096,863135.32918419
486.85,264750.87184913,266669.20578654,860487.01823167
486.84,264581.59786113,266492.97827078,857840.37834721
486.83,264412.00989617,266316.47401059,855195.45260612
486.82,264241.70353128,266139.29988467,852552.23013799
486.81,264069.05354993,265959.8415271,849910.73510227
486.8,263852.67314835,265736.73761011,847271.05216035
486.79,262374.69386008,264252.12341376,844646.05426421
486.78,262148.23567892,264019.04210674,842023.42216313
486.77,261923.03962274,263787.23868984,839403.05039804
486.76,261698.40773948,263556.01893164,836784.9919252
486.75,261474.39971709,263325.43939391,834169.10494153
486.74,261250.72651421,263095.21009722,831555.53507834
486.73,261027.75558207,262865.6960592,828944.16471142
486.72,260805.33920238,262636.74634643,826335.01553607
486.71,260583.38013622,262408.26290152,823728.09494998
486.7,260361.94112858,262180.30915548,821123.34717574
486.69,260141.15035702,261953.01327408,818520.85954459
486.68,259920.89981383,261726.26989277,815920.5435924
486.67,259701.1213317,261500.00792713,813322.45432863
486.66,259481.77877578,261274.19432149,810726.55816901
486.65,259262.7266873,261048.69063974,808132.85400056
486.64,259043.86479145,260823.40029475,805541.36556398
486.63,258824.94176292,260598.07665285,802952.11316337
486.62,258605.14912512,260371.91892741,800365.02059
486.61,258383.14172444,260143.59370114,797780.1086937
486.6,257143.57241111,258897.77723562,795197.49619098
486.59,256890.80062493,258638.84192944,792627.42075466
486.58,256668.16558399,258410.05468558,790059.6211747
486.57,256446.88898611,258182.63825664,787494.06257898
486.56,256226.57670875,257956.1933853,784930.6946329
486.55,256007.28574127,257730.77281117,782369.53307277
486.54,255789.11719549,257506.47562992,779810.53495014
486.53,255572.0505881,257283.28242511,777253.74847727
486.52,255356.20106314,257061.30845589,774699.10024704
486.51,255141.49917526,256840.48358113,772146.61234245
486.5,254927.89931057,256620.76246091,769596.26982695
486.49,254715.33132144,256402.07644155,767048.05273555
486.48,254503.81648084,256184.44878562,764501.99466279
486.47,254293.36072178,255967.88901677,761958.04983037
486.46,254083.89984526,255752.33245257,759416.22289924
486.45,253875.30607794,255537.65311643,756876.40803926
486.44,253667.80679833,255324.07704184,754338.72138608
486.43,253461.40748363,255111.60758916,751803.10298266
486.42,253256.2822057,254900.41312821,749269.49309992
486.41,253051.51174179,254689.5708933,746737.95237669
486.4,252827.09202117,254459.08704069,744208.4781842
486.39,252530.35642317,254156.25543579,741682.015123
486.38,252333.61923853,253953.35073681,739157.69790213
486.37,252139.87856852,253753.38520051,736635.34469422
486.36,251947.69559415,253554.93369529,734114.89858209
486.35,251757.33257043,253358.26922354,731596.37028966
486.34,251568.381028,253162.99496148,729079.7231875
486.33,251380.55882401,252968.83894661,726564.98341264
486.32,251193.76176896,252775.69869296,724052.16407548
486.31,251007.95847077,252583.54556156,721541.1357541
486.3,250823.11440231,252392.3468178,719032.01745246
486.29,250639.20964593,252202.08718063,716524.68904809
486.28,250456.15052086,252012.67435333,714019.23185002
486.27,250273.93828402,251824.10929,711515.55095127
486.26,250092.52671711,251636.3477362,709013.72221981
486.25,249911.87483621,251449.35299448,706513.69908472
486.24,249731.987259,251263.13073099,704015.45686077
486.23,249552.75311061,251077.57012758,701519.08181645
486.22,249373.92572073,250892.42586134,699024.47091898
486.21,249194.37352782,250706.56963814,696531.65373681
486.2,248819.33457642,250325.25517581,694040.59809925
486.19,248626.09527105,250125.75439573,691553.38387693
486.18,248451.48401625,249944.83655521,689067.9878127
486.17,248278.22638819,249765.24324881,686584.3699587
486.16,248105.20137643,249585.86346816,684102.43294893
486.15,247931.83463756,249406.12781078,681622.26330575
486.14,247757.93148072,249225.84405557,679143.79528638
486.13,247583.51459635,249045.042503,676667.12680619
486.12,247408.424974,248863.57075908,674192.14268106
486.11,247232.65178323,248681.42288355,671718.95050241
486.1,247056.15062226,248498.55563368,669247.52662458
486.09,246878.9146818,248314.96131873,666777.84369172
486.08,246700.92683454,248130.62571204,664309.98266506
486.07,246522.12280926,247945.4853498,661843.89445892
486.06,246342.35237522,247759.39379683,659379.57581452
486.05,246161.5678443,247572.30483837,656917.11407163
486.04,245979.69279101,247384.14530759,654456.40571192
486.03,245796.37592726,247194.57087861,651997.59137581
486.02,245611.53608921,247003.50458125,649540.57578388
486.01,245423.12431123,246808.91030764,647085.42898628
486,245184.93791434,246564.61108607,644632.24726224
485.99,244558.93018184,245932.52374352,642185.36183879
485.98,244344.87274002,245712.35390414,639740.8406923
485.97,244131.79786618,245493.15003451,637298.4679773
485.96,243918.73698896,245273.94506267,634858.21247272
485.95,243705.17899576,245054.23677523,632420.0815928
485.94,243491.12530919,244834.03247916,629984.11643716
485.93,243276.40864584,244613.16466673,627550.2910783
485.92,243061.11779674,244391.72261461,625118.59944146
485.91,242845.17488056,244169.63222483,622689.04586276
485.9,242628.41422714,243946.73176676,620261.71814855
485.89,242410.91239392,243723.10056178,617836.57865831
485.88,242192.5901004,243498.66240413,615413.63317365
485.87,241973.4098809,243273.38025758,612992.8283857
485.86,241753.36095257,243047.24415766,610574.23994351
485.85,241532.40253849,242820.21651906,608157.84332407
485.84,241310.23295946,242591.99909198,605743.64491953
485.83,241086.65067332,242362.39717315,603331.6339488
485.82,240861.47899164,242131.24244595,600921.89997221
485.81,240633.91118668,241897.73458138,598514.45365115
485.8,240376.42169645,241634.36586413,596109.34431787
485.79,239915.96701048,241168.04735446,593708.63922335
485.78,239641.38513407,240887.57741043,591310.86118301
485.77,239369.51849838,240609.81858751,588915.83828003
485.76,239099.1682772,240333.57457243,586523.49831843
485.75,238829.9272915,240058.44315974,584133.84536885
485.74,238561.67395597,239784.30941227,581746.9088629
485.73,238294.20091757,239510.96586375,579362.64141194
485.72,238027.56630019,239238.4707158,576981.01853698
485.71,237761.58071576,238966.63672743,574602.12255309
485.7,237496.41257641,238695.63445237,572225.83531903
485.69,237231.90746172,238425.30976456,569852.21688491
485.68,236968.00744956,238155.60807962,567481.26887637
485.67,236704.74054357,237886.56044948,565112.95472378
485.66,236442.14677261,237618.21007158,562747.24290909
485.65,236179.83532433,237350.17264104,560384.12602936
485.64,235917.71964004,237082.36705626,558023.66807044
485.63,235655.38246578,236814.38396965,555665.84166579
485.62,235392.05050935,236545.45967268,553310.67915215
485.61,235125.9080041,236273.78869548,550958.13400133
485.6,234743.0269475,235885.47438329,548608.26030218
485.59,234326.97296017,235464.05334854,546263.60196607
485.58,234076.9969745,235208.68575877,543921.58001482
485.57,233828.93910397,234955.22617763,541582.06636403
485.56,233581.19541907,234702.07368339,539245.01924435
485.55,233333.45777044,234448.92572359,536910.4087834
485.54,233085.62996829,234195.69008899,534578.30043045
485.53,232837.77615263,233942.42699871,532248.65128016
485.52,232589.94316538,233689.1831885,529921.50199371
485.51,232342.04349217,233435.87076698,527596.81052447
485.5,232094.09594253,233182.50987238,525274.65430577
485.49,231845.98112466,232928.98205002,522954.96025451
485.48,231597.69369394,232675.28402935,520637.78312152
485.47,231349.24132129,232421.42399783,518323.07116749
485.46,231100.62984352,232167.40802775,516010.89440764
485.45,230851.89176455,231913.26777952,513701.11024286
485.44,230602.83493097,231658.81389041,511393.84960769
485.43,230353.60552866,231404.19288523,509089.07338123
485.42,230103.8731671,231149.06977004,506786.78438331
485.41,229852.20902307,230892.0167914,504486.99928765
485.4,229350.63865875,230385.07590933,502189.70251776
485.39,229014.36321904,230043.39552652,499898.34232585
485.38,228811.51231649,229835.03623732,497609.1877598
485.37,228611.78698949,229629.73858356,495322.06876219
485.36,228412.95247187,229425.28620903,493036.94658387
485.35,228214.54655961,229221.23221751,490753.81267125
485.34,228015.88212613,229016.89983994,488472.67137686
485.33,227816.80629187,228812.14183146,486193.5039501
485.32,227617.24406866,228606.88898043,483916.3558372
485.31,227417.19304667,228401.14355922,481641.20210291
485.3,227216.61728819,228194.87334428,479368.03249487
485.29,227015.2252976,227987.79147547,477096.88728055
485.28,226813.11176948,227779.99206814,474827.78744062
485.27,226610.26652122,227571.46528151,472560.67654255
485.26,226406.71524115,227362.23725328,470295.56103026
485.25,226202.39906769,227152.25282323,468032.54760387
485.24,225997.10709649,226941.30467108,465771.53774608
485.23,225790.77073521,226729.32337639,463512.6733334
485.22,225582.92216472,226515.84400027,461255.83638101
485.21,225371.73517393,226299.04898077,459001.06916887
485.2,224833.87420882,225755.63904147,456748.44411297
485.19,224582.82464674,225499.04773015,454501.38017491
485.18,224366.38714814,225276.98606626,452256.6305539
485.17,224154.35958561,225059.2876696,450014.03986753
485.16,223944.09890288,224843.32234634,447773.56914612
485.15,223735.15156837,224628.64707416,445535.19833472
485.14,223526.97003666,224414.72318476,443298.90985436
485.13,223319.30960191,224201.31598504,441064.66733459
485.12,223112.03223643,223988.29418223,438832.48246704
485.11,222905.05461184,223775.57920925,436602.41774727
485.1,222698.39422787,223563.19188855,434374.43155753
485.09,222492.0150093,223351.10115244,432148.48107426
485.08,222285.72445221,223139.11513288,429924.62779939
485.07,222079.6197466,222927.3343245,427702.81621689
485.06,221873.61677759,222715.67516904,425483.09000472
485.05,221667.65927162,222504.08374865,423265.39893319
485.04,221461.69237909,222292.50480461,421049.7570476
485.03,221255.55957597,222080.78919899,418836.15231527
485.02,221048.71946139,221868.40359429,416624.68671717
485.01,220839.51992308,221653.70808491,414415.26010719
485,220592.35509884,221401.12880024,412208.02685471
484.99,220075.329527,220878.72921856,410005.97727976
484.98,219851.20417334,220649.19301709,407806.33159433
484.97,219630.25331752,220422.8062423,405608.91232769
484.96,219411.42491791,220198.52024556,403413.706915
484.95,219194.02693959,219975.65378145,401220.69661017
484.94,218977.6964924,219753.85258012,399029.85525013
484.93,218762.69441081,219533.37710665,396841.17374321
484.92,218548.74086751,219313.95126642,394654.6750092
484.91,218335.63539629,219095.37752801,392470.27949289
484.9,218123.70747449,218877.98705387,390288.00182705
484.89,217912.70155848,218661.5279793,388107.80293752
484.88,217702.57008476,218445.95603823,385929.73679385
484.87,217493.24460811,218231.20509904,383753.78914823
484.86,217284.6044043,218017.15795316,381579.89566324
484.85,217076.53488573,217803.70647438,379408.12633112
484.84,216869.08641981,217590.90894266,377238.43371597
484.83,216661.77375849,217378.28476672,375070.84091173
484.82,216453.96115964,217165.20600587,372905.3129024
484.81,216243.45272106,216949.49602852,370741.87834765
484.8,216000.9104792,216701.84114797,368580.60581838
484.79,215499.75496817,216195.59825299,366424.12524037
484.78,215238.2471838,215928.96825765,364270.44385784
484.77,214978.94443697,215664.52853202,362119.38084568
484.76,214720.10216255,215400.54491047,359970.895381
484.75,214461.12977487,215136.43119495,357825.02183826
484.74,214201.86222809,214872.02439665,355681.69250844
484.73,213942.30910688,214607.33849639,353540.9771911
484.72,213682.51451481,214342.41806494,351402.86999177
484.71,213422.41742493,214077.20126162,349267.3835088
484.7,213161.9708082,213811.6440001,347134.45540636
484.69,212901.18733818,213545.76066105,345004.17960568
484.68,212639.88397243,213279.37356674,342876.5087183
484.67,212378.27835422,213012.7009027,340751.46455585
484.66,212116.13510107,212745.51363758,338629.02949387
484.65,211853.34009152,212477.69974527,336509.21255219
484.64,211589.68934562,212209.05747476,334392.01495121
484.63,211325.00902481,211939.42582167,332277.47757598
484.62,211058.27770947,211667.79712766,330165.61958135
484.61,210786.34594018,211391.04277475,328056.45311085
484.6,210219.79659865,210819.77472426,325949.91860509
484.59,209900.90001911,210496.15307921,323849.41524267
484.58,209637.95722416,210228.4430835,321751.69040524
484.57,209377.37102585,209963.08688491,319656.62466298
484.56,209117.27407097,209698.22091979,317564.1520036
484.55,208857.29257164,209433.47513389,315474.31178439
484.54,208597.12542536,209168.54957117,313387.07787126
484.53,208337.16102614,208903.83171312,311302.44037409
484.52,208076.92246118,208638.84961582,309220.39910685
484.51,207816.39314667,208373.58778399,307140.97182366
484.5,207555.64880846,208108.12534611,305064.12543693
484.49,207294.72781012,207842.50172199,302989.91112948
484.48,207033.4364876,207576.52477362,300918.31800527
484.47,206771.96207516,207310.38368086,298849.31255737
484.46,206510.03633431,207043.81333707,296782.90877469
484.45,206247.76426296,206776.92082029,294719.12529127
484.44,205985.20622411,206509.76583898,292657.92873301
484.43,205722.3037373,206242.28903393,290599.42968546
484.42,205458.60890345,205974.04328086,288543.54009997
484.41,205192.48130815,205703.39610581,286490.30408109
484.4,204876.89958622,205383.34566856,284439.77734765
484.39,204085.85206172,204587.79223309,282397.1920436
484.38,203803.6715711,204300.99716499,280357.7164147
484.37,203526.5744915,204019.22217095,278321.10440568
484.36,203251.75548345,203739.68267098,276287.21983604
484.35,202978.31304506,203461.49260386,274256.10523179
484.34,202705.75574368,203184.16871342,272227.73302032
484.33,202433.72542355,202907.36280962,270202.03890756
484.32,202162.17064562,202631.03009076,268179.08902636
484.31,201890.99464343,202355.07882478,266158.84924844
484.3,201620.10651683,202079.4215467,264141.27930217
484.29,201349.42243906,201803.97964059,262126.42692899
484.28,201078.90245789,201528.71443289,260114.29027875
484.27,200808.51692366,201253.59912528,258104.87518137
484.26,200538.2384503,200978.60617819,256098.17218899
484.25,200267.99212329,200703.66123075,254094.15598566
484.24,199997.60175082,200428.59276388,252092.85617729
484.23,199726.75458075,200153.09279828,250094.2780316
484.22,199454.80276432,199876.52249501,248098.3626784
484.21,199178.85965794,199596.01505267,246105.25231131
484.2,198365.68029524,198778.35724382,244114.82575793
484.19,198015.09692098,198423.27587409,242133.02107864
484.18,197723.06612594,198126.65385917,240154.30307506
484.17,197436.66309627,197835.60931223,238178.5084558
484.16,197152.43986482,197546.71923272,236205.5961423
484.15,196869.48172789,197259.07893894,234235.51460554
484.14,196587.49429508,196972.40125499,232268.2327649
484.13,196306.20175533,196686.41770281,230303.75559987
484.12,196025.57930073,196401.1081943,228342.13047543
484.11,195745.57936887,196116.43045946,226383.32931378
484.1,195466.09552618,195832.28051073,224427.26286958
484.09,195187.02230123,195548.55634112,222474.02278587
484.08,194908.49481713,195265.39396348,220523.60156283
484.07,194630.4489738,194982.73043021,218575.90032233
484.06,194352.61308604,194700.30331523,216631.03732238
484.05,194074.98307493,194418.11053369,214688.94886146
484.04,193797.34994106,194135.94924011,212749.60761025
484.03,193519.0358649,193853.15596335,210813.06923305
484.02,193238.86354815,193568.56986706,208879.31916376
484.01,192953.02924029,193278.40665012,206948.39856762
484,192137.16797254,192458.3457018,205020.44436542
483.99,191573.4553539,191890.52572886,203102.96058944
483.98,191254.39789957,191567.31563338,201188.86802865
483.97,190941.48642373,191250.24189022,199277.89764134
483.96,190630.51904067,190935.11803231,197370.06730505
483.95,190320.62265542,190621.07780678,195465.32259691
483.94,190011.75049022,190308.07757457,193563.68643357
483.93,189703.5155145,189995.7325516,191665.13334736
483.92,189395.94668528,189684.07390232,189769.65674717
483.91,189089.27054978,189373.32868542,187877.27830707
483.9,188783.1210191,189063.13273148,185987.91947835
483.89,188477.77534067,188753.76292676,184101.62976496
483.88,188173.01433335,188444.99985031,182218.39287672
483.87,187868.99017836,188136.99869721,180338.21396171
483.86,187565.39255295,187829.45394672,178461.11727291
483.85,187262.15068121,187522.30263354,176587.00816311
483.84,186959.02639323,187215.31448523,174715.94992415
483.83,186655.3635936,186907.84563543,172847.94079671
483.82,186350.40540309,186599.15546725,170982.95259085
483.81,186041.19340802,186286.3057022,169121.09049057
483.8,185686.96353687,185928.55257548,167262.33677161
483.79,184894.34475692,185132.49530811,165411.92129317
483.78,184633.21793886,184867.9233784,163564.27252731
483.77,184374.22802532,184605.49512185,161719.26460409
483.76,184115.73578171,184343.57446459,159876.83493543
483.75,183857.22388019,184081.64739826,158037.00929435
483.74,183598.61025323,183819.63126543,156199.72836926
483.73,183339.85556832,183557.48624923,154365.05633588
483.72,183080.80796278,183295.06471887,152532.96537347
483.71,182821.70881811,183032.60952062,150703.43939152
483.7,182562.31954055,182769.88301513,148876.5415201
483.69,182302.85537637,182507.10140094,147052.27579798
483.68,182042.99019888,182243.94308857,145230.57542266
483.67,181783.02110177,181980.70739217,143411.4817467
483.66,181522.58644404,181717.0361856,141595.00337166
483.65,181261.55882109,181452.80851562,139781.14224561
483.64,180999.44713452,181187.54365234,137969.88366116
483.63,180735.63294445,180920.64359438,136161.2700787
483.62,180468.97608222,180650.98582275,134355.32941473
483.61,180196.29639977,180375.42486277,132552.07370555
483.6,178958.74918114,179135.16972928,130751.63024432
483.59,178581.51849109,178755.38497089,128964.07894732
483.58,178265.75621677,178437.03430271,127179.88814741
483.57,177955.21415708,178123.8997563,125398.76506632
483.56,177646.38640532,177812.48389711,123620.74038997
483.55,177338.48483497,177502.00227305,121845.83828122
483.54,177031.18413331,177192.12984481,120073.98196748
483.53,176724.6790734,176883.06160061,118305.23841807
483.52,176418.64848993,176574.47811564,116539.51461877
483.51,176113.22774243,176266.51488036,114776.84754636
483.5,175808.51801014,175959.27199972,113017.24002562
483.49,175504.22272095,175652.45462515,111260.69328556
483.48,175200.64167095,175346.36246389,109507.19797031
483.47,174897.62076685,175040.84168292,107756.73311402
483.46,174595.19968675,174735.93287978,106009.29063521
483.45,174293.29044079,174431.54902043,104264.84586553
483.44,173991.95658392,174127.75374556,102523.44305081
483.43,173690.97056097,173824.3220265,100785.03944422
483.42,173390.19647023,173521.12235042,99049.643659596
483.41,173088.36680562,173216.89120312,97317.277208396
483.4,172756.236451,172882.40017626,95587.988295998
483.39,172155.01596827,172278.81224035,93864.650928955
483.38,171824.0488731,171945.43514884,92144.76923778
483.37,171494.37035714,171613.3325577,90428.166466933
483.36,171164.26233591,171280.79405997,88714.874189682
483.35,170833.1375088,170947.23719678,87004.862053687
483.34,170500.96768747,170612.63485785,85298.209863197
483.33,170167.77539056,170277.0111331,83594.855823695
483.32,169833.23677279,169940.04426133,81894.858801321
483.31,169497.58421554,169601.96640866,80198.227592552
483.3,169160.89317885,169262.85407032,78504.924611612
483.29,168822.80349749,168922.34693115,76815.022970147
483.28,168483.64470911,168580.77355209,75128.480697893
483.27,168143.24225091,168237.96064953,73445.354178417
483.26,167801.6080936,167893.92256678,71765.641741632
483.25,167458.70125584,167548.62087099,70089.345479124
483.24,167114.35863314,167201.89450059,68416.495953352
483.23,166768.27258852,166853.44042088,66747.096262687
483.22,166419.52305075,166502.34438604,65081.177162646
483.21,166063.78949626,166144.29641033,63418.785881354
483.2,164873.55845455,164951.85399277,61760.105640174
483.19,163500.7131575,163576.69194044,60122.506560197
483.18,163091.67309494,163165.17145011,58489.548849624
483.17,162691.00339087,162761.94195794,56860.633534
483.16,162293.07407513,162361.40881553,55235.71741876
483.15,161895.73873998,161961.44569749,53614.77025814
483.14,161498.16750194,161561.23244091,51997.779296436
483.13,161099.96461489,161160.37957479,50384.799140639
483.12,160701.05839443,160758.82517915,48775.796271406
483.11,160301.44531011,160356.56992572,47170.82535651
483.1,159900.68126492,159953.17301284,45569.814380535
483.09,159498.95343068,159548.82250716,43972.826938787
483.08,159096.30734442,159143.56712621,42379.873654094
483.07,158692.64806288,158737.31656368,40790.988701114
483.06,158287.72821913,158329.83158558,39206.139237048
483.05,157881.26614544,157920.83884872,37625.359249638
483.04,157472.86746871,157509.95594636,36048.653842305
483.03,157061.48082306,157096.14919615,34476.067833642
483.02,156643.13262257,156675.47840018,32907.660446154
483.01,156215.8901903,156246.07625958,31343.481591023
483,155639.06933154,155667.35630192,29783.877598461
482.99,153357.26827044,153383.95528656,28247.596069129
482.98,152865.0486256,152890.14643782,26716.501689879
482.97,152374.66505591,152398.20288456,25190.297847628
482.96,151884.12071461,151906.12217298,23669.001999831
482.95,151393.39098958,151413.87311133,22152.636452336
482.94,150902.57750788,150921.55204372,20641.160951375
482.93,150411.73067436,150429.20663303,19134.599796394
482.92,149920.93094324,149936.9155104,17632.9415011
482.91,149430.14112721,149444.64165276,16136.191610081
482.9,148939.30940221,148952.33360514,14644.33490415
482.89,148448.54708131,148460.10240813,13157.405516683
482.88,147957.77266241,147967.86779533,11675.396950016
482.87,147466.9899816,147475.63551588,10198.297931432
482.86,146976.01396279,146983.22351056,8726.088410542
482.85,146484.77128439,146490.56352061,7258.8256497918
482.84,145992.50570382,145996.90921665,5796.4922307719
482.83,145497.98098441,145501.04430997,4339.1395934524
482.82,144996.91824225,144998.72846746,2886.8076654624
482.81,144474.08244622,144474.80612998,1439.6211010379
482.8,33140.978661919,33140.978718785,0.4031673561969
482.79,0,0,0
