msl_height_m,z_factor,area_m2,volume_m3
490.5,1,325588.17431892,1924831.9028941
490.49,1,325329.53681148,1921577.3328207
490.48,1,325070.96122755,1918325.2594952
490.47,1,324812.56339069,1915075.8372717
490.46,1,324554.23746429,1911828.9223907
490.45,1,324296.19840635,1908584.6045796
490.44,1,324038.37448733,1905342.9537075
490.43,1,323780.31346259,1902103.8861224
490.42,1,323520.96327169,1898867.3732508
490.41,1,323254.7703268,1895633.4937093
490.4,1,322850.90351689,1892402.5259835
490.39,1,321169.48549544,1889188.8624722
490.38,1,320922.74637299,1885978.3210373
490.37,1,320688.93035423,1882770.2680796
490.36,1,320459.38467626,1879564.5511619
490.35,1,320232.25391716,1876361.0360788
490.34,1,320006.80870923,1873159.8403142
490.33,1,319782.64968488,1869960.8721248
490.32,1,319559.53947886,1866764.1746504
490.31,1,319337.45160133,1863569.6882728
490.3,1,319116.11146962,1860377.4493782
490.29,1,318895.49862694,1857187.4190746
490.28,1,318675.51763238,1853999.5281457
490.27,1,318456.17851872,1850813.8687482
490.26,1,318237.20207662,1847630.4164267
490.25,1,318018.6504534,1844449.1267047
490.24,1,317800.0747113,1841270.1013651
490.23,1,317580.14673741,1838093.2536219
490.22,1,317355.79962895,1834918.6568182
490.21,1,317117.27117671,1831746.3314545
490.2,1,315321.84388147,1828576.609132
490.19,1,314985.29095638,1825425.3189813
490.18,1,314754.80334878,1822276.6650484
490.17,1,314531.71502733,1819130.2569062
490.16,1,314312.10060566,1815986.1206991
490.15,1,314095.25944715,1812844.0720364
490.14,1,313880.61339122,1809704.1751996
490.13,1,313668.01564878,1806566.4209613
490.12,1,313457.41778584,1803430.7613921
490.11,1,313248.70322901,1800297.2455334
490.1,1,313041.85312043,1797165.7765731
490.09,1,312836.80828555,1794036.4193345
490.08,1,312633.50058752,1790909.120043
490.07,1,312431.91614936,1787783.8828942
490.06,1,312232.01997991,1784660.6460546
490.05,1,312033.48620614,1781539.4187106
490.04,1,311835.9486428,1778420.1250922
490.03,1,311638.60947078,1775302.8732425
490.02,1,311439.00234003,1772187.5765013
490.01,1,311228.82997705,1769074.3531835
490,1,310873.1032863,1765963.4900542
489.99,1,309723.08514616,1762865.1589163
489.98,1,309549.18200853,1759768.7362509
489.97,1,309379.56946447,1756674.0791536
489.96,1,309211.1697816,1753581.1481606
489.95,1,309043.52449501,1750489.8990714
489.94,1,308876.43339088,1747400.294549
489.93,1,308709.80517185,1744312.3770924
489.92,1,308543.73717881,1741226.0555606
489.91,1,308378.16819031,1738141.5165157
489.9,1,308212.99207225,1735058.5729155
489.89,1,308048.30701076,1731977.261997
489.88,1,307884.01495713,1728897.6614809
489.87,1,307720.13189097,1725819.6938243
489.86,1,307556.42993468,1722743.3880805
489.85,1,307392.93448219,1719668.7023854
489.84,1,307229.23397305,1716595.6600502
489.83,1,307064.80832526,1713524.2337389
489.82,1,306897.98371016,1710454.4363393
489.81,1,306724.20454713,1707386.3914463
489.8,1,306471.52273581,1704320.2680112
489.79,1,305320.35851222,1701265.9872819
489.78,1,305156.85341689,1698213.642694
489.77,1,304996.58932228,1695162.8519716
489.76,1,304837.65297778,1692113.6615758
489.75,1,304679.54193437,1689066.0691295
489.74,1,304522.16932415,1686020.0677445
489.73,1,304365.68827534,1682975.6527669
489.72,1,304209.99183712,1679932.8392697
489.71,1,304055.10530309,1676891.4600323
489.7,1,303901.08838573,1673851.7406958
489.69,1,303747.8078052,1670813.4823932
489.68,1,303595.38937186,1667776.8298904
489.67,1,303443.85399182,1664741.6725648
489.66,1,303293.11472787,1661708.0167959
489.65,1,303142.78687538,1658675.7961467
489.64,1,302992.5428894,1655645.1614623
489.63,1,302841.51787646,1652616.0060849
489.62,1,302687.782283,1649588.4715397
489.61,1,302526.71820379,1646562.4785364
489.6,1,301739.89109272,1643538.2164867
489.59,1,301550.28196717,1640521.8742391
489.58,1,301394.81108971,1637507.2197397
489.57,1,301239.44832112,1634494.0165123
489.56,1,301084.16214667,1631482.3951735
489.55,1,300929.40521413,1628472.3057532
489.54,1,300775.25974925,1625463.7590197
489.53,1,300621.71354971,1622456.7729032
489.52,1,300468.72284037,1619451.3170382
489.51,1,300316.29618762,1616447.3000027
489.5,1,300164.52862608,1613444.9319478
489.49,1,300013.27591264,1610444.0173448
489.48,1,299862.58622433,1607444.5930314
489.47,1,299712.50264577,1604446.718559
489.46,1,299562.93609427,1601450.3446648
489.45,1,299413.77408838,1598455.4724356
489.44,1,299264.86806599,1595462.0162961
489.43,1,299115.74350962,1592470.1267521
489.42,1,298964.85865004,1589479.7778056
489.41,1,298806.56880161,1586490.9615755
489.4,1,298551.84888222,1583503.9153768
489.39,1,296838.12705051,1580534.3602253
489.38,1,296660.45488627,1577566.834908
489.37,1,296487.22539002,1574601.0268989
489.36,1,296316.63673656,1571636.9871561
489.35,1,296148.24972432,1568674.6777429
489.34,1,295981.95013476,1565714.0163252
489.33,1,295817.76531035,1562754.9976601
489.32,1,295655.50279618,1559797.5867666
489.31,1,295495.20580661,1556841.798732
489.3,1,295336.9574098,1553887.6114458
489.29,1,295180.7245822,1550934.9520858
489.28,1,295026.38830911,1547983.8767252
489.27,1,294874.00895345,1545034.3582924
489.26,1,294723.85654548,1542086.3609643
489.25,1,294575.62108547,1539139.8888638
489.24,1,294429.47474265,1536194.8351113
489.23,1,294285.58589725,1533251.225472
489.22,1,294144.15364712,1530308.9801397
489.21,1,294005.70773941,1527368.2205112
489.2,1,293447.44491384,1524428.7714924
489.19,1,293343.90033394,1521494.7669134
489.18,1,293251.32336933,1518561.7284057
489.17,1,293160.71954251,1515629.6565953
489.16,1,293071.14192562,1512698.4514312
489.15,1,292982.29930869,1509768.1303155
489.14,1,292894.00726849,1506838.6950446
489.13,1,292806.26614796,1503910.109441
489.12,1,292719.10653711,1500982.4454629
489.11,1,292632.50123871,1498055.6269737
489.1,1,292546.4304882,1495129.7332866
489.09,1,292460.80522782,1492204.696838
489.08,1,292375.64253937,1489280.5058131
489.07,1,292291.02279983,1486357.15604
489.06,1,292206.87485341,1483434.6079881
489.05,1,292123.19478133,1480512.9900536
489.04,1,292039.94859637,1477592.1420387
489.03,1,291957.11114446,1474672.1813453
489.02,1,291874.74683421,1471753.0165594
489.01,1,291792.88645025,1468834.6627917
489,1,291711.39380187,1465917.183056
488.99,1,291629.97569635,1463000.4388212
488.98,1,291549.89354212,1460084.4867828
488.97,1,291470.2555432,1457169.3844267
488.96,1,291390.88598792,1454255.069173
488.95,1,291311.6870993,1451341.5620411
488.94,1,291232.68019669,1448428.8738585
488.93,1,291153.86466753,1445516.8740723
488.92,1,291075.24987627,1442605.7158012
488.91,1,290996.79863944,1439695.2819464
488.9,1,290918.55314856,1436785.673304
488.89,1,290840.48570156,1433876.8830075
488.88,1,290762.57673596,1430968.8174983
488.87,1,290684.87634716,1428061.5598544
488.86,1,290607.31934,1425155.0669105
488.85,1,290529.93706361,1422249.3957137
488.84,1,290452.7388562,1419344.4679611
488.83,1,290375.70003922,1416440.2927267
488.82,1,290298.82125685,1413536.9222839
488.81,1,290222.06524005,1410634.2644526
488.8,1,290145.45393881,1407732.4119656
488.79,1,290069.0159094,1404831.3032069
488.78,1,289992.86630174,1401930.957596
488.77,1,289916.86606616,1399031.4112872
488.76,1,289840.96597849,1396132.6544669
488.75,1,289765.19390197,1393234.6316031
488.74,1,289689.54640971,1390337.3398593
488.73,1,289614.00595039,1387440.8647572
488.72,1,289538.5927502,1384545.0927503
488.71,1,289463.3326396,1381650.0718537
488.7,1,289388.16373181,1378755.8348425
488.69,1,289313.10567084,1375862.3110327
488.68,1,289238.15997566,1372969.6331738
488.67,1,289163.29959511,1370077.6250882
488.66,1,289088.54970741,1367186.3441058
488.65,1,289013.89596013,1364295.8432313
488.64,1,288939.37116718,1361406.0363445
488.63,1,288864.96946686,1358517.038647
488.62,1,288790.65623378,1355628.7252792
488.61,1,288716.49204944,1352741.2664207
488.6,1,288642.4211695,1349854.4726447
488.59,1,288568.41107267,1346968.4341843
488.58,1,288494.53020499,1344083.1401392
488.57,1,288420.71944385,1341198.5610089
488.56,1,288346.94793099,1338314.7585372
488.55,1,288273.22328119,1335431.6181384
488.54,1,288199.48631077,1332549.2248697
488.53,1,288125.72253006,1329667.5174676
488.52,1,288051.94501232,1326786.6239291
488.51,1,287978.23913128,1323906.4862618
488.5,1,287904.55626254,1321027.0312113
488.49,1,287830.86405806,1318148.339866
488.48,1,287757.17404858,1315270.4238604
488.47,1,287683.45844586,1312393.2419617
488.46,1,287609.7106869,1309516.809464
488.45,1,287535.99554177,1306641.1109467
488.44,1,287462.26540637,1303766.0916421
488.43,1,287388.57911332,1300891.8656056
488.42,1,287314.93462473,1298018.3973408
488.41,1,287241.32668643,1295145.6276492
488.4,1,287167.67560693,1292273.5687561
488.39,1,287093.57679141,1289402.2576915
488.38,1,287020.05793831,1286531.7077254
488.37,1,286946.62747896,1283661.8768048
488.36,1,286873.17889566,1280792.7929993
488.35,1,286799.69033225,1277924.4814024
488.34,1,286726.19515601,1275056.8270583
488.33,1,286652.69483421,1272189.9929577
488.32,1,286579.22636461,1269323.884438
488.31,1,286505.73053673,1266458.5017737
488.3,1,286432.19649884,1263593.7947883
488.29,1,286358.65906681,1260729.8334769
488.28,1,286285.10943089,1257866.6622628
488.27,1,286211.53946767,1255004.1894374
488.26,1,286137.91690328,1252142.4398658
488.25,1,286064.28357239,1249281.492802
488.24,1,285990.62279611,1246421.226797
488.23,1,285916.94988703,1243561.7561632
488.22,1,285843.24276401,1240702.9354506
488.21,1,285769.3985177,1237844.9247253
488.2,1,285695.12168083,1234987.6051075
488.19,1,285620.51532037,1232130.9755797
488.18,1,285545.98593812,1229275.2022775
488.17,1,285471.22160124,1226420.1259185
488.16,1,285396.33741178,1223565.809459
488.15,1,285321.30360704,1220712.271714
488.14,1,285246.06360085,1217859.4908138
488.13,1,285170.67810988,1215007.4152285
488.12,1,285095.12718348,1212156.1084126
488.11,1,285019.42912216,1209305.6026243
488.1,1,284943.58593494,1206455.7766028
488.09,1,284867.56256565,1203606.7585447
488.08,1,284791.35073667,1200758.448846
488.07,1,284714.95540404,1197910.9776409
488.06,1,284638.35864121,1195064.256667
488.05,1,284561.50293566,1192218.2930639
488.04,1,284484.4042323,1189373.1169256
488.03,1,284406.99369313,1186528.7602684
488.02,1,284329.14208786,1183685.132906
488.01,1,284250.51517619,1180842.294821
488,1,284166.87304389,1178000.2126779
487.99,1,284054.6801257,1175159.2721641
487.98,1,283974.51429756,1172319.1797687
487.97,1,283894.57149218,1169479.8090294
487.96,1,283814.62714279,1166641.2531513
487.95,1,283734.64744922,1163803.4734427
487.94,1,283654.60187453,1160966.5046478
487.93,1,283574.52701316,1158130.4347302
487.92,1,283494.43609172,1155295.1114673
487.91,1,283414.34544935,1152460.5816635
487.9,1,283334.1830403,1149626.9079951
487.89,1,283254.03528894,1146794.0362833
487.88,1,283173.84580159,1143961.9491158
487.87,1,283093.57159222,1141130.632228
487.86,1,283013.20280717,1138300.1160035
487.85,1,282932.67745358,1135470.3793102
487.84,1,282851.99464939,1132641.507246
487.83,1,282771.03951031,1129813.4074404
487.82,1,282689.62293736,1126986.1940125
487.81,1,282607.34170933,1124159.8143987
487.8,1,282520.31457021,1121334.199381
487.79,1,282400.30131193,1118509.816967
487.78,1,282312.43422356,1115686.2229255
487.77,1,282223.3713968,1112863.547647
487.76,1,282133.34050083,1110041.7677566
487.75,1,282042.57772351,1107220.9348009
487.74,1,281951.14972117,1104401.0212795
487.73,1,281859.10135078,1101582.0139151
487.72,1,281766.55144019,1098763.9447391
487.71,1,281673.45327373,1095946.7679538
487.7,1,281579.88056522,1093130.5326224
487.69,1,281485.85159922,1090315.2170992
487.68,1,281391.36635134,1087500.8644961
487.67,1,281296.32054062,1084687.4314516
487.66,1,281200.72972792,1081874.9718017
487.65,1,281104.51781934,1079063.4864381
487.64,1,281007.58030819,1076252.9647556
487.63,1,280909.76975069,1073443.3936257
487.62,1,280810.71985378,1070634.8405845
487.61,1,280709.17996118,1067827.2860359
487.6,1,279760.95917864,1065020.8161345
487.59,1,279614.16580546,1062223.9940948
487.58,1,279485.83714121,1059428.4840901
487.57,1,279356.4800034,1056634.2593323
487.56,1,279226.67102256,1053841.3136343
487.55,1,279096.46292443,1051049.7049368
487.54,1,278965.98531828,1048259.4063134
487.53,1,278835.39465849,1045470.3619771
487.52,1,278704.81586996,1042682.6765433
487.51,1,278574.12994979,1039896.2914502
487.5,1,278443.46472731,1037111.2349613
487.49,1,278312.84111414,1034327.4699369
487.48,1,278182.21197378,1031545.0528808
487.47,1,278051.59269556,1028763.8942883
487.46,1,277920.96010966,1025984.0551079
487.45,1,277790.3582655,1023205.5224699
487.44,1,277659.72440098,1020428.2497206
487.43,1,277529.22389894,1017652.3154521
487.42,1,277398.57322384,1014877.6837299
487.41,1,277267.51090091,1012104.4034564
487.4,1,277106.85961849,1009332.4257886
487.39,1,276104.89766015,1006570.4954169
487.38,1,275958.7892158,1003810.1596157
487.37,1,275813.39049884,1001051.2688252
487.36,1,275668.24539297,998293.85347271
487.35,1,275523.10973532,995537.93043843
487.34,1,275377.98206539,992783.46364254
487.33,1,275232.66297358,990030.41098395
487.32,1,275087.26310555,987278.81160298
487.31,1,274941.65044128,984528.64064141
487.3,1,274795.83012423,981779.95087432
487.29,1,274649.71551731,979032.74858943
487.28,1,274503.35404098,976287.01795623
487.27,1,274356.84620828,973542.66549922
487.26,1,274210.02044893,970799.8486679
487.25,1,274062.92883172,968058.46794052
487.24,1,273915.59687427,965318.56176371
487.23,1,273768.03313752,962580.14218574
487.22,1,273620.1396312,959843.24844639
487.21,1,273470.45455468,957107.79212069
487.2,1,271970.17036899,954373.90773148
487.19,1,271692.98934716,951655.81414724
487.18,1,271486.87758122,948939.93859206
487.17,1,271283.64942207,946226.07491476
487.16,1,271081.87453931,943514.21561053
487.15,1,270881.47164084,940804.38090345
487.14,1,270682.16900669,938096.51455791
487.13,1,270484.25732869,935390.72050379
487.12,1,270287.59769775,932686.89157834
487.11,1,270091.92713214,929985.04019506
487.1,1,269897.46938866,927285.07149148
487.09,1,269704.08782737,924587.10879676
487.08,1,269511.66807211,921891.01762103
487.07,1,269320.36368048,919196.88616115
487.06,1,269130.12130224,916504.65728223
487.05,1,268940.72566556,913814.34130715
487.04,1,268752.20744281,911125.87046714
487.03,1,268564.6632228,908439.30039108
487.02,1,268377.83261466,905754.59546765
487.01,1,268190.54757346,903071.78236258
487,1,267959.67151671,900390.9766715
486.99,1,267141.52996505,897718.6036185
486.98,1,266968.54587426,895048.04594863
486.97,1,266796.09797928,892379.22847541
486.96,1,266623.91563981,889712.14752159
486.95,1,266452.12722467,887046.77323273
486.94,1,266280.68099659,884383.10755638
486.93,1,266109.50179748,881721.1736362
486.92,1,265938.68802191,879060.91797229
486.91,1,265768.13908225,876402.38435774
486.9,1,265597.97833431,873745.59532466
486.89,1,265428.1331326,871090.49050938
486.88,1,265258.52265507,868437.10212092
486.87,1,265089.22095662,865785.38850851
486.86,1,264920.00249074,863135.32918414
486.85,1,264750.87184911,860487.01823152
486.84,1,264581.59786111,857840.37834621
486.83,1,264412.00989616,855195.45260601
486.82,1,264241.70353126,852552.23013765
486.81,1,264069.05354991,849910.73510215
486.8,1,263852.67314818,847271.0521603
486.79,1,262374.69386006,844646.05426416
486.78,1,262148.2356789,842023.42216308
486.77,1,261923.03962272,839403.05039799
486.76,1,261698.40773946,836784.99192509
486.75,1,261474.39971706,834169.1049412
486.74,1,261250.72651419,831555.53507823
486.73,1,261027.75558205,828944.16471042
486.72,1,260805.33920236,826335.01553592
486.71,1,260583.3801362,823728.09494992
486.7,1,260361.94112856,821123.34717568
486.69,1,260141.150357,818520.85954454
486.68,1,259920.89981381,815920.54359207
486.67,1,259701.12133168,813322.45432851
486.66,1,259481.77877576,810726.55816898
486.65,1,259262.7266873,808132.85400056
486.64,1,259043.86479145,805541.36556398
486.63,1,258824.94176292,802952.11316337
486.62,1,258605.14912512,800365.02059
486.61,1,258383.14172444,797780.1086937
486.6,1,257143.57241111,795197.49619098
486.59,1,256890.80062493,792627.42075466
486.58,1,256668.16558399,790059.6211747
486.57,1,256446.88898611,787494.06257898
486.56,1,256226.57670875,784930.6946329
486.55,1,256007.28574125,782369.53307265
486.54,1,255789.11719547,779810.5349498
486.53,1,255572.05058807,777253.74847716
486.52,1,255356.20106312,774699.10024471
486.51,1,255141.49917524,772146.6123424
486.5,1,254927.89931054,769596.26982689
486.49,1,254715.33132142,767048.0527355
486.48,1,254503.81648081,764501.99466274
486.47,1,254293.36072176,761958.04983004
486.46,1,254083.89984524,759416.22289912
486.45,1,253875.30607792,756876.40803824
486.44,1,253667.80679831,754338.72138596
486.43,1,253461.40748361,751803.10298261
486.42,1,253256.28220568,749269.49309987
486.41,1,253051.51174177,746737.95237664
486.4,1,252827.09202107,744208.47818415
486.39,1,252530.35642316,741682.01512288
486.38,1,252333.61923851,739157.6979021
486.37,1,252139.8785685,736635.3446941
486.36,1,251947.69559413,734114.89858175
486.35,1,251757.33257041,731596.37028961
486.34,1,251568.38102798,729079.72318745
486.33,1,251380.558824,726564.98341258
486.32,1,251193.76176894,724052.16407542
486.31,1,251007.95847075,721541.13575303
486.3,1,250823.11440229,719032.01745234
486.29,1,250639.20964591,716524.68904774
486.28,1,250456.15052084,714019.2318499
486.27,1,250273.938284,711515.55094921
486.26,1,250092.5267171,709013.72221976
486.25,1,249911.87483619,706513.69908466
486.24,1,249731.98725898,704015.45686072
486.23,1,249552.75311059,701519.0818164
486.22,1,249373.92572071,699024.47091863
486.21,1,249194.3735278,696531.65373669
486.2,1,248819.33457637,694040.59809821
486.19,1,248626.09527103,691553.38387681
486.18,1,248451.48401623,689067.98781264
486.17,1,248278.22638817,686584.36995865
486.16,1,248105.20137641,684102.43294888
486.15,1,247931.83463755,681622.26330569
486.14,1,247757.93148071,679143.79528626
486.13,1,247583.51459634,676667.12680616
486.12,1,247408.42497399,674192.14268094
486.11,1,247232.65178321,671718.95050206
486.1,1,247056.15062224,669247.52662453
486.09,1,246878.91468178,666777.84369166
486.08,1,246700.92683453,664309.982665
486.07,1,246522.12280924,661843.89445887
486.06,1,246342.35237521,659379.57581343
486.05,1,246161.56784429,656917.11407151
486.04,1,245979.69279099,654456.40571155
486.03,1,245796.37592725,651997.59137569
486.02,1,245611.53608919,649540.57578211
486.01,1,245423.12431121,647085.42898622
486,1,245184.93791402,644632.24726218
485.99,1,244558.93018182,642185.36183873
485.98,1,244344.87274,639740.84069225
485.97,1,244131.79786616,637298.46797694
485.96,1,243918.73698894,634858.2124726
485.95,1,243705.17899574,632420.08159173
485.94,1,243491.12530917,629984.11643704
485.93,1,243276.40864582,627550.29107825
485.92,1,243061.11779672,625118.5994414
485.91,1,242845.17488054,622689.04586271
485.9,1,242628.41422712,620261.7181485
485.89,1,242410.9123939,617836.57865819
485.88,1,242192.59010038,615413.63317362
485.87,1,241973.40988087,612992.82838558
485.86,1,241753.36095255,610574.23994314
485.85,1,241532.40253847,608157.84332402
485.84,1,241310.23295944,605743.64491948
485.83,1,241086.6506733,603331.63394874
485.82,1,240861.47899161,600921.89997215
485.81,1,240633.91118665,598514.45365004
485.8,1,240376.42169635,596109.34431774
485.79,1,239915.96701046,593708.63922297
485.78,1,239641.38513405,591310.86118288
485.77,1,239369.51849835,588915.83827856
485.76,1,239099.16827718,586523.49831838
485.75,1,238829.92729148,584133.84536879
485.74,1,238561.67395594,581746.90886284
485.73,1,238294.20091754,579362.64141189
485.72,1,238027.56630016,576981.01853661
485.71,1,237761.58071574,574602.12255296
485.7,1,237496.41257638,572225.83531794
485.69,1,237231.9074617,569852.21688478
485.68,1,236968.00744953,567481.26887632
485.67,1,236704.74054355,565112.95472373
485.66,1,236442.14677259,562747.24290904
485.65,1,236179.83532431,560384.12602931
485.64,1,235917.71964001,558023.66807031
485.63,1,235655.38246576,555665.84166577
485.62,1,235392.05050932,553310.67915202
485.61,1,235125.90800407,550958.13400095
485.6,1,234743.02694717,548608.26030213
485.59,1,234326.97296014,546263.60196602
485.58,1,234076.99697448,543921.58001476
485.57,1,233828.93910394,541582.06636398
485.56,1,233581.19541904,539245.01924321
485.55,1,233333.45777044,536910.4087834
485.54,1,233085.62996829,534578.30043045
485.53,1,232837.77615263,532248.65128016
485.52,1,232589.94316538,529921.50199371
485.51,1,232342.04349217,527596.81052447
485.5,1,232094.09594253,525274.65430577
485.49,1,231845.98112466,522954.96025451
485.48,1,231597.69369394,520637.78312152
485.47,1,231349.24132129,518323.07116749
485.46,1,231100.62984352,516010.89440764
485.45,1,230851.89176453,513701.1102428
485.44,1,230602.83493095,511393.84960728
485.43,1,230353.60552863,509089.07338109
485.42,1,230103.87316708,506786.78438218
485.41,1,229852.20902304,504486.99928752
485.4,1,229350.63865823,502189.70251737
485.39,1,229014.36321902,499898.34232579
485.38,1,228811.51231647,497609.18775973
485.37,1,228611.78698947,495322.06876214
485.36,1,228412.95247185,493036.94658382
485.35,1,228214.54655959,490753.81267123
485.34,1,228015.88212611,488472.67137672
485.33,1,227816.80629184,486193.50394971
485.32,1,227617.24406864,483916.35583707
485.31,1,227417.19304665,481641.20210285
485.3,1,227216.61728817,479368.03249481
485.29,1,227015.22529758,477096.88728049
485.28,1,226813.11176946,474827.78744056
485.27,1,226610.2665212,472560.67654238
485.26,1,226406.71524113,470295.56102986
485.25,1,226202.39906767,468032.54760374
485.24,1,225997.10709647,465771.53774539
485.23,1,225790.77073519,463512.67333323
485.22,1,225582.9221647,461255.83638095
485.21,1,225371.73517391,459001.06916881
485.2,1,224833.87420865,456748.44411292
485.19,1,224582.82464671,454501.38017447
485.18,1,224366.38714811,452256.63055377
485.17,1,224154.35958559,450014.03986638
485.16,1,223944.09890286,447773.56914598
485.15,1,223735.15156835,445535.19833431
485.14,1,223526.97003664,443298.9098543
485.13,1,223319.30960189,441064.66733452
485.12,1,223112.03223641,438832.48246699
485.11,1,222905.05461182,436602.41774721
485.1,1,222698.39422785,434374.43155751
485.09,1,222492.01500928,432148.48107412
485.08,1,222285.72445219,429924.62779897
485.07,1,222079.61974658,427702.81621675
485.06,1,221873.61677756,425483.09000467
485.05,1,221667.6592716,423265.39893313
485.04,1,221461.69237907,421049.75704754
485.03,1,221255.55957595,418836.15231521
485.02,1,221048.71946137,416624.686717
485.01,1,220839.51992306,414415.26010676
485,1,220592.35509863,412208.02685457
484.99,1,220075.32952698,410005.97727946
484.98,1,219851.20417332,407806.33159416
484.97,1,219630.2533175,405608.91232763
484.96,1,219411.42491789,403413.70691493
484.95,1,219194.02693957,401220.69661011
484.94,1,218977.69649238,399029.85524967
484.93,1,218762.69441078,396841.17374306
484.92,1,218548.74086749,394654.67500802
484.91,1,218335.63539627,392470.27949274
484.9,1,218123.70747447,390288.00182663
484.89,1,217912.70155846,388107.80293746
484.88,1,217702.57008474,385929.73679378
484.87,1,217493.24460809,383753.78914817
484.86,1,217284.60440428,381579.89566318
484.85,1,217076.53488571,379408.12633109
484.84,1,216869.08641979,377238.43371582
484.83,1,216661.77375846,375070.8409113
484.82,1,216453.96115962,372905.31290225
484.81,1,216243.45272104,370741.87834759
484.8,1,216000.91047912,368580.60581832
484.79,1,215499.75496814,366424.12524031
484.78,1,215238.24718377,364270.44385778
484.77,1,214978.94443694,362119.38084549
484.76,1,214720.10216252,359970.89538057
484.75,1,214461.12977484,357825.02183811
484.74,1,214201.86222807,355681.69250841
484.73,1,213942.30910686,353540.97719091
484.72,1,213682.51451478,351402.86999171
484.71,1,213422.4174249,349267.38350873
484.7,1,213161.97080817,347134.4554063
484.69,1,212901.18733815,345004.17960521
484.68,1,212639.8839724,342876.50871814
484.67,1,212378.27835419,340751.46455478
484.66,1,212116.13510105,338629.02949371
484.65,1,211853.34009149,336509.21255175
484.64,1,211589.68934559,334392.01495115
484.63,1,211325.00902479,332277.4775759
484.62,1,211058.27770945,330165.61958129
484.61,1,210786.34594015,328056.45311079
484.6,1,210219.79659842,325949.91860506
484.59,1,209900.90001909,323849.4152425
484.58,1,209637.95722413,321751.6904048
484.57,1,209377.37102582,319656.62466281
484.56,1,209117.27407094,317564.15200354
484.55,1,208857.29257161,315474.31178432
484.54,1,208597.12542534,313387.07787119
484.53,1,208337.16102611,311302.44037402
484.52,1,208076.92246115,309220.39910664
484.51,1,207816.39314664,307140.97182321
484.5,1,207555.64880843,305064.12543676
484.49,1,207294.72781009,302989.91112946
484.48,1,207033.43648757,300918.31800506
484.47,1,206771.96207513,298849.3125573
484.46,1,206510.03633429,296782.90877462
484.45,1,206247.76426296,294719.12529127
484.44,1,205985.20622411,292657.92873301
484.43,1,205722.3037373,290599.42968546
484.42,1,205458.60890345,288543.54009997
484.41,1,205192.48130815,286490.30408109
484.4,1,204876.89958622,284439.77734765
484.39,1,204085.85206172,282397.1920436
484.38,1,203803.6715711,280357.7164147
484.37,1,203526.5744915,278321.10440568
484.36,1,203251.75548345,276287.21983604
484.35,1,202978.31304503,274256.10523172
484.34,1,202705.75574365,272227.73302023
484.33,1,202433.72542353,270202.03890748
484.32,1,202162.17064559,268179.08902629
484.31,1,201890.99464341,266158.84924827
484.3,1,201620.10651681,264141.27930168
484.29,1,201349.42243904,262126.42692881
484.28,1,201078.90245787,260114.29027808
484.27,1,200808.51692363,258104.8751813
484.26,1,200538.23845028,256098.17218892
484.25,1,200267.99212326,254094.15598559
484.24,1,199997.6017508,252092.85617721
484.23,1,199726.75458073,250094.2780311
484.22,1,199454.80276429,248098.36267822
484.21,1,199178.85965791,246105.25231128
484.2,1,198365.68029505,244114.82575775
484.19,1,198015.09692095,242133.02107857
484.18,1,197723.06612591,240154.30307498
484.17,1,197436.66309624,238178.50845572
484.16,1,197152.43986479,236205.59614223
484.15,1,196869.48172786,234235.51460532
484.14,1,196587.49429505,232268.2327644
484.13,1,196306.20175531,230303.7555997
484.12,1,196025.57930071,228342.1304749
484.11,1,195745.57936885,226383.32931356
484.1,1,195466.09552616,224427.2628695
484.09,1,195187.0223012,222474.02278578
484.08,1,194908.4948171,220523.60156275
484.07,1,194630.44897378,218575.90032225
484.06,1,194352.61308601,216631.03732221
484.05,1,194074.9830749,214688.94886093
484.04,1,193797.34994103,212749.60761007
484.03,1,193519.03586487,210813.06923269
484.02,1,193238.86354812,208879.31916368
484.01,1,192953.02924026,206948.39856754
484,1,192137.16797095,205020.44436534
483.99,1,191573.45535387,203102.96058936
483.98,1,191254.39789953,201188.86802811
483.97,1,190941.4864237,199277.89764115
483.96,1,190630.51904064,197370.06730501
483.95,1,190320.62265539,195465.32259672
483.94,1,190011.75049019,193563.68643349
483.93,1,189703.51551447,191665.13334727
483.92,1,189395.94668525,189769.65674708
483.91,1,189089.27054975,187877.27830699
483.9,1,188783.12101907,185987.9194781
483.89,1,188477.77534064,184101.6297648
483.88,1,188173.01433332,182218.39287652
483.87,1,187868.99017833,180338.21396114
483.86,1,187565.39255292,178461.11727266
483.85,1,187262.15068118,176587.00816302
483.84,1,186959.0263932,174715.94992405
483.83,1,186655.36359357,172847.94079662
483.82,1,186350.40540306,170982.95259077
483.81,1,186041.19340799,169121.09049036
483.8,1,185686.96353669,167262.33677105
483.79,1,184894.34475689,165411.92129295
483.78,1,184633.21793883,163564.27252727
483.77,1,184374.22802529,161719.264604
483.76,1,184115.73578168,159876.83493534
483.75,1,183857.22388016,158037.00929427
483.74,1,183598.6102532,156199.72836917
483.73,1,183339.85556829,154365.05633538
483.72,1,183080.80796276,152532.96537325
483.71,1,182821.70881808,150703.43939148
483.7,1,182562.31954053,148876.54151987
483.69,1,182302.85537634,147052.27579789
483.68,1,182042.99019886,145230.57542257
483.67,1,181783.02110174,143411.48174659
483.66,1,181522.58644402,141595.00337156
483.65,1,181261.55882106,139781.14224532
483.64,1,180999.44713449,137969.88366112
483.63,1,180735.63294442,136161.27007846
483.62,1,180468.97608219,134355.32941431
483.61,1,180196.29639974,132552.07370525
483.6,1,178958.74918083,130751.63024421
483.59,1,178581.51849106,128964.07894721
483.58,1,178265.75621674,127179.8881473
483.57,1,177955.21415705,125398.76506622
483.56,1,177646.38640529,123620.74038972
483.55,1,177338.48483494,121845.83828087
483.54,1,177031.18413328,120073.98196722
483.53,1,176724.67907337,118305.23841803
483.52,1,176418.6484899,116539.51461866
483.51,1,176113.2277424,114776.84754626
483.5,1,175808.51801011,113017.24002551
483.49,1,175504.22272092,111260.69328545
483.48,1,175200.64167091,109507.19797003
483.47,1,174897.62076681,107756.73311375
483.46,1,174595.19968672,106009.29063517
483.45,1,174293.29044076,104264.84586526
483.44,1,173991.95658389,102523.44305069
483.43,1,173690.97056094,100785.0394441
483.42,1,173390.19647019,99049.643659461
483.41,1,173088.36680559,97317.277208278
483.4,1,172756.23645088,95587.988295643
483.39,1,172155.01596824,93864.650928904
483.38,1,171824.04887307,92144.769237495
483.37,1,171494.37035711,90428.166466789
483.36,1,171164.26233588,88714.874189317
483.35,1,170833.1375088,87004.862053687
483.34,1,170500.96768747,85298.209863197
483.33,1,170167.77539056,83594.855823695
483.32,1,169833.23677279,81894.858801321
483.31,1,169497.58421554,80198.227592552
483.3,1,169160.89317885,78504.924611612
483.29,1,168822.80349749,76815.022970147
483.28,1,168483.64470911,75128.480697893
483.27,1,168143.24225091,73445.354178417
483.26,1,167801.6080936,71765.641741632
483.25,1,167458.7012558,70089.345479061
483.24,1,167114.3586331,68416.495953002
483.23,1,166768.27258849,66747.09626254
483.22,1,166419.52305072,65081.177162468
483.21,1,166063.78949623,63418.785881194
483.2,1,164873.5584528,61760.105640019
483.19,1,163500.71315745,60122.506559973
483.18,1,163091.6730949,58489.54884956
483.17,1,162691.00339083,56860.633533794
483.16,1,162293.07407509,55235.717418694
483.15,1,161895.73873994,53614.770257969
483.14,1,161498.1675019,51997.77929626
483.13,1,161099.96461485,50384.799140459
483.12,1,160701.05839439,48775.796271223
483.11,1,160301.44531007,47170.825356436
483.1,1,159900.68126488,45569.814380394
483.09,1,159498.95343064,43972.826938709
483.08,1,159096.30734438,42379.873653974
483.07,1,158692.64806284,40790.988700917
483.06,1,158287.72821909,39206.139236834
483.05,1,157881.2661454,37625.359249397
483.04,1,157472.86746867,36048.653842106
483.03,1,157061.48082302,34476.067833447
483.02,1,156643.13262253,32907.660446047
483.01,1,156215.89019026,31343.481590881
483,1,155639.0693307,29783.877598346
482.99,1,153357.26827039,28247.596068953
482.98,1,152865.04862556,26716.501689708
482.97,1,152374.66505586,25190.297847413
482.96,1,151884.12071457,23669.001999656
482.95,1,151393.39098953,22152.63645218
482.94,1,150902.57750783,20641.16095124
482.93,1,150411.73067431,19134.599796258
482.92,1,149920.93094319,17632.941500956
482.91,1,149430.14112716,16136.191609942
482.9,1,148939.30940216,14644.334904006
482.89,1,148448.54708126,13157.405516536
482.88,1,147957.77266236,11675.396949868
482.87,1,147466.98998155,10198.297931283
482.86,1,146976.01396275,8726.0884104043
482.85,1,146484.77128435,7258.825649643
482.84,1,145992.50570377,5796.4922306333
482.83,1,145497.98098436,4339.1395932971
482.82,1,144996.9182422,2886.8076653166
482.81,1,144474.08244617,1439.6211008901
482.8,1,33140.978649364,0.40316732228767
