as_of_date,n_days,ET0_mm_week,T_mean,RH_pct,VPD_kPa,u2_ms,Rn_MJ
2025-01-05,7,17.4428,21.9994,75.1649,0.6631,1.1576,7.227
2025-01-12,7,18.3146,21.3909,71.1754,0.7374,1.2099,7.3834
2025-01-19,7,20.1122,21.143,68.7835,0.7881,1.2217,8.268
2025-01-26,7,23.7391,24.3956,64.7886,1.0844,1.5233,8.5467
2025-02-02,7,20.1015,23.5576,62.6913,1.1272,1.0395,7.5958
2025-02-09,7,26.3291,27.0025,57.4852,1.5211,1.4346,8.4879
2025-02-16,7,30.5352,26.8811,51.3429,1.7221,1.6203,9.5111
2025-02-23,7,27.3234,27.9919,57.1669,1.6372,1.3608,9.1756
2025-03-02,7,28.9124,28.7548,50.8894,1.9886,1.3046,9.1969
2025-03-09,7,31.5598,29.3661,49.7158,2.0941,1.4993,9.9969
2025-03-16,7,34.3513,30.9825,47.5388,2.3566,1.3718,10.5608
2025-03-23,7,30.315,27.7769,57.2164,1.7071,1.4546,10.1764
2025-03-30,7,37.93,31.1017,42.9306,2.5781,1.4857,11.3816
2025-04-06,7,34.864,30.1716,58.6377,1.8121,1.9323,10.8532
2025-04-13,7,30.8734,29.3032,59.1022,1.8108,1.5892,9.8725
2025-04-20,7,29.2277,28.7707,70.0851,1.2037,1.2823,11.0768
2025-04-27,7,36.9101,32.4251,53.8298,2.2532,1.4239,11.9543
2025-05-04,7,27.1583,28.1459,69.2462,1.1923,1.108,10.4619
2025-05-11,7,35.5563,30.3167,63.8493,1.6809,1.7999,12.0868
2025-05-18,7,21.4517,27.6688,77.9928,0.8307,0.953,8.6664
2025-05-25,7,23.9406,28.7748,77.9635,0.8912,0.9955,9.6756
2025-06-01,7,18.3945,27.2917,81.5832,0.6892,1.5829,7.1093
2025-06-08,7,28.6648,29.499,72.2186,1.1657,1.3426,11.0184
2025-06-15,7,22.9561,27.8426,79.9406,0.7685,1.5679,9.0707
2025-06-22,7,23.2067,28.2847,77.7557,0.875,1.4677,9.0229
2025-06-29,7,21.9341,27.7973,78.555,0.8101,1.4303,8.5412
2025-07-06,7,18.8357,27.1726,81.8938,0.6572,1.2263,7.6439
2025-07-13,7,16.4051,27.5411,82.918,0.6469,1.0177,6.4984
2025-07-20,7,20.6116,27.6198,80.9799,0.7192,1.398,8.2069
2025-07-27,7,12.6594,25.9091,90.0826,0.3488,1.8129,5.2868
2025-08-03,7,21.6588,28.095,79.7829,0.7832,1.4125,8.5563
2025-08-10,7,21.631,27.7438,82.2386,0.6933,1.2128,8.9893
2025-08-17,7,20.2618,27.3757,82.306,0.6574,0.8671,8.5951
2025-08-24,7,23.8572,27.7952,80.4318,0.7462,1.192,9.839
2025-08-31,7,15.1727,26.5954,85.7455,0.519,0.9989,6.4277
2025-09-07,7,24.2129,28.123,80.3688,0.7625,1.0251,10.2219
2025-09-14,7,21.1855,27.3933,81.5417,0.6815,1.1993,8.7301
2025-09-21,7,21.9153,27.4995,81.0558,0.7057,1.1627,9.176
2025-09-28,7,18.395,26.782,84.3298,0.5643,1.0149,7.7858
2025-10-05,7,18.6507,26.9172,84.819,0.543,1.1175,7.9644
2025-10-12,7,22.1348,27.84,77.8878,0.8365,0.7957,9.2996
2025-10-19,7,17.9974,25.7153,86.7394,0.4465,0.5596,8.1717
2025-10-26,7,20.9294,25.628,77.8311,0.732,0.9832,8.8049
2025-11-02,7,18.817,25.6701,81.7825,0.6014,0.969,7.9918
2025-11-09,7,10.9427,24.7488,92.0112,0.254,0.7689,4.963
2025-11-16,7,16.2639,25.4325,81.7997,0.589,0.9536,6.8561
2025-11-23,7,13.1583,20.5951,85.0281,0.3645,1.2425,5.9961
2025-11-30,7,17.5414,18.5861,74.1313,0.5494,1.2859,7.9055
2025-12-07,7,17.1366,22.8269,77.1911,0.6352,0.7089,7.6317
2025-12-14,7,12.9313,21.7835,82.2702,0.4641,0.7136,5.7876
2025-12-21,7,15.5663,22.0898,80.5923,0.5185,0.9669,6.873
2025-12-28,7,17.7062,23.208,71.4112,0.8164,0.8705,7.2569
2026-01-04,7,18.779,22.8076,72.6859,0.7583,1.2948,7.4245
2026-01-11,7,18.4439,20.8099,70.0696,0.7361,1.0664,7.7395
2026-01-18,7,20.6151,23.2291,67.2433,0.9399,1.0959,8.1183
2026-01-25,7,22.1824,23.7456,64.1265,1.0589,1.3408,8.1782
2026-02-01,7,23.7005,25.2214,59.8021,1.2939,1.0213,8.78
2026-02-08,7,25.6055,26.6321,56.9151,1.5064,1.1238,8.9666
2026-02-15,7,28.5424,28.3215,48.566,1.993,1.3659,8.4943
2026-02-22,7,25.2681,28.8766,55.2184,1.8102,0.96,8.5779
2026-03-01,7,25.5882,27.1048,55.1603,1.6656,1.3205,8.1651
2026-03-08,7,29.6546,29.7124,47.1684,2.2076,1.1186,9.594
2026-03-15,7,24.1753,26.2676,65.2853,1.2693,0.931,9.4363
2026-03-22,7,31.7944,29.4165,49.8105,2.1419,1.1297,10.5232
2026-03-29,7,41.0481,30.4522,39.3069,2.645,1.739,11.6213
2026-04-05,7,42.4791,31.8617,42.8914,2.6933,1.9155,11.7559
2026-04-12,7,42.2429,32.4421,40.9556,2.8787,1.7343,11.8007
2026-04-19,7,39.7623,32.8904,41.3244,2.94,1.4574,11.5738
2026-04-26,7,33.7997,30.801,57.7507,1.9879,1.3227,11.2672
2026-05-03,7,32.1512,29.2113,64.2676,1.4975,1.3472,11.8898
2026-05-10,7,26.8054,28.265,73.0292,1.0825,0.6675,11.0563
2026-05-17,7,23.5791,27.7884,79.9619,0.7931,1.041,9.6724
2026-05-24,7,23.9701,28.0709,77.0339,0.8759,1.5865,9.231
2026-05-31,7,28.4561,29.121,70.0509,1.2314,1.2326,10.9378
2026-06-07,7,26.5021,29.2874,68.4832,1.3247,1.5083,9.2908
2026-06-14,7,20.2703,26.972,80.433,0.7043,1.8855,7.7256
2026-06-21,7,24.5181,27.7081,78.8786,0.7957,1.4681,9.948
2026-06-28,7,30.5476,29.5731,67.117,1.3656,1.4797,11.0969
2026-07-05,7,17.9126,27.7058,78.9912,0.7909,1.3127,6.6874
2026-07-12,7,13.0937,26.4982,86.3228,0.4899,1.3828,5.2066
2026-07-19,7,16.3734,26.5428,82.5484,0.6133,1.3914,6.3352
2026-07-26,7,19.5393,27.0236,81.6841,0.6703,1.216,8.0394
2026-08-02,7,18.159,27.1394,83.3793,0.5993,1.2832,7.4151
2026-08-09,7,16.5356,26.4162,86.944,0.4572,1.2184,7.0681
2026-08-16,7,19.3183,27.6244,79.1055,0.7742,1.3534,7.4404
2026-08-23,7,19.1021,27.5252,80.9213,0.7129,1.5335,7.2856
2026-08-30,7,16.8714,26.9847,83.4548,0.6011,1.4269,6.6542
2026-09-06,7,20.9613,27.1795,82.4153,0.6404,1.0254,8.9309
2026-09-13,7,21.2907,26.5859,82.2841,0.6218,0.8178,9.2483
2026-09-20,7,18.126,26.4278,84.7168,0.5394,0.7595,7.7868
2026-09-27,7,24.0194,27.2673,80.8749,0.6958,0.9222,10.3971
2026-10-04,6,17.4328,26.9488,82.7179,0.6541,0.9705,8.613
