H,NSE_full_features,NSE_without_release_feats,delta,hours_ahead,verdict
1,0.2932816950401137,0.29854864077014637,0.005266945730032668,6,แทบไม่ต่าง
2,0.048978481380168325,0.07034184970567876,0.02136336832551044,12,ตัดทิ้งดีขึ้น
3,0.006314672411929423,0.014624111941473384,0.00830943952954396,18,แทบไม่ต่าง
4,-0.1955808625810954,-0.19412678948767392,0.0014540730934214652,24,แทบไม่ต่าง
5,-0.047108883349021254,-0.07946878743628917,-0.03235990408726792,30,ตัดทิ้งแย่ลง
6,-0.10950147025630666,-0.11633657639643666,-0.006835106140129998,36,แทบไม่ต่าง
7,-0.11255778914588452,-0.1141424777016932,-0.0015846885558086776,42,แทบไม่ต่าง
8,-0.12653737192892264,-0.13502650851350206,-0.008489136584579421,48,แทบไม่ต่าง
9,-0.1433335862101431,-0.16078504090552181,-0.017451454695378704,54,ตัดทิ้งแย่ลง
10,-0.15467659065014774,-0.16136210016777966,-0.006685509517631916,60,แทบไม่ต่าง
11,-0.16782557484961683,-0.15011668661811423,0.0177088882315026,66,ตัดทิ้งดีขึ้น
12,-0.296795848653658,-0.2944588684716706,0.0023369801819874136,72,แทบไม่ต่าง
