fold,H,Baseline_NSE,Model_NSE
1,1,0.6214611889995749,0.4381479495900329
2,1,-0.15422661013284378,0.02675113406098717
3,1,0.9239020396806976,0.9304280733876543
4,1,-1.1487151336510406,-0.37902265222056375
5,1,0.40030988402121037,0.45010397038245786
1,2,0.27637355487050863,0.3440193586524506
2,2,-0.37151080439973017,-0.8255257090111336
3,2,0.7979931942166918,0.7117146980941864
4,2,-0.853321753097247,-0.30268131404762566
5,2,0.24294973529048147,0.3173653732129639
1,3,0.1027516654447237,0.18368315907800858
2,3,-0.3626645117080247,-0.6927493240618501
3,3,0.6317238267899331,0.5474265537000049
4,3,-1.2490233220058045,-0.267255706289935
5,3,0.2229674416435775,0.2604686796334188
1,4,-0.016418468803460762,0.17740436881103683
2,4,-0.4175167118733205,-1.6945759513608154
3,4,0.41619107183442217,0.4206475799577539
4,4,-0.8098178223758858,-0.330622979043081
5,4,0.45750362079934037,0.4492426687296288
1,5,-0.3309732751031891,0.0015321058435683321
2,5,-0.46195125484284905,-0.4454799209286915
3,5,0.2044141956773876,0.2572769541449669
4,5,-1.124067254034451,-0.288306731169069
5,5,0.14800346299646583,0.23943317536411912
1,6,-0.5900228414404292,-0.060197772563409746
2,6,-0.5691706497230236,-0.612042881218801
3,6,-0.012697462574041252,0.1488982797050905
4,6,-0.9002232479979979,-0.2264187484018232
5,6,-0.032288350477566174,0.20225377119741028
1,7,-0.7669452266150467,-0.14819674276986694
2,7,-0.7343011879908043,-0.4981844393187249
3,7,-0.2070845439185165,0.12174435419879226
4,7,-1.2003980904584401,-0.20457074310511714
5,7,-0.07238954240665763,0.16641862526549422
1,8,-0.8714095418854759,-0.08968826733415658
2,8,-0.6559381044574817,-0.5129284613124319
3,8,-0.36399726483244765,0.06513874258751096
4,8,-0.8444118781339245,-0.371728130689136
5,8,0.06898288900489824,0.27651925710360026
1,9,-1.0006623292774983,-0.02946333862360917
2,9,-0.7823769752915375,-0.5108647812028799
3,9,-0.5062342578305254,0.037432795862506696
4,9,-1.2140004921137328,-0.3879327877430574
5,9,-0.1654373571784371,0.17416018065632421
1,10,-1.0949952551326616,0.02129728004698339
2,10,-0.7934740812528946,-0.6148478394034402
3,10,-0.619522976721371,-0.014269967173216935
4,10,-0.6723294870653496,-0.2232593562116285
5,10,-0.40621620375427847,0.05769692949056371
1,11,-1.111977242646617,0.09661099364696157
2,11,-0.7998213772102636,-0.6880396931137589
3,11,-0.7031000361984088,-0.03045928257153152
4,11,-1.0919191953501084,-0.22747318548065842
5,11,-0.46470216278065846,0.010233293270903276
1,12,-1.0692376985677177,0.12576119847265987
2,12,-0.9645016611426125,-1.3817403160799624
3,12,-0.7716824142316525,-0.08095379392558755
4,12,-0.7267704485149757,-0.26933314647807727
5,12,-0.458344399663678,0.12228681474267744
