H,hours_ahead,feature,importance
1,6,Q_in_t (m3/6h),4.68216706554044
1,6,Water_Level_t (m),4.837968818702178
1,6,Storage_S_t (m3),4.066093119101584
1,6,DeltaS_t (m3/6h),5.516845880497162
1,6,%Full_t,6.487249899879238
1,6,Rain_obs_t (mm),12.687015162734578
1,6,API_t (mm),4.706310146224427
1,6,is_release_active,5.680346141557811
1,6,release_rate_daily (m3/day),4.574727820314357
1,6,spill_m3,14.848161030470713
1,6,Qin_lag1 (m3/6h),10.019589863013932
1,6,Qin_lag2 (m3/6h),5.13942109675048
1,6,Rain_roll3 (mm),6.721922239557705
1,6,Rain_roll5 (mm),3.9964497719976313
1,6,Rain_roll7 (mm),6.035731943657756
2,12,Q_in_t (m3/6h),10.599641978479069
2,12,Water_Level_t (m),6.092960759229065
2,12,Storage_S_t (m3),5.688497851175613
2,12,DeltaS_t (m3/6h),10.991481682104414
2,12,%Full_t,6.467866185052579
2,12,Rain_obs_t (mm),5.705349989493435
2,12,API_t (mm),3.5937432172032544
2,12,is_release_active,0.3531574746337608
2,12,release_rate_daily (m3/day),1.2513070016274703
2,12,spill_m3,15.24909341319115
2,12,Qin_lag1 (m3/6h),3.0810089284254922
2,12,Qin_lag2 (m3/6h),10.111383279459801
2,12,Rain_roll3 (mm),5.522116314915881
2,12,Rain_roll5 (mm),7.063477268205492
2,12,Rain_roll7 (mm),8.228914656803509
3,18,Q_in_t (m3/6h),25.16039073337835
3,18,Water_Level_t (m),6.712799945792468
3,18,Storage_S_t (m3),5.679001443401658
3,18,DeltaS_t (m3/6h),4.6899877488221335
3,18,%Full_t,7.37158243303541
3,18,Rain_obs_t (mm),3.0550264212793716
3,18,API_t (mm),1.3941985657024967
3,18,is_release_active,0.03711697062835499
3,18,release_rate_daily (m3/day),0.07376192636948761
3,18,spill_m3,9.418267515073458
3,18,Qin_lag1 (m3/6h),3.958927017473392
3,18,Qin_lag2 (m3/6h),2.2947121649573754
3,18,Rain_roll3 (mm),9.030744927110398
3,18,Rain_roll5 (mm),13.02036748504724
3,18,Rain_roll7 (mm),8.10311470192842
4,24,Q_in_t (m3/6h),15.753390606786503
4,24,Water_Level_t (m),0.26571296214651413
4,24,Storage_S_t (m3),1.3970768265972475
4,24,DeltaS_t (m3/6h),5.158735562596703
4,24,%Full_t,2.4006662610293152
4,24,Rain_obs_t (mm),11.118680648471726
4,24,API_t (mm),1.959997918575166
4,24,is_release_active,0.0
4,24,release_rate_daily (m3/day),2.520026611449356
4,24,spill_m3,32.234225110829044
4,24,Qin_lag1 (m3/6h),2.0788372756800175
4,24,Qin_lag2 (m3/6h),6.075254294615317
4,24,Rain_roll3 (mm),6.103311488702484
4,24,Rain_roll5 (mm),6.717101931397631
4,24,Rain_roll7 (mm),6.216982501122979
5,30,Q_in_t (m3/6h),21.919343968958632
5,30,Water_Level_t (m),0.5430734561662933
5,30,Storage_S_t (m3),8.807755978783097
5,30,DeltaS_t (m3/6h),19.235571266154125
5,30,%Full_t,2.4489143610096624
5,30,Rain_obs_t (mm),2.053652117511674
5,30,API_t (mm),0.4663909729958746
5,30,is_release_active,0.0
5,30,release_rate_daily (m3/day),0.48726149174414646
5,30,spill_m3,30.70244151606698
5,30,Qin_lag1 (m3/6h),9.690521829984707
5,30,Qin_lag2 (m3/6h),1.1516755468844517
5,30,Rain_roll3 (mm),0.9966336695807264
5,30,Rain_roll5 (mm),0.004287456926909788
5,30,Rain_roll7 (mm),1.492476367232689
6,36,Q_in_t (m3/6h),15.309059539685176
6,36,Water_Level_t (m),4.773429320603803
6,36,Storage_S_t (m3),10.859473749433132
6,36,DeltaS_t (m3/6h),4.45541239988403
6,36,%Full_t,8.82993833309451
6,36,Rain_obs_t (mm),7.31833822481686
6,36,API_t (mm),1.6568823964561348
6,36,is_release_active,0.17401746447864339
6,36,release_rate_daily (m3/day),0.28559522934948517
6,36,spill_m3,17.73592622726088
6,36,Qin_lag1 (m3/6h),2.0050131489676177
6,36,Qin_lag2 (m3/6h),9.527161049111605
6,36,Rain_roll3 (mm),4.273897448539462
6,36,Rain_roll5 (mm),8.994414460073296
6,36,Rain_roll7 (mm),3.8014410082453733
7,42,Q_in_t (m3/6h),19.714355887856
7,42,Water_Level_t (m),4.924661415333268
7,42,Storage_S_t (m3),5.971442592327735
7,42,DeltaS_t (m3/6h),7.492749956811094
7,42,%Full_t,2.3744720416107703
7,42,Rain_obs_t (mm),5.251233179116884
7,42,API_t (mm),1.1369978887836747
7,42,is_release_active,0.010629592494500706
7,42,release_rate_daily (m3/day),0.004302143705661894
7,42,spill_m3,30.3396747601527
7,42,Qin_lag1 (m3/6h),3.8743126705956055
7,42,Qin_lag2 (m3/6h),1.6586142618274526
7,42,Rain_roll3 (mm),0.5407050730273093
7,42,Rain_roll5 (mm),13.684889187589953
7,42,Rain_roll7 (mm),3.0209593487674002
8,48,Q_in_t (m3/6h),14.511509376291267
8,48,Water_Level_t (m),17.114640800978425
8,48,Storage_S_t (m3),11.183792828171159
8,48,DeltaS_t (m3/6h),1.1507068066014923
8,48,%Full_t,16.851146297048444
8,48,Rain_obs_t (mm),4.810110638864504
8,48,API_t (mm),3.9231184532706544
8,48,is_release_active,0.08732832673350893
8,48,release_rate_daily (m3/day),0.6776304482751677
8,48,spill_m3,22.71733488578422
8,48,Qin_lag1 (m3/6h),1.5166137517400986
8,48,Qin_lag2 (m3/6h),2.841621851696882
8,48,Rain_roll3 (mm),0.2455347884304804
8,48,Rain_roll5 (mm),0.5958473280571694
8,48,Rain_roll7 (mm),1.7730634180565163
9,54,Q_in_t (m3/6h),27.053829899415753
9,54,Water_Level_t (m),17.08245125381296
9,54,Storage_S_t (m3),9.443546023602773
9,54,DeltaS_t (m3/6h),4.000814981805532
9,54,%Full_t,12.087784418418822
9,54,Rain_obs_t (mm),12.253125988445007
9,54,API_t (mm),0.038968490833411605
9,54,is_release_active,0.010423063569025639
9,54,release_rate_daily (m3/day),0.12061925475529571
9,54,spill_m3,8.761845825011878
9,54,Qin_lag1 (m3/6h),2.975118936429372
9,54,Qin_lag2 (m3/6h),0.021995476241004223
9,54,Rain_roll3 (mm),1.2678693669777101
9,54,Rain_roll5 (mm),4.035784560304947
9,54,Rain_roll7 (mm),0.8458224603764903
10,60,Q_in_t (m3/6h),5.656292815099585
10,60,Water_Level_t (m),9.21128997746062
10,60,Storage_S_t (m3),8.056930667903817
10,60,DeltaS_t (m3/6h),9.132782267638737
10,60,%Full_t,17.537944453745286
10,60,Rain_obs_t (mm),2.411229374944972
10,60,API_t (mm),1.0275478026746205
10,60,is_release_active,0.28113042452271575
10,60,release_rate_daily (m3/day),0.03567081901594737
10,60,spill_m3,11.959301455916803
10,60,Qin_lag1 (m3/6h),13.826722866580784
10,60,Qin_lag2 (m3/6h),2.01385866616503
10,60,Rain_roll3 (mm),3.091277548055792
10,60,Rain_roll5 (mm),12.473487324376388
10,60,Rain_roll7 (mm),3.2845335358989067
11,66,Q_in_t (m3/6h),5.7407184369025215
11,66,Water_Level_t (m),16.605442656841408
11,66,Storage_S_t (m3),13.322948696769487
11,66,DeltaS_t (m3/6h),6.1379927043904825
11,66,%Full_t,19.99053016644212
11,66,Rain_obs_t (mm),5.735438515136509
11,66,API_t (mm),1.7526755072616154
11,66,is_release_active,0.27197785422570103
11,66,release_rate_daily (m3/day),0.08393077039936805
11,66,spill_m3,13.922564656604719
11,66,Qin_lag1 (m3/6h),8.246763502927996
11,66,Qin_lag2 (m3/6h),1.5226349246844322
11,66,Rain_roll3 (mm),0.32468276206982427
11,66,Rain_roll5 (mm),2.024884764804311
11,66,Rain_roll7 (mm),4.31681408053954
12,72,Q_in_t (m3/6h),7.970690500853463
12,72,Water_Level_t (m),21.079634308104993
12,72,Storage_S_t (m3),20.34287091975874
12,72,DeltaS_t (m3/6h),0.0
12,72,%Full_t,9.589498834489047
12,72,Rain_obs_t (mm),0.0
12,72,API_t (mm),3.692816085986815e-09
12,72,is_release_active,0.0
12,72,release_rate_daily (m3/day),0.019012477568580738
12,72,spill_m3,0.0
12,72,Qin_lag1 (m3/6h),22.652892122842413
12,72,Qin_lag2 (m3/6h),17.914811929266726
12,72,Rain_roll3 (mm),0.006088385294348663
12,72,Rain_roll5 (mm),0.010096606171720637
12,72,Rain_roll7 (mm),0.4144039119571656
