feature,H1(6h),H2(12h),H3(18h),H4(24h),H5(30h),H6(36h),H7(42h),H8(48h),H9(54h),H10(60h),H11(66h),H12(72h),mean_importance
spill_m3,14.848161030470713,15.24909341319115,9.418267515073458,32.234225110829044,30.70244151606698,17.73592622726088,30.3396747601527,22.71733488578422,8.761845825011878,11.959301455916803,13.922564656604719,0.0,17.324069699696878
Q_in_t (m3/6h),4.68216706554044,10.599641978479069,25.16039073337835,15.753390606786503,21.919343968958632,15.309059539685176,19.714355887856,14.511509376291267,27.053829899415753,5.656292815099585,5.7407184369025215,7.970690500853463,14.505949234103895
%Full_t,6.487249899879238,6.467866185052579,7.37158243303541,2.4006662610293152,2.4489143610096624,8.82993833309451,2.3744720416107703,16.851146297048444,12.087784418418822,17.537944453745286,19.99053016644212,9.589498834489047,9.369799473737933
Water_Level_t (m),4.837968818702178,6.092960759229065,6.712799945792468,0.26571296214651413,0.5430734561662933,4.773429320603803,4.924661415333268,17.114640800978425,17.08245125381296,9.21128997746062,16.605442656841408,21.079634308104993,9.103672139597668
Storage_S_t (m3),4.066093119101584,5.688497851175613,5.679001443401658,1.3970768265972475,8.807755978783097,10.859473749433132,5.971442592327735,11.183792828171159,9.443546023602773,8.056930667903817,13.322948696769487,20.34287091975874,8.734952558085503
Qin_lag1 (m3/6h),10.019589863013932,3.0810089284254922,3.958927017473392,2.0788372756800175,9.690521829984707,2.0050131489676177,3.8743126705956055,1.5166137517400986,2.975118936429372,13.826722866580784,8.246763502927996,22.652892122842413,6.993860159555119
DeltaS_t (m3/6h),5.516845880497162,10.991481682104414,4.6899877488221335,5.158735562596703,19.235571266154125,4.45541239988403,7.492749956811094,1.1507068066014923,4.000814981805532,9.132782267638737,6.1379927043904825,0.0,6.496923438108825
Rain_roll5 (mm),3.9964497719976313,7.063477268205492,13.02036748504724,6.717101931397631,0.004287456926909788,8.994414460073296,13.684889187589953,0.5958473280571694,4.035784560304947,12.473487324376388,2.024884764804311,0.010096606171720637,6.0517573454127245
Rain_obs_t (mm),12.687015162734578,5.705349989493435,3.0550264212793716,11.118680648471726,2.053652117511674,7.31833822481686,5.251233179116884,4.810110638864504,12.253125988445007,2.411229374944972,5.735438515136509,0.0,6.0332666884012935
Qin_lag2 (m3/6h),5.13942109675048,10.111383279459801,2.2947121649573754,6.075254294615317,1.1516755468844517,9.527161049111605,1.6586142618274526,2.841621851696882,0.021995476241004223,2.01385866616503,1.5226349246844322,17.914811929266726,5.022762045138379
Rain_roll7 (mm),6.035731943657756,8.228914656803509,8.10311470192842,6.216982501122979,1.492476367232689,3.8014410082453733,3.0209593487674002,1.7730634180565163,0.8458224603764903,3.2845335358989067,4.31681408053954,0.4144039119571656,3.961188161215562
Rain_roll3 (mm),6.721922239557705,5.522116314915881,9.030744927110398,6.103311488702484,0.9966336695807264,4.273897448539462,0.5407050730273093,0.2455347884304804,1.2678693669777101,3.091277548055792,0.32468276206982427,0.006088385294348663,3.177065334355177
API_t (mm),4.706310146224427,3.5937432172032544,1.3941985657024967,1.959997918575166,0.4663909729958746,1.6568823964561348,1.1369978887836747,3.9231184532706544,0.038968490833411605,1.0275478026746205,1.7526755072616154,3.692816085986815e-09,1.8047359469728452
release_rate_daily (m3/day),4.574727820314357,1.2513070016274703,0.07376192636948761,2.520026611449356,0.48726149174414646,0.28559522934948517,0.004302143705661894,0.6776304482751677,0.12061925475529571,0.03567081901594737,0.08393077039936805,0.019012477568580738,0.8444871662145269
is_release_active,5.680346141557811,0.3531574746337608,0.03711697062835499,0.0,0.0,0.17401746447864339,0.010629592494500706,0.08732832673350893,0.010423063569025639,0.28113042452271575,0.27197785422570103,0.0,0.5755106094036686
