recorded_as_of_date,horizon,target_date,predicted_m3_per_day,model_name,test_nse,walkforward_cv_nse_mean,low_confidence,actual_m3_per_day,abs_error_m3,pct_error,actual_data_complete,source,logged_at,reconstructed_data_date,current_qin_reconstructed,pred_old_reconstructed,pred_v2_reconstructed,match_diff
2026-07-14,1,2026-07-15,17000.74,CatBoost,,,False,0.0,17000.74,,True,git_backfill,2026-07-31T15:19:31.224368,2026-07-16,0.0,529.757247347365,,16470.982752652635
2026-07-14,2,2026-07-16,8186.9,CatBoost,,,False,0.0,8186.9,,True,git_backfill,2026-07-31T15:19:31.224368,2026-07-16,0.0,1485.715716853368,,6701.184283146632
2026-07-14,3,2026-07-17,30437.37,CatBoost,,,True,0.0,30437.37,,True,git_backfill,2026-07-31T15:19:31.224368,2026-07-16,0.0,7233.964714988266,,23203.405285011733
2026-07-17,1,2026-07-18,3125.6,CatBoost,,,False,0.0,3125.6,,True,git_backfill,2026-07-31T15:19:31.224368,2026-07-17,0.0,265.42354544589966,,2860.1764545541
2026-07-14,4,2026-07-18,41982.66,CatBoost,,,True,0.0,41982.66,,True,git_backfill,2026-07-31T15:19:31.224368,2026-07-16,0.0,11774.226226333105,,30208.433773666897
2026-07-18,1,2026-07-19,2190.06,CatBoost,,,False,2547.386090313617,357.326090313617,14.027166579590824,True,git_backfill,2026-07-31T15:19:31.224368,2026-07-18,0.0,333.7477728563748,,1856.312227143625
2026-07-17,2,2026-07-19,5965.04,CatBoost,,,False,2547.386090313617,3417.653909686383,134.1631691670902,True,git_backfill,2026-07-31T15:19:31.224368,2026-07-17,0.0,165.92409748051114,,5799.115902519488
2026-07-14,5,2026-07-19,59359.32,CatBoost,,,True,2547.386090313617,56811.933909686384,2230.205076714228,True,git_backfill,2026-07-31T15:19:31.224368,2026-07-16,0.0,65904.91675529847,355.4174971449886,6545.596755298473
2026-07-19,1,2026-07-20,1326.3,CatBoost,,,False,0.0,1326.3,,True,git_backfill,2026-07-31T15:19:31.224368,2026-07-19,2547.386090313617,1910.2093135336627,,583.9093135336627
2026-07-18,2,2026-07-20,5733.8,CatBoost,,,False,0.0,5733.8,,True,git_backfill,2026-07-31T15:19:31.224368,2026-07-18,0.0,295.44880015400315,,5438.351199845997
2026-07-17,3,2026-07-20,6731.86,CatBoost,,,True,0.0,6731.86,,True,git_backfill,2026-07-31T15:19:31.224368,2026-07-17,0.0,1265.4907422097863,,5466.369257790213
2026-07-14,6,2026-07-20,55384.98,CatBoost,,,True,0.0,55384.98,,True,git_backfill,2026-07-31T15:19:31.224368,2026-07-16,0.0,13469.460753286588,,41915.51924671342
2026-07-19,2,2026-07-21,3265.67,CatBoost,,,False,0.0,3265.67,,True,git_backfill,2026-07-31T15:19:31.224368,2026-07-19,2547.386090313617,2350.816035874648,,914.8539641253519
2026-07-18,3,2026-07-21,6638.24,CatBoost,,,True,0.0,6638.24,,True,git_backfill,2026-07-31T15:19:31.224368,2026-07-18,0.0,893.8399674341301,,5744.40003256587
2026-07-17,4,2026-07-21,5092.93,CatBoost,,,True,0.0,5092.93,,True,git_backfill,2026-07-31T15:19:31.224368,2026-07-17,0.0,6574.394550687227,,1481.4645506872266
2026-07-14,7,2026-07-21,61861.79,CatBoost,,,False,0.0,61861.79,,True,git_backfill,2026-07-31T15:19:31.224368,2026-07-16,0.0,20950.218092168143,,40911.57190783186
2026-07-21,1,2026-07-22,1722.61,CatBoost,,,False,0.0,1722.61,,True,git_backfill,2026-07-31T15:19:31.224368,2026-07-21,0.0,0.0,,1722.61
2026-07-19,3,2026-07-22,5526.94,CatBoost,,,True,0.0,5526.94,,True,git_backfill,2026-07-31T15:19:31.224368,2026-07-19,2547.386090313617,2874.745814703232,,2652.1941852967675
2026-07-18,4,2026-07-22,5246.68,CatBoost,,,True,0.0,5246.68,,True,git_backfill,2026-07-31T15:19:31.224368,2026-07-18,0.0,2114.693330003622,,3131.986669996378
2026-07-17,5,2026-07-22,8556.91,CatBoost,,,True,0.0,8556.91,,True,git_backfill,2026-07-31T15:19:31.224368,2026-07-17,0.0,25088.079100960305,72.40640029214433,16531.169100960306
2026-07-22,1,2026-07-23,3896.56,CatBoost,,,False,0.0,3896.56,,True,git_backfill,2026-07-31T15:19:31.224368,2026-07-22,0.0,180.5545152052024,,3716.0054847947977
2026-07-21,2,2026-07-23,11716.24,CatBoost,,,False,0.0,11716.24,,True,git_backfill,2026-07-31T15:19:31.224368,2026-07-21,0.0,449.74862096500453,,11266.491379034995
2026-07-19,4,2026-07-23,8278.88,CatBoost,,,True,0.0,8278.88,,True,git_backfill,2026-07-31T15:19:31.224368,2026-07-19,2547.386090313617,5425.337140056323,,2853.5428599436764
2026-07-18,5,2026-07-23,7102.78,CatBoost,,,True,0.0,7102.78,,True,git_backfill,2026-07-31T15:19:31.224368,2026-07-18,0.0,3829.1030431624354,0.0,3273.6769568375644
2026-07-17,6,2026-07-23,4857.6,CatBoost,,,True,0.0,4857.6,,True,git_backfill,2026-07-31T15:19:31.224368,2026-07-17,0.0,6669.283725828673,,1811.6837258286723
2026-07-23,1,2026-07-24,0.0,CatBoost,,,False,0.0,0.0,,True,git_backfill,2026-07-31T15:19:31.224368,2026-07-23,0.0,400.84071830496976,,400.84071830496976
2026-07-22,2,2026-07-24,14131.91,CatBoost,,,False,0.0,14131.91,,True,git_backfill,2026-07-31T15:19:31.224368,2026-07-22,0.0,495.8127258288563,,13636.097274171143
2026-07-21,3,2026-07-24,12980.22,CatBoost,,,True,0.0,12980.22,,True,git_backfill,2026-07-31T15:19:31.224368,2026-07-21,0.0,1404.8353464803045,,11575.384653519695
2026-07-19,5,2026-07-24,9540.28,CatBoost,,,True,0.0,9540.28,,True,git_backfill,2026-07-31T15:19:31.224368,2026-07-19,2547.386090313617,9688.53860281729,2556.9252238838794,148.25860281729
2026-07-18,6,2026-07-24,5600.76,CatBoost,,,True,0.0,5600.76,,True,git_backfill,2026-07-31T15:19:31.224368,2026-07-18,0.0,3606.934852263865,,1993.825147736135
2026-07-17,7,2026-07-24,4373.11,CatBoost,,,False,0.0,4373.11,,True,git_backfill,2026-07-31T15:19:31.224368,2026-07-17,0.0,8412.358813413239,,4039.248813413239
2026-07-24,1,2026-07-25,0.0,CatBoost,,0.4785,False,0.0,0.0,,True,git_backfill,2026-07-31T15:19:31.224368,2026-07-24,0.0,651.2166846482096,,651.2166846482096
2026-07-23,2,2026-07-25,0.0,CatBoost,,,False,0.0,0.0,,True,git_backfill,2026-07-31T15:19:31.224368,2026-07-23,0.0,383.0158704235022,,383.0158704235022
2026-07-22,3,2026-07-25,14740.26,CatBoost,,,True,0.0,14740.26,,True,git_backfill,2026-07-31T15:19:31.224368,2026-07-22,0.0,1397.072931489895,,13343.187068510106
2026-07-21,4,2026-07-25,7150.4,CatBoost,,,True,0.0,7150.4,,True,git_backfill,2026-07-31T15:19:31.224368,2026-07-21,0.0,1549.225033550988,,5601.174966449012
2026-07-19,6,2026-07-25,19693.67,CatBoost,,,True,0.0,19693.67,,True,git_backfill,2026-07-31T15:19:31.224368,2026-07-19,2547.386090313617,8556.474819944875,,11137.195180055123
2026-07-18,7,2026-07-25,4553.08,CatBoost,,,False,0.0,4553.08,,True,git_backfill,2026-07-31T15:19:31.224368,2026-07-18,0.0,3253.0748565661065,,1300.0051434338934
2026-07-25,1,2026-07-26,354.0,CatBoost,0.6173004177280479,0.421639200661938,False,0.0,354.0,,True,git_backfill,2026-07-31T15:19:31.224368,2026-07-25,0.0,354.00096615605185,,0.0009661560518452461
2026-07-24,2,2026-07-26,0.0,CatBoost,,-0.0312,True,0.0,0.0,,True,git_backfill,2026-07-31T15:19:31.224368,2026-07-24,0.0,46.34632118960462,,46.34632118960462
2026-07-23,3,2026-07-26,9041.43,CatBoost,,,True,0.0,9041.43,,True,git_backfill,2026-07-31T15:19:31.224368,2026-07-23,0.0,1568.315011807551,,7473.114988192449
2026-07-22,4,2026-07-26,7030.8,CatBoost,,,True,0.0,7030.8,,True,git_backfill,2026-07-31T15:19:31.224368,2026-07-22,0.0,1685.5657509249068,,5345.234249075093
2026-07-21,5,2026-07-26,8847.82,CatBoost,,,True,0.0,8847.82,,True,git_backfill,2026-07-31T15:19:31.224368,2026-07-21,0.0,4115.6011692829115,0.0,4732.218830717088
2026-07-19,7,2026-07-26,7392.16,CatBoost,,,False,0.0,7392.16,,True,git_backfill,2026-07-31T15:19:31.224368,2026-07-19,2547.386090313617,10782.047965935419,,3389.887965935419
2026-07-26,1,2026-07-27,1278.24,CatBoost,0.6173004177280479,0.421639200661938,False,0.0,1278.24,,True,git_backfill,2026-07-31T15:19:31.224368,2026-07-26,0.0,1278.2362716971616,,0.003728302838453601
2026-07-25,2,2026-07-27,563.95,CatBoost,0.3073018887356206,0.2559049288804246,False,0.0,563.95,,True,git_backfill,2026-07-31T15:19:31.224368,2026-07-25,0.0,563.9463988391603,,0.003601160839707518
2026-07-24,3,2026-07-27,0.0,CatBoost,,-1.6972,True,0.0,0.0,,True,git_backfill,2026-07-31T15:19:31.224368,2026-07-24,0.0,1165.593618657877,,1165.593618657877
2026-07-23,4,2026-07-27,4673.93,CatBoost,,,True,0.0,4673.93,,True,git_backfill,2026-07-31T15:19:31.224368,2026-07-23,0.0,1732.384731689367,,2941.545268310633
2026-07-22,5,2026-07-27,8958.23,CatBoost,,,True,0.0,8958.23,,True,git_backfill,2026-07-31T15:19:31.224368,2026-07-22,0.0,3775.533902439402,0.0,5182.696097560598
2026-07-21,6,2026-07-27,6475.62,CatBoost,,,True,0.0,6475.62,,True,git_backfill,2026-07-31T15:19:31.224368,2026-07-21,0.0,3181.373550875764,,3294.246449124236
2026-07-27,1,2026-07-28,290.54,CatBoost,0.6173004177280479,0.421639200661938,False,0.0,290.54,,True,git_backfill,2026-07-31T15:19:31.224368,2026-07-27,0.0,290.53908600865725,,0.0009139913427702595
2026-07-26,2,2026-07-28,525.2,CatBoost,0.3073018887356206,0.2559049288804246,False,0.0,525.2,,True,git_backfill,2026-07-31T15:19:31.224368,2026-07-26,0.0,525.1983327623086,,0.00166723769143573
2026-07-25,3,2026-07-28,2087.32,CatBoost,0.005842262968522,-0.0649227754310725,True,0.0,2087.32,,True,git_backfill,2026-07-31T15:19:31.224368,2026-07-25,0.0,2087.316028497415,,0.003971502585045528
2026-07-24,4,2026-07-28,0.0,CatBoost,,-1.8345,True,0.0,0.0,,True,git_backfill,2026-07-31T15:19:31.224368,2026-07-24,0.0,1927.8116108210152,,1927.8116108210152
2026-07-23,5,2026-07-28,8358.09,CatBoost,,,True,0.0,8358.09,,True,git_backfill,2026-07-31T15:19:31.224368,2026-07-23,0.0,3866.7673581847107,0.0,4491.32264181529
2026-07-22,6,2026-07-28,7566.2,CatBoost,,,True,0.0,7566.2,,True,git_backfill,2026-07-31T15:19:31.224368,2026-07-22,0.0,2169.69038359438,,5396.509616405619
2026-07-21,7,2026-07-28,8028.5,CatBoost,,,False,0.0,8028.5,,True,git_backfill,2026-07-31T15:19:31.224368,2026-07-21,0.0,3924.2571776147843,,4104.242822385216
2026-07-28,1,2026-07-29,293.92,CatBoost,0.6173004177280479,0.421639200661938,False,0.0,293.92,,True,git_backfill,2026-07-31T15:19:31.224368,2026-07-28,0.0,293.9239888101703,,0.003988810170255874
2026-07-27,2,2026-07-29,1719.74,CatBoost,0.3073018887356206,0.2559049288804246,False,0.0,1719.74,,True,git_backfill,2026-07-31T15:19:31.224368,2026-07-27,0.0,1719.7404999379773,,0.0004999379773380497
2026-07-26,3,2026-07-29,15005.29,CatBoost,0.005842262968522,-0.0649227754310725,True,0.0,15005.29,,True,git_backfill,2026-07-31T15:19:31.224368,2026-07-26,0.0,15005.293963093867,,0.003963093866332201
2026-07-25,4,2026-07-29,1761.95,CatBoost,0.0595521393667954,-0.2525761339792999,True,0.0,1761.95,,True,git_backfill,2026-07-31T15:19:31.224368,2026-07-25,0.0,1761.9507544404946,,0.0007544404945747374
2026-07-24,5,2026-07-29,5343.1,CatBoost,,-3.528,True,0.0,5343.1,,True,git_backfill,2026-07-31T15:19:31.224368,2026-07-24,0.0,3829.51891006148,0.0,1513.5810899385206
2026-07-23,6,2026-07-29,7019.0,CatBoost,,,True,0.0,7019.0,,True,git_backfill,2026-07-31T15:19:31.224368,2026-07-23,0.0,1528.6347635607117,,5490.365236439288
2026-07-22,7,2026-07-29,7703.86,CatBoost,,,False,0.0,7703.86,,True,git_backfill,2026-07-31T15:19:31.224368,2026-07-22,0.0,3795.79569147499,,3908.06430852501
2026-07-29,1,2026-07-30,633.77,CatBoost,0.6173004177280479,0.421639200661938,False,0.0,633.77,,True,git_backfill,2026-07-31T15:19:31.224368,2026-07-29,0.0,633.7700078320194,,7.8320193779291e-06
2026-07-28,2,2026-07-30,1774.52,CatBoost,0.3073018887356206,0.2559049288804246,False,0.0,1774.52,,True,git_backfill,2026-07-31T15:19:31.224368,2026-07-28,0.0,1774.521885111882,,0.0018851118820748525
2026-07-27,3,2026-07-30,18972.92,CatBoost,0.005842262968522,-0.0649227754310725,True,0.0,18972.92,,True,git_backfill,2026-07-31T15:19:31.224368,2026-07-27,0.0,18972.920781871377,,0.0007818713784217834
2026-07-26,4,2026-07-30,588.5,CatBoost,0.0595521393667954,-0.2525761339792999,True,0.0,588.5,,True,git_backfill,2026-07-31T15:19:31.224368,2026-07-26,0.0,588.497875201541,,0.002124798459021804
2026-07-25,5,2026-07-30,3975.51,CatBoost,-1.3971628567879062,-0.2920161390273282,True,0.0,3975.51,,True,git_backfill,2026-07-31T15:19:31.224368,2026-07-25,0.0,3975.5110074256954,0.0,0.0010074256952066207
2026-07-24,6,2026-07-30,15755.3,CatBoost,,-15.3064,True,0.0,15755.3,,True,git_backfill,2026-07-31T15:19:31.224368,2026-07-24,0.0,3127.5526205256706,,12627.74737947433
2026-07-23,7,2026-07-30,10641.5,CatBoost,,,False,0.0,10641.5,,True,git_backfill,2026-07-31T15:19:31.224368,2026-07-23,0.0,4174.823237986158,,6466.676762013842
2026-07-30,1,2026-07-31,3938.05,CatBoost,0.6173004177280479,0.421639200661938,False,0.0,3938.05,,True,git_backfill,2026-07-31T15:19:31.224368,2026-08-01,24528.47605081392,24377.2642916126,,20439.2142916126
2026-07-29,2,2026-07-31,531.47,CatBoost,0.3073018887356206,0.2559049288804246,False,0.0,531.47,,True,git_backfill,2026-07-31T15:19:31.224368,2026-07-29,0.0,531.4655735005667,,0.004426499433293429
2026-07-28,3,2026-07-31,13012.35,CatBoost,0.005842262968522,-0.0649227754310725,True,0.0,13012.35,,True,git_backfill,2026-07-31T15:19:31.224368,2026-07-28,0.0,13012.34851454664,,0.0014854533601464937
2026-07-27,4,2026-07-31,15267.67,CatBoost,0.0595521393667954,-0.2525761339792999,True,0.0,15267.67,,True,git_backfill,2026-07-31T15:19:31.224368,2026-07-27,0.0,15267.674719730641,,0.0047197306412272155
2026-07-26,5,2026-07-31,85944.02,CatBoost,-1.3971628567879062,-0.2920161390273282,True,0.0,85944.02,,True,git_backfill,2026-07-31T15:19:31.224368,2026-07-26,0.0,85944.01529512322,1124.5307825490409,0.004704876788309775
2026-07-25,6,2026-07-31,2154.28,CatBoost,-0.1764967343666454,-0.3723953466749509,True,0.0,2154.28,,True,git_backfill,2026-07-31T15:19:31.224368,2026-07-25,0.0,2154.2776872124664,,0.0023127875338104786
2026-07-24,7,2026-07-31,10257.3,CatBoost,,-13.2143,True,0.0,10257.3,,True,git_backfill,2026-07-31T15:19:31.224368,2026-07-24,0.0,6038.067340137598,,4219.232659862401
2026-07-31,1,2026-08-01,227.68,CatBoost,0.6173004177280479,0.421639200661938,False,24528.47605081392,24300.79605081392,99.07177274475458,True,daily_logger,2026-08-01T09:17:09.046072,2026-07-31,0.0,227.67578634746712,,0.004213652532882861
2026-07-30,2,2026-08-01,0.0,CatBoost,0.3073018887356206,0.2559049288804246,False,24528.47605081392,24528.47605081392,100.0,True,git_backfill,2026-07-31T15:19:31.224368,2026-08-01,24528.47605081392,1558.4021544880088,,1558.4021544880088
2026-07-29,3,2026-08-01,9073.27,CatBoost,0.005842262968522,-0.0649227754310725,True,24528.47605081392,15455.206050813922,63.00923880797345,True,git_backfill,2026-07-31T15:19:31.224368,2026-07-29,0.0,9073.268818873781,,0.001181126219307771
2026-07-28,4,2026-08-01,15492.17,CatBoost,0.0595521393667954,-0.2525761339792999,True,24528.47605081392,9036.306050813922,36.84006308461252,True,git_backfill,2026-07-31T15:19:31.224368,2026-07-28,0.0,15492.17227988244,,0.002279882439324865
2026-07-27,5,2026-08-01,89620.96,CatBoost,-1.3971628567879062,-0.2920161390273282,True,24528.47605081392,65092.48394918608,265.3751656415122,True,git_backfill,2026-07-31T15:19:31.224368,2026-07-27,0.0,89620.95763659346,797.8956908929617,0.002363406543736346
2026-07-26,6,2026-08-01,0.0,CatBoost,-0.1764967343666454,-0.3723953466749509,True,24528.47605081392,24528.47605081392,100.0,True,git_backfill,2026-07-31T15:19:31.224368,2026-07-26,0.0,0.0,,0.0
2026-07-25,7,2026-08-01,3625.39,CatBoost,0.1086994321424081,-0.5807696498618561,True,24528.47605081392,20903.086050813923,85.21966879438602,True,git_backfill,2026-07-31T15:19:31.224368,2026-07-25,0.0,3625.3857284405767,,0.004271559423159488
2026-08-01,1,2026-08-02,24377.26,CatBoost,0.6173004177280479,0.421639200661938,False,0.0,24377.26,,True,daily_logger,2026-08-03T09:00:44.487760,2026-08-01,24528.47605081392,24377.2642916126,,0.004291612600354711
2026-07-31,2,2026-08-02,0.0,CatBoost,0.3073018887356206,0.2559049288804246,False,0.0,0.0,,True,daily_logger,2026-08-01T09:17:09.046072,2026-07-31,0.0,0.0,,0.0
2026-07-30,3,2026-08-02,0.0,CatBoost,0.005842262968522,-0.0649227754310725,True,0.0,0.0,,True,git_backfill,2026-07-31T15:19:31.224368,2026-08-01,24528.47605081392,15067.444608778173,,15067.444608778173
2026-07-29,4,2026-08-02,15021.51,CatBoost,0.0595521393667954,-0.2525761339792999,True,0.0,15021.51,,True,git_backfill,2026-07-31T15:19:31.224368,2026-07-29,0.0,15021.514998590244,,0.004998590244213119
2026-07-28,5,2026-08-02,90161.77,CatBoost,-1.3971628567879062,-0.2920161390273282,True,0.0,90161.77,,True,git_backfill,2026-07-31T15:19:31.224368,2026-07-28,0.0,90161.77137975616,827.6083019828452,0.001379756155074574
2026-07-27,6,2026-08-02,13013.63,CatBoost,-0.1764967343666454,-0.3723953466749509,True,0.0,13013.63,,True,git_backfill,2026-07-31T15:19:31.224368,2026-07-27,0.0,13013.632462479472,,0.002462479473251733
2026-07-26,7,2026-08-02,24872.41,CatBoost,0.1086994321424081,-0.5807696498618561,True,0.0,24872.41,,True,git_backfill,2026-07-31T15:19:31.224368,2026-07-26,0.0,24872.413234712978,,0.003234712978155585
2026-08-02,1,2026-08-03,2867.64,CatBoost,0.6173004177280479,0.421639200661938,False,0.0,2867.64,,True,daily_logger,2026-08-03T09:47:08.622044,2026-08-02,0.0,2867.6395067494805,,0.0004932505194119585
2026-08-01,2,2026-08-03,1558.4,CatBoost,0.3073018887356206,0.2559049288804246,False,0.0,1558.4,,True,daily_logger,2026-08-03T09:00:44.487760,2026-08-01,24528.47605081392,1558.4021544880088,,0.0021544880087276397
2026-07-31,3,2026-08-03,0.0,CatBoost,0.005842262968522,-0.0649227754310725,True,0.0,0.0,,True,daily_logger,2026-08-01T09:17:09.046072,2026-07-31,0.0,0.0,,0.0
2026-07-30,4,2026-08-03,0.0,CatBoost,0.0595521393667954,-0.2525761339792999,True,0.0,0.0,,True,git_backfill,2026-07-31T15:19:31.224368,2026-08-01,24528.47605081392,18892.869937995616,,18892.869937995616
2026-07-29,5,2026-08-03,75286.33,CatBoost,-1.3971628567879062,-0.2920161390273282,True,0.0,75286.33,,True,git_backfill,2026-07-31T15:19:31.224368,2026-07-29,0.0,75286.3287073086,774.6191222195246,0.0012926914059789851
2026-07-28,6,2026-08-03,13296.82,CatBoost,-0.1764967343666454,-0.3723953466749509,True,0.0,13296.82,,True,git_backfill,2026-07-31T15:19:31.224368,2026-07-28,0.0,13296.823392446695,,0.0033924466952157672
2026-07-27,7,2026-08-03,32387.4,CatBoost,0.1086994321424081,-0.5807696498618561,True,0.0,32387.4,,True,git_backfill,2026-07-31T15:19:31.224368,2026-07-27,0.0,32387.398660970306,,0.0013390296953730285
2026-08-03,1,2026-08-04,1313.86,CatBoost,0.6173004177280479,0.421639200661938,False,0.0,1313.86,,True,daily_logger,2026-08-04T08:43:46.575359,2026-08-03,0.0,1313.8603507349715,,0.0003507349715619057
2026-08-02,2,2026-08-04,2300.17,CatBoost,0.3073018887356206,0.2559049288804246,False,0.0,2300.17,,True,daily_logger,2026-08-03T09:47:08.622044,2026-08-02,0.0,2300.1684223694906,,0.001577630509473238
2026-08-01,3,2026-08-04,15067.44,CatBoost,0.005842262968522,-0.0649227754310725,True,0.0,15067.44,,True,daily_logger,2026-08-03T09:00:44.487760,2026-08-01,24528.47605081392,15067.444608778173,,0.004608778172041639
2026-07-31,4,2026-08-04,19983.72,CatBoost,0.0595521393667954,-0.2525761339792999,True,0.0,19983.72,,True,daily_logger,2026-08-01T09:17:09.046072,2026-07-31,0.0,19983.724970976582,,0.0049709765808074735
2026-07-30,5,2026-08-04,91647.04,CatBoost,-1.3971628567879062,-0.2920161390273282,True,0.0,91647.04,,True,git_backfill,2026-07-31T15:19:31.224368,2026-08-01,24528.47605081392,118162.17852844027,25698.268514352687,26515.13852844028
2026-07-29,6,2026-08-04,12221.78,CatBoost,-0.1764967343666454,-0.3723953466749509,True,0.0,12221.78,,True,git_backfill,2026-07-31T15:19:31.224368,2026-07-29,0.0,12221.781780089093,,0.0017800890927901492
2026-07-28,7,2026-08-04,35854.0,CatBoost,0.1086994321424081,-0.5807696498618561,True,0.0,35854.0,,True,git_backfill,2026-07-31T15:19:31.224368,2026-07-28,0.0,35853.99859285173,,0.0014071482728468254
2026-08-04,1,2026-08-05,1538.61,CatBoost,0.6173004177280479,0.421639200661938,False,0.0,1538.61,,True,daily_logger,2026-08-05T09:47:08.523046,2026-08-04,0.0,1538.6116855964158,,0.0016855964158821735
2026-08-03,2,2026-08-05,1233.86,CatBoost,0.3073018887356206,0.2559049288804246,False,0.0,1233.86,,True,daily_logger,2026-08-04T08:43:46.575359,2026-08-03,0.0,1233.8633867946542,,0.0033867946542613936
2026-08-02,3,2026-08-05,7096.2,CatBoost,0.005842262968522,-0.0649227754310725,True,0.0,7096.2,,True,daily_logger,2026-08-03T09:47:08.622044,2026-08-02,0.0,7096.1957724126805,,0.00422758731929207
2026-08-01,4,2026-08-05,18892.87,CatBoost,0.0595521393667954,-0.2525761339792999,True,0.0,18892.87,,True,daily_logger,2026-08-03T09:00:44.487760,2026-08-01,24528.47605081392,18892.869937995616,,6.200438292580657e-05
2026-07-31,5,2026-08-05,92074.91,CatBoost,-1.3971628567879062,-0.2920161390273282,True,0.0,92074.91,,True,daily_logger,2026-08-01T09:17:09.046072,2026-07-31,0.0,92074.91000724962,1099.5053864035995,7.249618647620082e-06
2026-07-30,6,2026-08-05,0.0,CatBoost,-0.1764967343666454,-0.3723953466749509,True,0.0,0.0,,True,git_backfill,2026-07-31T15:19:31.224368,2026-08-01,24528.47605081392,21000.220236644334,,21000.220236644334
2026-07-29,7,2026-08-05,23201.53,CatBoost,0.1086994321424081,-0.5807696498618561,True,0.0,23201.53,,True,git_backfill,2026-07-31T15:19:31.224368,2026-07-29,0.0,23201.531631983682,,0.001631983683182625
2026-08-05,1,2026-08-06,1348.46,CatBoost,0.6173004177280479,0.421639200661938,False,0.0,1348.46,,True,daily_logger,2026-08-06T09:02:09.620535,2026-08-05,0.0,1348.459419025808,,0.0005809741919620137
2026-08-04,2,2026-08-06,331.86,CatBoost,0.3073018887356206,0.2559049288804246,False,0.0,331.86,,True,daily_logger,2026-08-05T09:47:08.523046,2026-08-04,0.0,331.86131812743747,,0.001318127437457406
2026-08-03,3,2026-08-06,2320.05,CatBoost,0.005842262968522,-0.0649227754310725,True,0.0,2320.05,,True,daily_logger,2026-08-04T08:43:46.575359,2026-08-03,0.0,2320.053811623849,,0.0038116238488328236
2026-08-02,4,2026-08-06,35332.16,CatBoost,0.0595521393667954,-0.2525761339792999,True,0.0,35332.16,,True,daily_logger,2026-08-03T09:47:08.622044,2026-08-02,0.0,35332.15545585049,,0.004544149516732432
2026-08-01,5,2026-08-06,118162.18,CatBoost,-1.3971628567879062,-0.2920161390273282,True,0.0,118162.18,,True,daily_logger,2026-08-03T09:00:44.487760,2026-08-01,24528.47605081392,118162.17852844027,25698.268514352687,0.0014715597208123654
2026-07-31,6,2026-08-06,6761.64,CatBoost,-0.1764967343666454,-0.3723953466749509,True,0.0,6761.64,,True,daily_logger,2026-08-01T09:17:09.046072,2026-07-31,0.0,6761.641905416201,,0.0019054162003158126
2026-07-30,7,2026-08-06,29276.76,CatBoost,0.1086994321424081,-0.5807696498618561,True,0.0,29276.76,,True,git_backfill,2026-07-31T15:19:31.224368,2026-08-01,24528.47605081392,65842.79755204954,,36566.03755204954
2026-08-06,1,2026-08-07,279.77,CatBoost,0.6173004177280479,0.421639200661938,False,0.0,279.77,,True,daily_logger,2026-08-07T08:47:09.999489,2026-08-06,0.0,279.7716002193557,,0.0016002193557369537
2026-08-05,2,2026-08-07,0.0,CatBoost,0.3073018887356206,0.2559049288804246,False,0.0,0.0,,True,daily_logger,2026-08-06T09:02:09.620535,2026-08-05,0.0,0.0,,0.0
2026-08-04,3,2026-08-07,24120.49,CatBoost,0.005842262968522,-0.0649227754310725,True,0.0,24120.49,,True,daily_logger,2026-08-05T09:47:08.523046,2026-08-04,0.0,24120.49376285359,,0.0037628535901603755
2026-08-03,4,2026-08-07,39384.11,CatBoost,0.0595521393667954,-0.2525761339792999,True,0.0,39384.11,,True,daily_logger,2026-08-04T08:43:46.575359,2026-08-03,0.0,39384.1125224674,,0.002522467402741313
2026-08-02,5,2026-08-07,90293.89,CatBoost,-1.3971628567879062,-0.2920161390273282,True,0.0,90293.89,,True,daily_logger,2026-08-03T09:47:08.622044,2026-08-02,0.0,90293.89498457027,0.0,0.004984570274245925
2026-08-01,6,2026-08-07,21000.22,CatBoost,-0.1764967343666454,-0.3723953466749509,True,0.0,21000.22,,True,daily_logger,2026-08-03T09:00:44.487760,2026-08-01,24528.47605081392,21000.220236644334,,0.00023664433319936506
2026-07-31,7,2026-08-07,41557.27,CatBoost,0.1086994321424081,-0.5807696498618561,True,0.0,41557.27,,True,daily_logger,2026-08-01T09:17:09.046072,2026-07-31,0.0,41557.26547494725,,0.0045250527473399416
2026-08-07,1,2026-08-08,302.76,CatBoost,0.6173004177280479,0.421639200661938,False,8861.352276959295,8558.592276959294,96.58336571510404,True,daily_logger,2026-08-08T10:02:12.929152,2026-08-07,0.0,302.75964373325667,,0.0003562667433243405
2026-08-06,2,2026-08-08,1090.11,CatBoost,0.3073018887356206,0.2559049288804246,False,8861.352276959295,7771.242276959295,87.69815299145219,True,daily_logger,2026-08-07T08:47:09.999489,2026-08-06,0.0,1090.1058109264623,,0.004189073537645527
2026-08-05,3,2026-08-08,21278.13,CatBoost,0.005842262968522,-0.0649227754310725,True,8861.352276959295,12416.777723040706,140.12283153809375,True,daily_logger,2026-08-06T09:02:09.620535,2026-08-05,0.0,21278.12595119305,,0.004048806949867867
2026-08-04,4,2026-08-08,17471.76,CatBoost,0.0595521393667954,-0.2525761339792999,True,8861.352276959295,8610.407723040704,97.16810091648112,True,daily_logger,2026-08-05T09:47:08.523046,2026-08-04,0.0,17471.761636439922,,0.0016364399234589655
2026-08-03,5,2026-08-08,90635.5,CatBoost,-1.3971628567879062,-0.2920161390273282,True,8861.352276959295,81774.1477230407,922.817930798942,True,daily_logger,2026-08-04T08:43:46.575359,2026-08-03,0.0,90635.50100190981,1265.9912137349665,0.0010019098117481917
2026-08-02,6,2026-08-08,12508.12,CatBoost,-0.1764967343666454,-0.3723953466749509,True,8861.352276959295,3646.767723040706,41.15362541812937,True,daily_logger,2026-08-03T09:47:08.622044,2026-08-02,0.0,12508.121898260428,,0.0018982604269695003
2026-08-01,7,2026-08-08,65842.8,CatBoost,0.1086994321424081,-0.5807696498618561,True,8861.352276959295,56981.44772304071,643.0333197699422,True,daily_logger,2026-08-03T09:00:44.487760,2026-08-01,24528.47605081392,65842.79755204954,,0.002447950464556925
2026-08-08,1,2026-08-09,10431.49,CatBoost,0.6173004177280479,0.421639200661938,False,26750.82964233709,16319.339642337092,61.00498511832828,True,daily_logger,2026-08-09T08:47:07.762161,2026-08-08,8861.352276959295,10431.491410440174,,0.0014104401743679773
2026-08-07,2,2026-08-09,1198.61,CatBoost,0.3073018887356206,0.2559049288804246,False,26750.82964233709,25552.21964233709,95.5193539190163,True,daily_logger,2026-08-08T10:02:12.929152,2026-08-07,0.0,1198.6140967704016,,0.004096770401702088
2026-08-06,3,2026-08-09,2964.35,CatBoost,0.005842262968522,-0.0649227754310725,True,26750.82964233709,23786.479642337094,88.91866144103253,True,daily_logger,2026-08-07T08:47:09.999489,2026-08-06,0.0,2964.35041648034,,0.00041648033993624267
2026-08-05,4,2026-08-09,20886.89,CatBoost,0.0595521393667954,-0.2525761339792999,True,26750.82964233709,5863.939642337093,21.920589831189957,True,daily_logger,2026-08-06T09:02:09.620535,2026-08-05,0.0,20886.888949121665,,0.0010508783343539108
2026-08-04,5,2026-08-09,84642.17,CatBoost,-1.3971628567879062,-0.2920161390273282,True,26750.82964233709,57891.340357662906,216.4095137671596,True,daily_logger,2026-08-05T09:47:08.523046,2026-08-04,0.0,84642.1675043403,455.6618287410147,0.002495659704436548
2026-08-03,6,2026-08-09,13091.52,CatBoost,-0.1764967343666454,-0.3723953466749509,True,26750.82964233709,13659.309642337092,51.06125613659189,True,daily_logger,2026-08-04T08:43:46.575359,2026-08-03,0.0,13091.520214153596,,0.00021415359515231103
2026-08-02,7,2026-08-09,40157.16,CatBoost,0.1086994321424081,-0.5807696498618561,True,26750.82964233709,13406.330357662911,50.11556851472538,True,daily_logger,2026-08-03T09:47:08.622044,2026-08-02,0.0,40157.15578562798,,0.004214372020214796
2026-08-09,1,2026-08-10,26720.37,CatBoost,0.6173004177280479,0.421639200661938,False,17294.426859378633,9425.943140621366,54.50277836475252,True,daily_logger,2026-08-10T09:02:09.867230,2026-08-09,26750.82964233709,26720.371190911726,,0.0011909117274626624
2026-08-08,2,2026-08-10,11879.48,CatBoost,0.3073018887356206,0.2559049288804246,False,17294.426859378633,5414.946859378633,31.31035739667863,True,daily_logger,2026-08-09T08:47:07.762161,2026-08-08,8861.352276959295,11879.483634578437,,0.0036345784374134382
2026-08-07,3,2026-08-10,1159.03,CatBoost,0.005842262968522,-0.0649227754310725,True,17294.426859378633,16135.396859378632,93.29824567518716,True,daily_logger,2026-08-08T10:02:12.929152,2026-08-07,0.0,1159.0285894011627,,0.0014105988373103173
2026-08-06,4,2026-08-10,5927.0,CatBoost,0.0595521393667954,-0.2525761339792999,True,17294.426859378633,11367.426859378633,65.72884404789723,True,daily_logger,2026-08-07T08:47:09.999489,2026-08-06,0.0,5926.998351077331,,0.0016489226691192016
2026-08-05,5,2026-08-10,86273.14,CatBoost,-1.3971628567879062,-0.2920161390273282,True,17294.426859378633,68978.71314062137,398.8493732778127,True,daily_logger,2026-08-06T09:02:09.620535,2026-08-05,0.0,86273.14045758412,514.8286053690294,0.0004575841157929972
2026-08-04,6,2026-08-10,8656.41,CatBoost,-0.1764967343666454,-0.3723953466749509,True,17294.426859378633,8638.016859378633,49.94682350340106,True,daily_logger,2026-08-05T09:47:08.523046,2026-08-04,0.0,8656.405769382927,,0.004230617072607856
2026-08-03,7,2026-08-10,41403.82,CatBoost,0.1086994321424081,-0.5807696498618561,True,17294.426859378633,24109.393140621367,139.40556305597968,True,daily_logger,2026-08-04T08:43:46.575359,2026-08-03,0.0,41403.81800597372,,0.0019940262791351415
2026-08-10,1,2026-08-11,14762.93,CatBoost,0.6173004177280479,0.421639200661938,False,24190.034136908645,9427.104136908643,38.971024528340656,True,daily_logger,2026-08-11T09:47:12.128621,2026-08-10,17294.42685937863,14762.92708933634,,0.0029106636611686554
2026-08-09,2,2026-08-11,20591.3,CatBoost,0.3073018887356206,0.2559049288804246,False,24190.034136908645,3598.734136908646,14.87692872420454,True,daily_logger,2026-08-10T09:02:09.867230,2026-08-09,26750.82964233709,20591.29553096077,,0.004469039227842586
2026-08-08,3,2026-08-11,27434.94,CatBoost,0.005842262968522,-0.0649227754310725,True,24190.034136908645,3244.905863091353,13.414226059897716,True,daily_logger,2026-08-09T08:47:07.762161,2026-08-08,8861.352276959295,27434.944457173202,,0.004457173203263665
2026-08-07,4,2026-08-11,9823.34,CatBoost,0.0595521393667954,-0.2525761339792999,True,24190.034136908645,14366.694136908643,59.390962640223165,True,daily_logger,2026-08-08T10:02:12.929152,2026-08-07,0.0,9823.336441394287,,0.0035586057128966786
2026-08-06,5,2026-08-11,26107.36,CatBoost,-1.3971628567879062,-0.2920161390273282,True,24190.034136908645,1917.3258630913551,7.926098211519014,True,daily_logger,2026-08-07T08:47:09.999489,2026-08-06,0.0,26107.359247749035,151.7138674170767,0.0007522509658883791
2026-08-05,6,2026-08-11,10423.38,CatBoost,-0.1764967343666454,-0.3723953466749509,True,24190.034136908645,13766.654136908646,56.91043699646448,True,daily_logger,2026-08-06T09:02:09.620535,2026-08-05,0.0,10423.383105231067,,0.0031052310678205686
2026-08-04,7,2026-08-11,36016.76,CatBoost,0.1086994321424081,-0.5807696498618561,True,24190.034136908645,11826.725863091357,48.89090191504272,True,daily_logger,2026-08-05T09:47:08.523046,2026-08-04,0.0,36016.761147365585,,0.001147365583165083
2026-08-11,1,2026-08-12,26272.44,CatBoost,0.6173004177280479,0.421639200661938,False,22704.57798842049,3567.862011579513,15.7142846407414,True,daily_logger,2026-08-12T09:32:11.941591,2026-08-11,24190.03413690865,26272.440648203486,,0.0006482034877990372
2026-08-10,2,2026-08-12,10289.5,CatBoost,0.3073018887356206,0.2559049288804246,False,22704.57798842049,12415.077988420486,54.6809458196152,True,daily_logger,2026-08-11T09:47:12.128621,2026-08-10,17294.42685937863,10289.500284854881,,0.00028485488110163715
2026-08-09,3,2026-08-12,41268.36,CatBoost,0.005842262968522,-0.0649227754310725,True,22704.57798842049,18563.782011579515,81.76228609510906,True,daily_logger,2026-08-10T09:02:09.867230,2026-08-09,26750.82964233709,41268.36482226718,,0.00482226718304446
2026-08-08,4,2026-08-12,39745.92,CatBoost,0.0595521393667954,-0.2525761339792999,True,22704.57798842049,17041.342011579512,75.05685426203796,True,daily_logger,2026-08-09T08:47:07.762161,2026-08-08,8861.352276959295,39745.91539706337,,0.004602936627634335
2026-08-07,5,2026-08-12,32839.86,CatBoost,-1.3971628567879062,-0.2920161390273282,True,22704.57798842049,10135.282011579517,44.639816766242426,True,daily_logger,2026-08-08T10:02:12.929152,2026-08-07,0.0,32839.85785313153,424.9988177904884,0.002146868471754715
2026-08-06,6,2026-08-12,6231.46,CatBoost,-0.1764967343666454,-0.3723953466749509,True,22704.57798842049,16473.117988420487,72.55416945790363,True,daily_logger,2026-08-07T08:47:09.999489,2026-08-06,0.0,6231.462915727956,,0.002915727955951297
2026-08-05,7,2026-08-12,40829.12,CatBoost,0.1086994321424081,-0.5807696498618561,True,22704.57798842049,18124.54201157952,79.82769827663468,True,daily_logger,2026-08-06T09:02:09.620535,2026-08-05,0.0,40829.120117102226,,0.00011710222315741703
2026-08-12,1,2026-08-13,23408.58,CatBoost,0.6173004177280479,0.421639200661938,False,36265.68943320766,12857.10943320766,35.45254380697006,True,daily_logger,2026-08-13T08:33:07.405701,2026-08-12,22704.57798842049,23408.57954051651,,0.00045948348997626454
2026-08-11,2,2026-08-13,10109.43,CatBoost,0.3073018887356206,0.2559049288804246,False,36265.68943320766,26156.259433207662,72.12398231496731,True,daily_logger,2026-08-12T09:32:11.941591,2026-08-11,24190.03413690865,10109.427544234904,,0.002455765095874085
2026-08-10,3,2026-08-13,12622.23,CatBoost,0.005842262968522,-0.0649227754310725,True,36265.68943320766,23643.459433207663,65.19511914078736,True,daily_logger,2026-08-11T09:47:12.128621,2026-08-10,17294.42685937863,12622.232802080689,,0.0028020806894346606
2026-08-09,4,2026-08-13,36356.56,CatBoost,0.0595521393667954,-0.2525761339792999,True,36265.68943320766,90.870566792335,0.2505689763866088,True,daily_logger,2026-08-10T09:02:09.867230,2026-08-09,26750.82964233709,36356.56040879733,,0.000408797335694544
2026-08-08,5,2026-08-13,68985.28,CatBoost,-1.3971628567879062,-0.2920161390273282,True,36265.68943320766,32719.590566792336,90.22189038224036,True,daily_logger,2026-08-09T08:47:07.762161,2026-08-08,8861.352276959295,68985.2763999664,9786.271722966598,0.0036000335967401043
2026-08-07,6,2026-08-13,9362.29,CatBoost,-0.1764967343666454,-0.3723953466749509,True,36265.68943320766,26903.39943320766,74.18416650469861,True,daily_logger,2026-08-08T10:02:12.929152,2026-08-07,0.0,9362.293572659157,,0.0035726591559068765
2026-08-06,7,2026-08-13,12150.48,CatBoost,0.1086994321424081,-0.5807696498618561,True,36265.68943320766,24115.209433207663,66.49593544229141,True,daily_logger,2026-08-07T08:47:09.999489,2026-08-06,0.0,12150.48191984212,,0.001919842119605164
2026-08-13,1,2026-08-14,37413.49,CatBoost,0.6173004177280479,0.421639200661938,False,21276.11973360937,16137.37026639063,75.84733714813053,True,daily_logger,2026-08-14T08:32:10.477233,2026-08-13,36265.68943320766,37413.48512831438,,0.0048716856181272306
2026-08-12,2,2026-08-14,20518.63,CatBoost,0.3073018887356206,0.2559049288804246,False,21276.11973360937,757.4897336093672,3.560281400432144,True,daily_logger,2026-08-13T08:33:07.405701,2026-08-12,22704.57798842049,20518.632305981802,,0.0023059818013280164
2026-08-11,3,2026-08-14,17048.83,CatBoost,0.005842262968522,-0.0649227754310725,True,21276.11973360937,4227.289733609367,19.868706260999367,True,daily_logger,2026-08-12T09:32:11.941591,2026-08-11,24190.03413690865,17048.83453901872,,0.004539018718787702
2026-08-10,4,2026-08-14,11470.46,CatBoost,0.0595521393667954,-0.2525761339792999,True,21276.11973360937,9805.65973360937,46.0876318444458,True,daily_logger,2026-08-11T09:47:12.128621,2026-08-10,17294.42685937863,11470.456202999929,,0.0037970000703353435
2026-08-09,5,2026-08-14,118773.97,CatBoost,-1.3971628567879062,-0.2920161390273282,True,21276.11973360937,97497.85026639064,458.2501484628122,True,daily_logger,2026-08-10T09:02:09.867230,2026-08-09,26750.82964233709,118773.97384415792,27863.714101307214,0.0038441579235950485
2026-08-08,6,2026-08-14,19820.56,CatBoost,-0.1764967343666454,-0.3723953466749509,True,21276.11973360937,1455.559733609367,6.841283804725232,True,daily_logger,2026-08-09T08:47:07.762161,2026-08-08,8861.352276959295,19820.56453832875,,0.004538328747003106
2026-08-07,7,2026-08-14,13156.86,CatBoost,0.1086994321424081,-0.5807696498618561,True,21276.11973360937,8119.259733609368,38.1613745140923,True,daily_logger,2026-08-08T10:02:12.929152,2026-08-07,0.0,13156.858517170747,,0.0014828292532911291
2026-08-14,1,2026-08-15,21542.7,CatBoost,0.6173004177280479,0.421639200661938,False,12650.58701492093,8892.112985079071,70.29012151444934,True,daily_logger,2026-08-15T09:02:06.564326,2026-08-14,21276.11973360937,21542.697170980104,,0.002829019897035323
2026-08-13,2,2026-08-15,36074.75,CatBoost,0.3073018887356206,0.2559049288804246,False,12650.58701492093,23424.16298507907,185.1626565427445,True,daily_logger,2026-08-14T08:32:10.477233,2026-08-13,36265.68943320766,36074.75089551549,,0.000895515491720289
2026-08-12,3,2026-08-15,32015.0,CatBoost,0.005842262968522,-0.0649227754310725,True,12650.58701492093,19364.41298507907,153.07126034736106,True,daily_logger,2026-08-13T08:33:07.405701,2026-08-12,22704.57798842049,32014.995111004442,,0.00488899555784883
2026-08-11,4,2026-08-15,23487.23,CatBoost,0.0595521393667954,-0.2525761339792999,True,12650.58701492093,10836.64298507907,85.66118688640792,True,daily_logger,2026-08-12T09:32:11.941591,2026-08-11,24190.03413690865,23487.23438343669,,0.0043834366915689316
2026-08-10,5,2026-08-15,108695.16,CatBoost,-1.3971628567879062,-0.2920161390273282,True,12650.58701492093,96044.57298507908,759.210405586696,True,daily_logger,2026-08-11T09:47:12.128621,2026-08-10,17294.42685937863,108695.16284777063,16044.936348603062,0.002847770621883683
2026-08-09,6,2026-08-15,28864.62,CatBoost,-0.1764967343666454,-0.3723953466749509,True,12650.58701492093,16214.03298507907,128.16822623294223,True,daily_logger,2026-08-10T09:02:09.867230,2026-08-09,26750.82964233709,28864.619722747615,,0.0002772523839666974
2026-08-08,7,2026-08-15,29042.39,CatBoost,0.1086994321424081,-0.5807696498618561,True,12650.58701492093,16391.80298507907,129.5734574667998,True,daily_logger,2026-08-09T08:47:07.762161,2026-08-08,8861.352276959295,29042.38798863891,,0.002011361088079866
2026-08-15,1,2026-08-16,12954.96,CatBoost,0.6173004177280479,0.421639200661938,False,18444.51324644169,5489.553246441687,29.762527062082977,True,daily_logger,2026-08-16T09:47:07.510638,2026-08-15,12650.58701492093,12954.958907837208,,0.0010921627908828668
2026-08-14,2,2026-08-16,26968.14,CatBoost,0.3073018887356206,0.2559049288804246,False,18444.51324644169,8523.626753558314,46.21226182373065,True,daily_logger,2026-08-15T09:02:06.564326,2026-08-14,21276.11973360937,26968.136615521533,,0.0033844784666143823
2026-08-13,3,2026-08-16,31779.8,CatBoost,0.005842262968522,-0.0649227754310725,True,18444.51324644169,13335.286753558314,72.29947776545936,True,daily_logger,2026-08-14T08:32:10.477233,2026-08-13,36265.68943320766,31779.8029850027,,0.0029850027021893766
2026-08-12,4,2026-08-16,44730.17,CatBoost,0.0595521393667954,-0.2525761339792999,True,18444.51324644169,26285.656753558316,142.51206525403612,True,daily_logger,2026-08-13T08:33:07.405701,2026-08-12,22704.57798842049,44730.1681141795,,0.0018858205003198236
2026-08-11,5,2026-08-16,124039.24,CatBoost,-1.3971628567879062,-0.2920161390273282,True,18444.51324644169,105594.72675355832,572.4993950378694,True,daily_logger,2026-08-12T09:32:11.941591,2026-08-11,24190.03413690865,124039.2350473477,25633.776252655123,0.004952652307110839
2026-08-10,6,2026-08-16,14948.91,CatBoost,-0.1764967343666454,-0.3723953466749509,True,18444.51324644169,3495.6032464416858,18.951995098683653,True,daily_logger,2026-08-11T09:47:12.128621,2026-08-10,17294.42685937863,14948.914584403126,,0.004584403126500547
2026-08-09,7,2026-08-16,60491.4,CatBoost,0.1086994321424081,-0.5807696498618561,True,18444.51324644169,42046.88675355831,227.96419830526025,True,daily_logger,2026-08-10T09:02:09.867230,2026-08-09,26750.82964233709,60491.395061601055,,0.0049383989462512545
2026-08-16,1,2026-08-17,18224.47,CatBoost,0.6173004177280479,0.421639200661938,False,6896.5238875983405,11327.94611240166,164.25588161555004,True,daily_logger,2026-08-17T09:02:10.230788,2026-08-16,18444.51324644169,18224.469143626997,,0.0008563730043533724
2026-08-15,2,2026-08-17,14620.44,CatBoost,0.3073018887356206,0.2559049288804246,False,6896.5238875983405,7723.91611240166,111.9972356840694,True,daily_logger,2026-08-16T09:47:07.510638,2026-08-15,12650.58701492093,14620.44258141545,,0.002581415448730695
2026-08-14,3,2026-08-17,49120.97,CatBoost,0.005842262968522,-0.0649227754310725,True,6896.5238875983405,42224.44611240166,612.2569398814333,True,daily_logger,2026-08-15T09:02:06.564326,2026-08-14,21276.11973360937,49120.9650928284,,0.004907171598460991
2026-08-13,4,2026-08-17,62265.1,CatBoost,0.0595521393667954,-0.2525761339792999,True,6896.5238875983405,55368.57611240166,802.8475941621558,True,daily_logger,2026-08-14T08:32:10.477233,2026-08-13,36265.68943320766,62265.09843987921,,0.0015601207851432264
2026-08-12,5,2026-08-17,120079.76,CatBoost,-1.3971628567879062,-0.2920161390273282,True,6896.5238875983405,113183.23611240166,1641.1635478553649,True,daily_logger,2026-08-13T08:33:07.405701,2026-08-12,22704.57798842049,120079.75873288099,20879.825314628328,0.001267119005206041
2026-08-11,6,2026-08-17,18246.87,CatBoost,-0.1764967343666454,-0.3723953466749509,True,6896.5238875983405,11350.346112401658,164.58068292654497,True,daily_logger,2026-08-12T09:32:11.941591,2026-08-11,24190.03413690865,18246.868803658926,,0.0011963410725002177
2026-08-10,7,2026-08-17,46867.3,CatBoost,0.1086994321424081,-0.5807696498618561,True,6896.5238875983405,39970.77611240166,579.5785929818792,True,daily_logger,2026-08-11T09:47:12.128621,2026-08-10,17294.42685937863,46867.295162148155,,0.004837851847696584
2026-08-17,1,2026-08-18,6743.09,CatBoost,0.6173004177280479,0.421639200661938,False,14948.805020194086,8205.715020194086,54.89211351080655,True,daily_logger,2026-08-18T08:32:12.810003,2026-08-17,6896.52388759834,6743.094469123037,,0.00446912303686986
2026-08-16,2,2026-08-18,17519.21,CatBoost,0.3073018887356206,0.2559049288804246,False,14948.805020194086,2570.404979805913,17.194718750653294,True,daily_logger,2026-08-17T09:02:10.230788,2026-08-16,18444.51324644169,17519.209870259936,,0.00012974006313015707
2026-08-15,3,2026-08-18,46805.62,CatBoost,0.005842262968522,-0.0649227754310725,True,14948.805020194086,31856.81497980592,213.10609735541465,True,daily_logger,2026-08-16T09:47:07.510638,2026-08-15,12650.58701492093,46805.61996667019,,3.332981577841565e-05
2026-08-14,4,2026-08-18,37790.8,CatBoost,0.0595521393667954,-0.2525761339792999,True,14948.805020194086,22841.99497980592,152.8014777699559,True,daily_logger,2026-08-15T09:02:06.564326,2026-08-14,21276.11973360937,37790.79717045576,,0.002829544246196747
2026-08-13,5,2026-08-18,136114.89,CatBoost,-1.3971628567879062,-0.2920161390273282,True,14948.805020194086,121166.08497980592,810.5402727249751,True,daily_logger,2026-08-14T08:32:10.477233,2026-08-13,36265.68943320766,136114.8903436467,34058.42673047644,0.00034364667953923345
2026-08-12,6,2026-08-18,27732.39,CatBoost,-0.1764967343666454,-0.3723953466749509,True,14948.805020194086,12783.584979805912,85.51576505638268,True,daily_logger,2026-08-13T08:33:07.405701,2026-08-12,22704.57798842049,27732.392185538112,,0.0021855381128261797
2026-08-11,7,2026-08-18,54787.26,CatBoost,0.1086994321424081,-0.5807696498618561,True,14948.805020194086,39838.45497980592,266.4992614860441,True,daily_logger,2026-08-12T09:32:11.941591,2026-08-11,24190.03413690865,54787.25716392712,,0.00283607288292842
2026-08-18,1,2026-08-19,14788.41,CatBoost,0.6173004177280479,0.421639200661938,False,0.0,14788.41,,True,daily_logger,2026-08-19T09:32:10.018419,2026-08-18,14948.80502019409,14788.409871286733,,0.00012871326725871768
2026-08-17,2,2026-08-19,10297.28,CatBoost,0.3073018887356206,0.2559049288804246,False,0.0,10297.28,,True,daily_logger,2026-08-18T08:32:12.810003,2026-08-17,6896.52388759834,10297.27566596636,,0.004334033641498536
2026-08-16,3,2026-08-19,29022.82,CatBoost,0.005842262968522,-0.0649227754310725,True,0.0,29022.82,,True,daily_logger,2026-08-17T09:02:10.230788,2026-08-16,18444.51324644169,29022.818601258987,,0.0013987410129630007
2026-08-15,4,2026-08-19,37105.64,CatBoost,0.0595521393667954,-0.2525761339792999,True,0.0,37105.64,,True,daily_logger,2026-08-16T09:47:07.510638,2026-08-15,12650.58701492093,37105.63987422228,,0.00012577771849464625
2026-08-14,5,2026-08-19,113547.11,CatBoost,-1.3971628567879062,-0.2920161390273282,True,0.0,113547.11,,True,daily_logger,2026-08-15T09:02:06.564326,2026-08-14,21276.11973360937,113547.10979069766,18038.90270150215,0.000209302335861139
2026-08-13,6,2026-08-19,56231.88,CatBoost,-0.1764967343666454,-0.3723953466749509,True,0.0,56231.88,,True,daily_logger,2026-08-14T08:32:10.477233,2026-08-13,36265.68943320766,56231.883183829166,,0.0031838291688472964
2026-08-12,7,2026-08-19,57479.43,CatBoost,0.1086994321424081,-0.5807696498618561,True,0.0,57479.43,,True,daily_logger,2026-08-13T08:33:07.405701,2026-08-12,22704.57798842049,57479.43083567824,,0.0008356782418559305
2026-08-19,1,2026-08-20,419.14,CatBoost,0.6173004177280479,0.421639200661938,False,7946.404470220374,7527.264470220373,94.72541321586696,True,daily_logger,2026-08-20T08:37:18.024135,2026-08-19,0.0,419.141866877662,,0.0018668776619961136
2026-08-18,2,2026-08-20,14677.88,CatBoost,0.3073018887356206,0.2559049288804246,False,7946.404470220374,6731.4755297796255,84.71096022114446,True,daily_logger,2026-08-19T09:32:10.018419,2026-08-18,14948.80502019409,14677.878168644313,,0.0018313556865905412
2026-08-17,3,2026-08-20,10771.95,CatBoost,0.005842262968522,-0.0649227754310725,True,7946.404470220374,2825.545529779627,35.557534736226025,True,daily_logger,2026-08-18T08:32:12.810003,2026-08-17,6896.52388759834,10771.950512123922,,0.0005121239209984196
2026-08-16,4,2026-08-20,32404.79,CatBoost,0.0595521393667954,-0.2525761339792999,True,7946.404470220374,24458.385529779625,307.79185254713485,True,daily_logger,2026-08-17T09:02:10.230788,2026-08-16,18444.51324644169,32404.79007518482,,7.518482016166672e-05
2026-08-15,5,2026-08-20,99944.69,CatBoost,-1.3971628567879062,-0.2920161390273282,True,7946.404470220374,91998.28552977963,1157.7347449975484,True,daily_logger,2026-08-16T09:47:07.510638,2026-08-15,12650.58701492093,99944.690464096,11083.617009748521,0.00046409599599428475
2026-08-14,6,2026-08-20,41159.41,CatBoost,-0.1764967343666454,-0.3723953466749509,True,7946.404470220374,33213.00552977963,417.9626855673828,True,daily_logger,2026-08-15T09:02:06.564326,2026-08-14,21276.11973360937,41159.40530042724,,0.004699572760728188
2026-08-13,7,2026-08-20,88419.68,CatBoost,0.1086994321424081,-0.5807696498618561,True,7946.404470220374,80473.27552977962,1012.7004714063831,True,daily_logger,2026-08-14T08:32:10.477233,2026-08-13,36265.68943320766,88419.68492286716,,0.004922867170535028
2026-08-20,1,2026-08-21,10582.28,CatBoost,0.6173004177280479,0.421639200661938,False,5986.550941662084,4595.729058337917,76.76755953674348,True,daily_logger,2026-08-21T08:47:11.259253,2026-08-20,7946.404470220374,10582.28201832037,,0.002018320368733839
2026-08-19,2,2026-08-21,292.39,CatBoost,0.3073018887356206,0.2559049288804246,False,5986.550941662084,5694.160941662083,95.11588554329045,True,daily_logger,2026-08-20T08:37:18.024135,2026-08-19,0.0,292.3887888527372,,0.0012111472627793773
2026-08-18,3,2026-08-21,17144.83,CatBoost,0.005842262968522,-0.0649227754310725,True,5986.550941662084,11158.279058337916,186.3891106427297,True,daily_logger,2026-08-19T09:32:10.018419,2026-08-18,14948.80502019409,17144.833351844518,,0.0033518445161462296
2026-08-17,4,2026-08-21,13707.33,CatBoost,0.0595521393667954,-0.2525761339792999,True,5986.550941662084,7720.7790583379165,128.96873564721304,True,daily_logger,2026-08-18T08:32:12.810003,2026-08-17,6896.52388759834,13707.33093213331,,0.0009321333109255647
2026-08-16,5,2026-08-21,92490.21,CatBoost,-1.3971628567879062,-0.2920161390273282,True,5986.550941662084,86503.65905833793,1444.9665575604604,True,daily_logger,2026-08-17T09:02:10.230788,2026-08-16,18444.51324644169,92490.21400606818,19136.028243374385,0.004006068178568967
2026-08-15,6,2026-08-21,22904.56,CatBoost,-0.1764967343666454,-0.3723953466749509,True,5986.550941662084,16918.009058337917,282.6002688893994,True,daily_logger,2026-08-16T09:47:07.510638,2026-08-15,12650.58701492093,22904.558662069183,,0.0013379308184084948
2026-08-14,7,2026-08-21,78423.96,CatBoost,0.1086994321424081,-0.5807696498618561,True,5986.550941662084,72437.40905833793,1210.0023830788064,True,daily_logger,2026-08-15T09:02:06.564326,2026-08-14,21276.11973360937,78423.9596541156,,0.00034588440030347556
2026-08-21,1,2026-08-22,5843.68,CatBoost,0.6173004177280479,0.421639200661938,False,0.0,5843.68,,True,daily_logger,2026-08-22T08:47:11.205910,2026-08-21,5986.550941662083,5843.678184082784,,0.0018159172159357695
2026-08-20,2,2026-08-22,9772.15,CatBoost,0.3073018887356206,0.2559049288804246,False,0.0,9772.15,,True,daily_logger,2026-08-21T08:47:11.259253,2026-08-20,7946.404470220374,9772.153460691097,,0.0034606910976435756
2026-08-19,3,2026-08-22,2582.42,CatBoost,0.005842262968522,-0.0649227754310725,True,0.0,2582.42,,True,daily_logger,2026-08-20T08:37:18.024135,2026-08-19,0.0,2582.422348957377,,0.0023489573768529226
2026-08-18,4,2026-08-22,17453.25,CatBoost,0.0595521393667954,-0.2525761339792999,True,0.0,17453.25,,True,daily_logger,2026-08-19T09:32:10.018419,2026-08-18,14948.80502019409,17453.25416163882,,0.004161638818914071
2026-08-17,5,2026-08-22,32703.02,CatBoost,-1.3971628567879062,-0.2920161390273282,True,0.0,32703.02,,True,daily_logger,2026-08-18T08:32:12.810003,2026-08-17,6896.52388759834,32703.023920259402,7182.7834290723595,0.003920259401638759
2026-08-16,6,2026-08-22,29663.71,CatBoost,-0.1764967343666454,-0.3723953466749509,True,0.0,29663.71,,True,daily_logger,2026-08-17T09:02:10.230788,2026-08-16,18444.51324644169,29663.712292452954,,0.002292452954861801
2026-08-15,7,2026-08-22,51228.22,CatBoost,0.1086994321424081,-0.5807696498618561,True,0.0,51228.22,,True,daily_logger,2026-08-16T09:47:07.510638,2026-08-15,12650.58701492093,51228.21938605226,,0.0006139477409305982
2026-08-22,1,2026-08-23,998.72,CatBoost,0.6173004177280479,0.421639200661938,False,0.0,998.72,,True,daily_logger,2026-08-23T08:47:10.073724,2026-08-22,0.0,998.7159303611827,,0.004069638817327359
2026-08-21,2,2026-08-23,5991.65,CatBoost,0.3073018887356206,0.2559049288804246,False,0.0,5991.65,,True,daily_logger,2026-08-22T08:47:11.205910,2026-08-21,5986.550941662083,5991.654620706155,,0.004620706155037624
2026-08-20,3,2026-08-23,12762.25,CatBoost,0.005842262968522,-0.0649227754310725,True,0.0,12762.25,,True,daily_logger,2026-08-21T08:47:11.259253,2026-08-20,7946.404470220374,12762.245136536545,,0.004863463454967132
2026-08-19,4,2026-08-23,1792.71,CatBoost,0.0595521393667954,-0.2525761339792999,True,0.0,1792.71,,True,daily_logger,2026-08-20T08:37:18.024135,2026-08-19,0.0,1792.7052330536899,,0.0047669463101556175
2026-08-18,5,2026-08-23,17170.0,CatBoost,-1.3971628567879062,-0.2920161390273282,True,0.0,17170.0,,True,daily_logger,2026-08-19T09:32:10.018419,2026-08-18,14948.80502019409,17169.99669070029,15113.712298746455,0.003309299710963387
2026-08-17,6,2026-08-23,12910.4,CatBoost,-0.1764967343666454,-0.3723953466749509,True,0.0,12910.4,,True,daily_logger,2026-08-18T08:32:12.810003,2026-08-17,6896.52388759834,12910.401921076686,,0.0019210766859032447
2026-08-16,7,2026-08-23,53910.97,CatBoost,0.1086994321424081,-0.5807696498618561,True,0.0,53910.97,,True,daily_logger,2026-08-17T09:02:10.230788,2026-08-16,18444.51324644169,53910.972569444115,,0.0025694441137602553
2026-08-23,1,2026-08-24,1396.29,CatBoost,0.6173004177280479,0.421639200661938,False,0.0,1396.29,,True,daily_logger,2026-08-24T08:45:41.469723,2026-08-23,0.0,1396.2867473736394,,0.0032526263605632266
2026-08-22,2,2026-08-24,143.62,CatBoost,0.3073018887356206,0.2559049288804246,False,0.0,143.62,,True,daily_logger,2026-08-23T08:47:10.073724,2026-08-22,0.0,143.61869351572375,,0.0013064842762560147
2026-08-21,3,2026-08-24,11869.58,CatBoost,0.005842262968522,-0.0649227754310725,True,0.0,11869.58,,True,daily_logger,2026-08-22T08:47:11.205910,2026-08-21,5986.550941662083,11869.577788961868,,0.002211038132372778
2026-08-20,4,2026-08-24,22367.63,CatBoost,0.0595521393667954,-0.2525761339792999,True,0.0,22367.63,,True,daily_logger,2026-08-21T08:47:11.259253,2026-08-20,7946.404470220374,22367.63400742488,,0.004007424879091559
2026-08-19,5,2026-08-24,1560.96,CatBoost,-1.3971628567879062,-0.2920161390273282,True,0.0,1560.96,,True,daily_logger,2026-08-20T08:37:18.024135,2026-08-19,0.0,1560.9634013027135,0.0,0.0034013027134278673
2026-08-18,6,2026-08-24,17299.21,CatBoost,-0.1764967343666454,-0.3723953466749509,True,0.0,17299.21,,True,daily_logger,2026-08-19T09:32:10.018419,2026-08-18,14948.80502019409,17299.206579211666,,0.003420788332732627
2026-08-17,7,2026-08-24,19761.37,CatBoost,0.1086994321424081,-0.5807696498618561,True,0.0,19761.37,,True,daily_logger,2026-08-18T08:32:12.810003,2026-08-17,6896.52388759834,19761.36574675481,,0.004253245188010624
2026-08-24,1,2026-08-25,359.25,CatBoost,0.6173004177280479,0.421639200661938,False,0.0,359.25,,True,daily_logger,2026-08-25T08:38:58.720841,2026-08-24,0.0,359.25365469144583,,0.003654691445831304
2026-08-23,2,2026-08-25,459.03,CatBoost,0.3073018887356206,0.2559049288804246,False,0.0,459.03,,True,daily_logger,2026-08-24T08:45:41.469723,2026-08-23,0.0,459.027311041094,,0.002688958905991967
2026-08-22,3,2026-08-25,6804.69,CatBoost,0.005842262968522,-0.0649227754310725,True,0.0,6804.69,,True,daily_logger,2026-08-23T08:47:10.073724,2026-08-22,0.0,6804.687861304425,,0.0021386955750131165
2026-08-21,4,2026-08-25,19145.61,CatBoost,0.0595521393667954,-0.2525761339792999,True,0.0,19145.61,,True,daily_logger,2026-08-22T08:47:11.205910,2026-08-21,5986.550941662083,19145.6121147593,,0.002114759299729485
2026-08-20,5,2026-08-25,23441.3,CatBoost,-1.3971628567879062,-0.2920161390273282,True,0.0,23441.3,,True,daily_logger,2026-08-21T08:47:11.259253,2026-08-20,7946.404470220374,23441.304326106656,8035.937023638146,0.004326106656662887
2026-08-19,6,2026-08-25,2335.89,CatBoost,-0.1764967343666454,-0.3723953466749509,True,0.0,2335.89,,True,daily_logger,2026-08-20T08:37:18.024135,2026-08-19,0.0,2335.889479265237,,0.0005207347630857839
2026-08-18,7,2026-08-25,21330.77,CatBoost,0.1086994321424081,-0.5807696498618561,True,0.0,21330.77,,True,daily_logger,2026-08-19T09:32:10.018419,2026-08-18,14948.80502019409,21330.770088872,,8.88719987415243e-05
2026-08-25,1,2026-08-26,362.79,CatBoost,0.6173004177280479,0.421639200661938,False,0.0,362.79,,True,daily_logger,2026-08-26T15:20:32.320762,2026-08-25,0.0,362.791226967489,,0.0012269674890035276
2026-08-24,2,2026-08-26,538.18,CatBoost,0.3073018887356206,0.2559049288804246,False,0.0,538.18,,True,daily_logger,2026-08-25T08:38:58.720841,2026-08-24,0.0,538.179109231203,,0.000890768796921293
2026-08-23,3,2026-08-26,1487.9,CatBoost,0.005842262968522,-0.0649227754310725,True,0.0,1487.9,,True,daily_logger,2026-08-24T08:45:41.469723,2026-08-23,0.0,1487.8986134114566,,0.0013865885434825032
2026-08-22,4,2026-08-26,10994.35,CatBoost,0.0595521393667954,-0.2525761339792999,True,0.0,10994.35,,True,daily_logger,2026-08-23T08:47:10.073724,2026-08-22,0.0,10994.352096198534,,0.002096198533763527
2026-08-21,5,2026-08-26,28200.95,CatBoost,-1.3971628567879062,-0.2920161390273282,True,0.0,28200.95,,True,daily_logger,2026-08-22T08:47:11.205910,2026-08-21,5986.550941662083,28200.954433656712,6189.174187159968,0.004433656711626099
2026-08-20,6,2026-08-26,13145.76,CatBoost,-0.1764967343666454,-0.3723953466749509,True,0.0,13145.76,,True,daily_logger,2026-08-21T08:47:11.259253,2026-08-20,7946.404470220374,13145.758359320113,,0.0016406798877142137
2026-08-19,7,2026-08-26,5589.21,CatBoost,0.1086994321424081,-0.5807696498618561,True,0.0,5589.21,,True,daily_logger,2026-08-20T08:37:18.024135,2026-08-19,0.0,5589.20601651223,,0.003983487769801286
2026-08-26,1,2026-08-27,124.92,CatBoost,0.6173004177280479,0.421639200661938,False,0.0,124.92,,True,daily_logger,2026-08-27T07:17:13.069056,2026-08-26,0.0,124.91640330457363,,0.0035966954263670914
2026-08-25,2,2026-08-27,368.79,CatBoost,0.3073018887356206,0.2559049288804246,False,0.0,368.79,,True,daily_logger,2026-08-26T15:20:32.320762,2026-08-25,0.0,368.794826908113,,0.004826908112988804
2026-08-24,3,2026-08-27,1705.88,CatBoost,0.005842262968522,-0.0649227754310725,True,0.0,1705.88,,True,daily_logger,2026-08-25T08:38:58.720841,2026-08-24,0.0,1705.8848199776876,,0.00481997768747533
2026-08-23,4,2026-08-27,3489.31,CatBoost,0.0595521393667954,-0.2525761339792999,True,0.0,3489.31,,True,daily_logger,2026-08-24T08:45:41.469723,2026-08-23,0.0,3489.3069652904246,,0.0030347095753313624
2026-08-22,5,2026-08-27,22649.98,CatBoost,-1.3971628567879062,-0.2920161390273282,True,0.0,22649.98,,True,daily_logger,2026-08-23T08:47:10.073724,2026-08-22,0.0,22649.977771730406,49.28707009601908,0.0022282695936155505
2026-08-21,6,2026-08-27,15690.39,CatBoost,-0.1764967343666454,-0.3723953466749509,True,0.0,15690.39,,True,daily_logger,2026-08-22T08:47:11.205910,2026-08-21,5986.550941662083,15690.394358991223,,0.0043589912238530815
2026-08-20,7,2026-08-27,25722.63,CatBoost,0.1086994321424081,-0.5807696498618561,True,0.0,25722.63,,True,daily_logger,2026-08-21T08:47:11.259253,2026-08-20,7946.404470220374,25722.632882060243,,0.0028820602419727948
2026-08-27,1,2026-08-28,311.74,CatBoost,0.6173004177280479,0.421639200661938,False,0.0,311.74,,True,daily_logger,2026-08-28T06:02:15.775009,2026-08-27,0.0,311.7372903368814,,0.002709663118594108
2026-08-26,2,2026-08-28,399.07,CatBoost,0.3073018887356206,0.2559049288804246,False,0.0,399.07,,True,daily_logger,2026-08-27T07:17:13.069056,2026-08-26,0.0,399.0654480541607,,0.004551945839295968
2026-08-25,3,2026-08-28,2212.21,CatBoost,0.005842262968522,-0.0649227754310725,True,0.0,2212.21,,True,daily_logger,2026-08-26T15:20:32.320762,2026-08-25,0.0,2212.211217112127,,0.001217112127051223
2026-08-24,4,2026-08-28,455.94,CatBoost,0.0595521393667954,-0.2525761339792999,True,0.0,455.94,,True,daily_logger,2026-08-25T08:38:58.720841,2026-08-24,0.0,455.94148816010204,,0.0014881601020420021
2026-08-23,5,2026-08-28,16987.22,CatBoost,-1.3971628567879062,-0.2920161390273282,True,0.0,16987.22,,True,daily_logger,2026-08-24T08:45:41.469723,2026-08-23,0.0,16987.216482843956,0.0,0.003517156044836156
2026-08-22,6,2026-08-28,9575.54,CatBoost,-0.1764967343666454,-0.3723953466749509,True,0.0,9575.54,,True,daily_logger,2026-08-23T08:47:10.073724,2026-08-22,0.0,9575.541763403475,,0.0017634034738875926
2026-08-21,7,2026-08-28,22199.65,CatBoost,0.1086994321424081,-0.5807696498618561,True,0.0,22199.65,,True,daily_logger,2026-08-22T08:47:11.205910,2026-08-21,5986.550941662083,22199.653846132438,,0.0038461324365925975
2026-08-28,1,2026-08-29,352.22,CatBoost,0.6173004177280479,0.421639200661938,False,0.0,352.22,,True,daily_logger,2026-08-29T08:47:13.785943,2026-08-28,0.0,352.22395153824664,,0.003951538246610653
2026-08-27,2,2026-08-29,0.0,CatBoost,0.3073018887356206,0.2559049288804246,False,0.0,0.0,,True,daily_logger,2026-08-28T06:02:15.775009,2026-08-27,0.0,0.0,,0.0
2026-08-26,3,2026-08-29,2218.99,CatBoost,0.005842262968522,-0.0649227754310725,True,0.0,2218.99,,True,daily_logger,2026-08-27T07:17:13.069056,2026-08-26,0.0,2218.9934759280795,,0.0034759280797516112
2026-08-25,4,2026-08-29,1058.16,CatBoost,0.0595521393667954,-0.2525761339792999,True,0.0,1058.16,,True,daily_logger,2026-08-26T15:20:32.320762,2026-08-25,0.0,1058.1619858541167,,0.001985854116583141
2026-08-24,5,2026-08-29,18072.12,CatBoost,-1.3971628567879062,-0.2920161390273282,True,0.0,18072.12,,True,daily_logger,2026-08-25T08:38:58.720841,2026-08-24,0.0,18072.12082695958,0.0,0.0008269595819001552
2026-08-23,6,2026-08-29,6852.36,CatBoost,-0.1764967343666454,-0.3723953466749509,True,0.0,6852.36,,True,daily_logger,2026-08-24T08:45:41.469723,2026-08-23,0.0,6852.359021314778,,0.0009786852215256658
2026-08-22,7,2026-08-29,12261.9,CatBoost,0.1086994321424081,-0.5807696498618561,True,0.0,12261.9,,True,daily_logger,2026-08-23T08:47:10.073724,2026-08-22,0.0,12261.904256287326,,0.004256287325915764
2026-08-28,2,2026-08-30,584.59,CatBoost,0.3073018887356206,0.2559049288804246,False,0.0,584.59,,True,daily_logger,2026-08-29T08:47:13.785943,2026-08-28,0.0,584.5864679097785,,0.003532090221483486
2026-08-27,3,2026-08-30,465.06,CatBoost,0.005842262968522,-0.0649227754310725,True,0.0,465.06,,True,daily_logger,2026-08-28T06:02:15.775009,2026-08-27,0.0,465.0571963837923,,0.002803616207700088
2026-08-26,4,2026-08-30,1754.55,CatBoost,0.0595521393667954,-0.2525761339792999,True,0.0,1754.55,,True,daily_logger,2026-08-27T07:17:13.069056,2026-08-26,0.0,1754.550343736068,,0.0003437360680891288
2026-08-25,5,2026-08-30,4088.45,CatBoost,-1.3971628567879062,-0.2920161390273282,True,0.0,4088.45,,True,daily_logger,2026-08-26T15:20:32.320762,2026-08-25,0.0,4088.4512548376474,0.0,0.0012548376475933765
2026-08-24,6,2026-08-30,5887.69,CatBoost,-0.1764967343666454,-0.3723953466749509,True,0.0,5887.69,,True,daily_logger,2026-08-25T08:38:58.720841,2026-08-24,0.0,5887.686398116079,,0.0036018839209646103
2026-08-23,7,2026-08-30,8637.4,CatBoost,0.1086994321424081,-0.5807696498618561,True,0.0,8637.4,,True,daily_logger,2026-08-24T08:45:41.469723,2026-08-23,0.0,8637.399523525148,,0.00047647485189372674
2026-08-30,1,2026-08-31,478.28,CatBoost,0.6173004177280479,0.421639200661938,False,0.0,478.28,,True,daily_logger,2026-08-31T08:32:06.396542,2026-09-01,0.0,354.4541741327075,,123.82582586729245
2026-08-28,3,2026-08-31,1231.05,CatBoost,0.005842262968522,-0.0649227754310725,True,0.0,1231.05,,True,daily_logger,2026-08-29T08:47:13.785943,2026-08-28,0.0,1231.052948353166,,0.0029483531659479922
2026-08-27,4,2026-08-31,2247.34,CatBoost,0.0595521393667954,-0.2525761339792999,True,0.0,2247.34,,True,daily_logger,2026-08-28T06:02:15.775009,2026-08-27,0.0,2247.3387468267824,,0.00125317321771945
2026-08-26,5,2026-08-31,3730.81,CatBoost,-1.3971628567879062,-0.2920161390273282,True,0.0,3730.81,,True,daily_logger,2026-08-27T07:17:13.069056,2026-08-26,0.0,3730.8068856845102,0.0,0.0031143154897108616
2026-08-25,6,2026-08-31,2533.85,CatBoost,-0.1764967343666454,-0.3723953466749509,True,0.0,2533.85,,True,daily_logger,2026-08-26T15:20:32.320762,2026-08-25,0.0,2533.854062790883,,0.0040627908829264925
2026-08-24,7,2026-08-31,5824.83,CatBoost,0.1086994321424081,-0.5807696498618561,True,0.0,5824.83,,True,daily_logger,2026-08-25T08:38:58.720841,2026-08-24,0.0,5824.832543129649,,0.002543129648984177
2026-08-31,1,2026-09-01,272.01,CatBoost,0.6173004177280479,0.421639200661938,False,0.0,272.01,,True,daily_logger,2026-09-01T09:32:24.931981,2026-08-31,0.0,272.0146641329925,,0.004664132992502346
2026-08-30,2,2026-09-01,674.48,CatBoost,0.3073018887356206,0.2559049288804246,False,0.0,674.48,,True,daily_logger,2026-08-31T08:32:06.396542,2026-09-01,0.0,398.6771540966313,,275.80284590336873
2026-08-28,4,2026-09-01,377.6,CatBoost,0.0595521393667954,-0.2525761339792999,True,0.0,377.6,,True,daily_logger,2026-08-29T08:47:13.785943,2026-08-28,0.0,377.5960287461649,,0.003971253835118205
2026-08-27,5,2026-09-01,4862.54,CatBoost,-1.3971628567879062,-0.2920161390273282,True,0.0,4862.54,,True,daily_logger,2026-08-28T06:02:15.775009,2026-08-27,0.0,4862.5440115011415,0.0,0.004011501141576446
2026-08-26,6,2026-09-01,3032.51,CatBoost,-0.1764967343666454,-0.3723953466749509,True,0.0,3032.51,,True,daily_logger,2026-08-27T07:17:13.069056,2026-08-26,0.0,3032.5132448161407,,0.003244816140522744
2026-08-25,7,2026-09-01,3253.91,CatBoost,0.1086994321424081,-0.5807696498618561,True,0.0,3253.91,,True,daily_logger,2026-08-26T15:20:32.320762,2026-08-25,0.0,3253.9140980174343,,0.004098017434444046
2026-09-01,1,2026-09-02,354.45,CatBoost,0.6173004177280479,0.421639200661938,False,0.0,354.45,,True,daily_logger,2026-09-02T09:32:15.501232,2026-09-01,0.0,354.4541741327075,,0.004174132707532863
2026-08-31,2,2026-09-02,305.96,CatBoost,0.3073018887356206,0.2559049288804246,False,0.0,305.96,,True,daily_logger,2026-09-01T09:32:24.931981,2026-08-31,0.0,305.9555608811445,,0.004439118855486868
2026-08-30,3,2026-09-02,1313.99,CatBoost,0.005842262968522,-0.0649227754310725,True,0.0,1313.99,,True,daily_logger,2026-08-31T08:32:06.396542,2026-09-01,0.0,1996.1651062681026,,682.1751062681026
2026-08-28,5,2026-09-02,5148.0,CatBoost,-1.3971628567879062,-0.2920161390273282,True,0.0,5148.0,,True,daily_logger,2026-08-29T08:47:13.785943,2026-08-28,0.0,5147.996595807347,0.0,0.003404192652851634
2026-08-27,6,2026-09-02,3871.97,CatBoost,-0.1764967343666454,-0.3723953466749509,True,0.0,3871.97,,True,daily_logger,2026-08-28T06:02:15.775009,2026-08-27,0.0,3871.9669430812933,,0.0030569187065339065
2026-08-26,7,2026-09-02,4095.06,CatBoost,0.1086994321424081,-0.5807696498618561,True,0.0,4095.06,,True,daily_logger,2026-08-27T07:17:13.069056,2026-08-26,0.0,4095.062698532344,,0.002698532343856641
2026-09-02,1,2026-09-03,43.69,CatBoost,0.6173004177280479,0.421639200661938,False,32019.660744389555,31975.97074438956,99.86355258305584,True,daily_logger,2026-09-03T09:32:13.387326,2026-09-02,0.0,43.68969444779401,,0.0003055522059867144
2026-09-01,2,2026-09-03,398.68,CatBoost,0.3073018887356206,0.2559049288804246,False,32019.660744389555,31620.980744389555,98.75488999342426,True,daily_logger,2026-09-02T09:32:15.501232,2026-09-01,0.0,398.6771540966313,,0.002845903368722702
2026-08-31,3,2026-09-03,877.42,CatBoost,0.005842262968522,-0.0649227754310725,True,32019.660744389555,31142.24074438956,97.25974610722965,True,daily_logger,2026-09-01T09:32:24.931981,2026-08-31,0.0,877.4222267716806,,0.002226771680625461
2026-08-30,4,2026-09-03,1879.13,CatBoost,0.0595521393667954,-0.2525761339792999,True,32019.660744389555,30140.530744389554,94.13132445405668,True,daily_logger,2026-08-31T08:32:06.396542,2026-09-01,0.0,1675.9944676498649,,203.13553235013524
2026-08-28,6,2026-09-03,3386.02,CatBoost,-0.1764967343666454,-0.3723953466749509,True,32019.660744389555,28633.640744389555,89.42518464817498,True,daily_logger,2026-08-29T08:47:13.785943,2026-08-28,0.0,3386.017663031382,,0.0023369686177829863
2026-08-27,7,2026-09-03,6690.76,CatBoost,0.1086994321424081,-0.5807696498618561,True,32019.660744389555,25328.900744389557,79.10421333501371,True,daily_logger,2026-08-28T06:02:15.775009,2026-08-27,0.0,6690.760408064247,,0.00040806424658512697
2026-09-03,1,2026-09-04,31973.11,CatBoost,0.6173004177280479,0.421639200661938,False,0.0,31973.11,,True,daily_logger,2026-09-04T08:47:18.203397,2026-09-03,32019.66074438956,31973.107075721604,,0.0029242783966765273
2026-09-02,2,2026-09-04,23.71,CatBoost,0.3073018887356206,0.2559049288804246,False,0.0,23.71,,True,daily_logger,2026-09-03T09:32:13.387326,2026-09-02,0.0,23.70967566245099,,0.0003243375490100675
2026-09-01,3,2026-09-04,1996.17,CatBoost,0.005842262968522,-0.0649227754310725,True,0.0,1996.17,,True,daily_logger,2026-09-02T09:32:15.501232,2026-09-01,0.0,1996.1651062681026,,0.004893731897482212
2026-08-31,4,2026-09-04,1967.46,CatBoost,0.0595521393667954,-0.2525761339792999,True,0.0,1967.46,,True,daily_logger,2026-09-01T09:32:24.931981,2026-08-31,0.0,1967.4577607984884,,0.0022392015116565744
2026-08-30,5,2026-09-04,3553.93,CatBoost,-1.3971628567879062,-0.2920161390273282,True,0.0,3553.93,,True,daily_logger,2026-08-31T08:32:06.396542,2026-09-01,0.0,3888.1616650444926,0.0,334.23166504449273
2026-08-28,7,2026-09-04,3955.0,CatBoost,0.1086994321424081,-0.5807696498618561,True,0.0,3955.0,,True,daily_logger,2026-08-29T08:47:13.785943,2026-08-28,0.0,3954.999936378025,,6.362197518683388e-05
2026-09-04,1,2026-09-05,839.05,CatBoost,0.6173004177280479,0.421639200661938,False,33965.56265109029,33126.512651090285,97.52970381024126,True,daily_logger,2026-09-05T09:02:11.080509,2026-09-04,0.0,839.0470479169924,,0.0029520830075853155
2026-09-03,2,2026-09-05,31707.65,CatBoost,0.3073018887356206,0.2559049288804246,False,33965.56265109029,2257.912651090286,6.647652724863097,True,daily_logger,2026-09-04T08:47:18.203397,2026-09-03,32019.66074438956,31707.651039497363,,0.0010394973614893388
2026-09-02,3,2026-09-05,1160.09,CatBoost,0.005842262968522,-0.0649227754310725,True,33965.56265109029,32805.47265109029,96.58451116527358,True,daily_logger,2026-09-03T09:32:13.387326,2026-09-02,0.0,1160.0869026787,,0.003097321299946998
2026-09-01,4,2026-09-05,1675.99,CatBoost,0.0595521393667954,-0.2525761339792999,True,33965.56265109029,32289.57265109029,95.06561979491836,True,daily_logger,2026-09-02T09:32:15.501232,2026-09-01,0.0,1675.9944676498649,,0.004467649864864143
2026-08-31,5,2026-09-05,3753.69,CatBoost,-1.3971628567879062,-0.2920161390273282,True,33965.56265109029,30211.87265109029,88.94854167864196,True,daily_logger,2026-09-01T09:32:24.931981,2026-08-31,0.0,3753.6867655529777,0.0,0.0032344470223506505
2026-08-30,6,2026-09-05,856.54,CatBoost,-0.1764967343666454,-0.3723953466749509,True,33965.56265109029,33109.02265109029,97.4782104780693,True,daily_logger,2026-08-31T08:32:06.396542,2026-09-01,0.0,2833.844657856275,,1977.3046578562748
2026-09-05,1,2026-09-06,33756.69,CatBoost,0.6173004177280479,0.421639200661938,False,404.9532692895635,33351.73673071044,8235.947024016281,True,daily_logger,2026-09-06T09:02:10.490321,2026-09-05,33965.56265109029,33756.69332306606,,0.0033230660556000657
2026-09-04,2,2026-09-06,1815.36,CatBoost,0.3073018887356206,0.2559049288804246,False,404.9532692895635,1410.4067307104365,348.2887625984122,True,daily_logger,2026-09-05T09:02:11.080509,2026-09-04,0.0,1815.3611385012396,,0.0011385012396658567
2026-09-03,3,2026-09-06,32558.47,CatBoost,0.005842262968522,-0.0649227754310725,True,404.9532692895635,32153.51673071044,7940.05609267447,True,daily_logger,2026-09-04T08:47:18.203397,2026-09-03,32019.66074438956,32558.47425716303,,0.004257163029251387
2026-09-02,4,2026-09-06,2432.46,CatBoost,0.0595521393667954,-0.2525761339792999,True,404.9532692895635,2027.5067307104368,500.6767161720726,True,daily_logger,2026-09-03T09:32:13.387326,2026-09-02,0.0,2432.4648135094876,,0.004813509487576084
2026-09-01,5,2026-09-06,3888.16,CatBoost,-1.3971628567879062,-0.2920161390273282,True,404.9532692895635,3483.206730710436,860.1502926056772,True,daily_logger,2026-09-02T09:32:15.501232,2026-09-01,0.0,3888.1616650444926,0.0,0.0016650444927108765
2026-08-31,6,2026-09-06,4313.85,CatBoost,-0.1764967343666454,-0.3723953466749509,True,404.9532692895635,3908.8967307104367,965.2710638854884,True,daily_logger,2026-09-01T09:32:24.931981,2026-08-31,0.0,4313.851701922382,,0.0017019223814713769
2026-08-30,7,2026-09-06,2644.43,CatBoost,0.1086994321424081,-0.5807696498618561,True,404.9532692895635,2239.476730710436,553.0210274976417,True,daily_logger,2026-08-31T08:32:06.396542,2026-09-01,0.0,3790.843749780865,,1146.4137497808651
