H,Target,inner_cv_rmse,iterations,learning_rate,depth,l2_leaf_reg,min_data_in_leaf,random_strength
1,y1=Q_in_t+1 (m3/6h),5853.207806186614,960,0.010570085014211835,5,1.0033784627027775,14,4.871605980860741
2,y2=Q_in_t+2 (m3/6h),7715.285333580095,520,0.016037789624049396,5,1.5489648260972357,15,4.521045631640282
3,y3=Q_in_t+3 (m3/6h),9382.35496011031,840,0.0838375512850209,2,24.428866967349954,25,0.23225206359998862
4,y4=Q_in_t+4 (m3/6h),9711.0273585214,640,0.012772260623995602,5,3.339530794537691,12,4.55558421069693
5,y5=Q_in_t+5 (m3/6h),10785.615500267799,620,0.1413696709591048,2,102.83396082606147,26,0.4724341709645958
6,y6=Q_in_t+6 (m3/6h),11774.089196250043,480,0.016921706467615788,4,3.80282627868541,10,0.44986443918372576
7,y7=Q_in_t+7 (m3/6h),12074.957919031247,540,0.06329236452154806,3,32.96375664376652,27,0.043430179983346
8,y8=Q_in_t+8 (m3/6h),11866.150100934821,340,0.1173393765991262,3,61.39426050898149,14,2.600340105889054
9,y9=Q_in_t+9 (m3/6h),12158.470953304266,1100,0.0398047141005987,2,281.0672641127643,14,0.20900199523514698
10,y10=Q_in_t+10 (m3/6h),12299.199592372493,1320,0.013237604167842622,3,4.999303676881902,26,0.22018690366278798
11,y11=Q_in_t+11 (m3/6h),12320.348750297147,700,0.07633578265501384,2,192.3710071192028,29,1.1174841410480936
12,y12=Q_in_t+12 (m3/6h),12264.788463620986,480,0.06583038411419186,2,295.06673097361653,35,1.95348020818831
