recorded_as_of_date,horizon,target_date,predicted_m3_per_day,model_name,test_nse,walkforward_cv_nse_mean,low_confidence,actual_m3_per_day,abs_error_m3,pct_error,actual_data_complete,source,logged_at,pred
2026-07-21,1,2026-07-22,1722.61,CatBoost,,,False,0.0,1722.61,,True,git_backfill,2026-07-31T15:19:31.224368,0.0
2026-07-22,1,2026-07-23,3896.56,CatBoost,,,False,0.0,3896.56,,True,git_backfill,2026-07-31T15:19:31.224368,0.0
2026-07-21,2,2026-07-23,11716.24,CatBoost,,,False,0.0,11716.24,,True,git_backfill,2026-07-31T15:19:31.224368,0.0
2026-07-23,1,2026-07-24,0.0,CatBoost,,,False,0.0,0.0,,True,git_backfill,2026-07-31T15:19:31.224368,0.0
2026-07-22,2,2026-07-24,14131.91,CatBoost,,,False,0.0,14131.91,,True,git_backfill,2026-07-31T15:19:31.224368,0.0
2026-07-21,3,2026-07-24,12980.22,CatBoost,,,True,0.0,12980.22,,True,git_backfill,2026-07-31T15:19:31.224368,622.8619577010159
2026-07-24,1,2026-07-25,0.0,CatBoost,,0.4785,False,0.0,0.0,,True,git_backfill,2026-07-31T15:19:31.224368,0.0
2026-07-23,2,2026-07-25,0.0,CatBoost,,,False,0.0,0.0,,True,git_backfill,2026-07-31T15:19:31.224368,0.0
2026-07-22,3,2026-07-25,14740.26,CatBoost,,,True,0.0,14740.26,,True,git_backfill,2026-07-31T15:19:31.224368,507.70868498911653
2026-07-21,4,2026-07-25,7150.4,CatBoost,,,True,0.0,7150.4,,True,git_backfill,2026-07-31T15:19:31.224368,322.42944022438155
2026-07-25,1,2026-07-26,354.0,CatBoost,0.6173004177280479,0.421639200661938,False,0.0,354.0,,True,git_backfill,2026-07-31T15:19:31.224368,0.0
2026-07-24,2,2026-07-26,0.0,CatBoost,,-0.0312,True,0.0,0.0,,True,git_backfill,2026-07-31T15:19:31.224368,0.0
2026-07-23,3,2026-07-26,9041.43,CatBoost,,,True,0.0,9041.43,,True,git_backfill,2026-07-31T15:19:31.224368,919.4719312392954
2026-07-22,4,2026-07-26,7030.8,CatBoost,,,True,0.0,7030.8,,True,git_backfill,2026-07-31T15:19:31.224368,195.09932532525113
2026-07-21,5,2026-07-26,8847.82,CatBoost,,,True,0.0,8847.82,,True,git_backfill,2026-07-31T15:19:31.224368,1614.7871683092183
2026-07-26,1,2026-07-27,1278.24,CatBoost,0.6173004177280479,0.421639200661938,False,0.0,1278.24,,True,git_backfill,2026-07-31T15:19:31.224368,0.0
2026-07-25,2,2026-07-27,563.95,CatBoost,0.3073018887356206,0.2559049288804246,False,0.0,563.95,,True,git_backfill,2026-07-31T15:19:31.224368,0.0
2026-07-24,3,2026-07-27,0.0,CatBoost,,-1.6972,True,0.0,0.0,,True,git_backfill,2026-07-31T15:19:31.224368,919.4719312392954
2026-07-23,4,2026-07-27,4673.93,CatBoost,,,True,0.0,4673.93,,True,git_backfill,2026-07-31T15:19:31.224368,198.97160546567125
2026-07-22,5,2026-07-27,8958.23,CatBoost,,,True,0.0,8958.23,,True,git_backfill,2026-07-31T15:19:31.224368,1036.5996430517662
2026-07-21,6,2026-07-27,6475.62,CatBoost,,,True,0.0,6475.62,,True,git_backfill,2026-07-31T15:19:31.224368,3841.372523495579
2026-07-27,1,2026-07-28,290.54,CatBoost,0.6173004177280479,0.421639200661938,False,0.0,290.54,,True,git_backfill,2026-07-31T15:19:31.224368,1265.8445920074964
2026-07-26,2,2026-07-28,525.2,CatBoost,0.3073018887356206,0.2559049288804246,False,0.0,525.2,,True,git_backfill,2026-07-31T15:19:31.224368,0.0
2026-07-25,3,2026-07-28,2087.32,CatBoost,0.005842262968522,-0.0649227754310725,True,0.0,2087.32,,True,git_backfill,2026-07-31T15:19:31.224368,940.5801337401069
2026-07-24,4,2026-07-28,0.0,CatBoost,,-1.8345,True,0.0,0.0,,True,git_backfill,2026-07-31T15:19:31.224368,372.55232203460514
2026-07-23,5,2026-07-28,8358.09,CatBoost,,,True,0.0,8358.09,,True,git_backfill,2026-07-31T15:19:31.224368,952.5530577021916
2026-07-22,6,2026-07-28,7566.2,CatBoost,,,True,0.0,7566.2,,True,git_backfill,2026-07-31T15:19:31.224368,3054.7109977774353
2026-07-21,7,2026-07-28,8028.5,CatBoost,,,False,0.0,8028.5,,True,git_backfill,2026-07-31T15:19:31.224368,9041.157022195095
2026-07-28,1,2026-07-29,293.92,CatBoost,0.6173004177280479,0.421639200661938,False,0.0,293.92,,True,git_backfill,2026-07-31T15:19:31.224368,506.57901966128134
2026-07-27,2,2026-07-29,1719.74,CatBoost,0.3073018887356206,0.2559049288804246,False,0.0,1719.74,,True,git_backfill,2026-07-31T15:19:31.224368,1249.2800307460902
2026-07-26,3,2026-07-29,15005.29,CatBoost,0.005842262968522,-0.0649227754310725,True,0.0,15005.29,,True,git_backfill,2026-07-31T15:19:31.224368,919.4719312392954
2026-07-25,4,2026-07-29,1761.95,CatBoost,0.0595521393667954,-0.2525761339792999,True,0.0,1761.95,,True,git_backfill,2026-07-31T15:19:31.224368,506.9771658271072
2026-07-24,5,2026-07-29,5343.1,CatBoost,,-3.528,True,0.0,5343.1,,True,git_backfill,2026-07-31T15:19:31.224368,911.0774450090755
2026-07-23,6,2026-07-29,7019.0,CatBoost,,,True,0.0,7019.0,,True,git_backfill,2026-07-31T15:19:31.224368,2688.995424536459
2026-07-22,7,2026-07-29,7703.86,CatBoost,,,False,0.0,7703.86,,True,git_backfill,2026-07-31T15:19:31.224368,12080.169869590934
2026-07-29,1,2026-07-30,633.77,CatBoost,0.6173004177280479,0.421639200661938,False,0.0,633.77,,True,git_backfill,2026-07-31T15:19:31.224368,538.4112810080767
2026-07-28,2,2026-07-30,1774.52,CatBoost,0.3073018887356206,0.2559049288804246,False,0.0,1774.52,,True,git_backfill,2026-07-31T15:19:31.224368,413.3476688797557
2026-07-27,3,2026-07-30,18972.92,CatBoost,0.005842262968522,-0.0649227754310725,True,0.0,18972.92,,True,git_backfill,2026-07-31T15:19:31.224368,123.25368963970641
2026-07-26,4,2026-07-30,588.5,CatBoost,0.0595521393667954,-0.2525761339792999,True,0.0,588.5,,True,git_backfill,2026-07-31T15:19:31.224368,419.07435593091554
2026-07-25,5,2026-07-30,3975.51,CatBoost,-1.3971628567879062,-0.2920161390273282,True,0.0,3975.51,,True,git_backfill,2026-07-31T15:19:31.224368,1135.7315695792156
2026-07-24,6,2026-07-30,15755.3,CatBoost,,-15.3064,True,0.0,15755.3,,True,git_backfill,2026-07-31T15:19:31.224368,2500.906334454902
2026-07-23,7,2026-07-30,10641.5,CatBoost,,,False,0.0,10641.5,,True,git_backfill,2026-07-31T15:19:31.224368,12171.971448347382
2026-07-30,1,2026-07-31,3938.05,CatBoost,0.6173004177280479,0.421639200661938,False,0.0,3938.05,,True,git_backfill,2026-07-31T15:19:31.224368,220.1201269805464
2026-07-29,2,2026-07-31,531.47,CatBoost,0.3073018887356206,0.2559049288804246,False,0.0,531.47,,True,git_backfill,2026-07-31T15:19:31.224368,413.3476688797557
2026-07-28,3,2026-07-31,13012.35,CatBoost,0.005842262968522,-0.0649227754310725,True,0.0,13012.35,,True,git_backfill,2026-07-31T15:19:31.224368,55.99855472086142
2026-07-27,4,2026-07-31,15267.67,CatBoost,0.0595521393667954,-0.2525761339792999,True,0.0,15267.67,,True,git_backfill,2026-07-31T15:19:31.224368,12362.817812114254
2026-07-26,5,2026-07-31,85944.02,CatBoost,-1.3971628567879062,-0.2920161390273282,True,0.0,85944.02,,True,git_backfill,2026-07-31T15:19:31.224368,947.985594358604
2026-07-25,6,2026-07-31,2154.28,CatBoost,-0.1764967343666454,-0.3723953466749509,True,0.0,2154.28,,True,git_backfill,2026-07-31T15:19:31.224368,3399.581631102552
2026-07-24,7,2026-07-31,10257.3,CatBoost,,-13.2143,True,0.0,10257.3,,True,git_backfill,2026-07-31T15:19:31.224368,7624.86848869596
2026-07-31,1,2026-08-01,227.68,CatBoost,0.6173004177280479,0.421639200661938,False,24528.47605081392,24300.79605081392,99.07177274475458,True,daily_logger,2026-08-01T09:17:09.046072,21709.807591564488
2026-07-30,2,2026-08-01,0.0,CatBoost,0.3073018887356206,0.2559049288804246,False,24528.47605081392,24528.47605081392,100.0,True,git_backfill,2026-07-31T15:19:31.224368,0.0
2026-07-29,3,2026-08-01,9073.27,CatBoost,0.005842262968522,-0.0649227754310725,True,24528.47605081392,15455.206050813922,63.00923880797345,True,git_backfill,2026-07-31T15:19:31.224368,55.99855472086142
2026-07-28,4,2026-08-01,15492.17,CatBoost,0.0595521393667954,-0.2525761339792999,True,24528.47605081392,9036.306050813922,36.84006308461252,True,git_backfill,2026-07-31T15:19:31.224368,12460.008994264967
2026-07-27,5,2026-08-01,89620.96,CatBoost,-1.3971628567879062,-0.2920161390273282,True,24528.47605081392,65092.48394918608,265.3751656415122,True,git_backfill,2026-07-31T15:19:31.224368,3736.911822168558
2026-07-26,6,2026-08-01,0.0,CatBoost,-0.1764967343666454,-0.3723953466749509,True,24528.47605081392,24528.47605081392,100.0,True,git_backfill,2026-07-31T15:19:31.224368,2840.049643013096
2026-07-25,7,2026-08-01,3625.39,CatBoost,0.1086994321424081,-0.5807696498618561,True,24528.47605081392,20903.086050813923,85.21966879438602,True,git_backfill,2026-07-31T15:19:31.224368,8111.925125362102
2026-08-01,1,2026-08-02,24377.26,CatBoost,0.6173004177280479,0.421639200661938,False,0.0,24377.26,,True,daily_logger,2026-08-03T09:00:44.487760,1225.0928950117643
2026-07-31,2,2026-08-02,0.0,CatBoost,0.3073018887356206,0.2559049288804246,False,0.0,0.0,,True,daily_logger,2026-08-01T09:17:09.046072,13856.809893215861
2026-07-30,3,2026-08-02,0.0,CatBoost,0.005842262968522,-0.0649227754310725,True,0.0,0.0,,True,git_backfill,2026-07-31T15:19:31.224368,615.8496908538343
2026-07-29,4,2026-08-02,15021.51,CatBoost,0.0595521393667954,-0.2525761339792999,True,0.0,15021.51,,True,git_backfill,2026-07-31T15:19:31.224368,12460.008994264967
2026-07-28,5,2026-08-02,90161.77,CatBoost,-1.3971628567879062,-0.2920161390273282,True,0.0,90161.77,,True,git_backfill,2026-07-31T15:19:31.224368,3649.98536836635
2026-07-27,6,2026-08-02,13013.63,CatBoost,-0.1764967343666454,-0.3723953466749509,True,0.0,13013.63,,True,git_backfill,2026-07-31T15:19:31.224368,0.0
2026-07-26,7,2026-08-02,24872.41,CatBoost,0.1086994321424081,-0.5807696498618561,True,0.0,24872.41,,True,git_backfill,2026-07-31T15:19:31.224368,7650.38943916101
2026-08-02,1,2026-08-03,2867.64,CatBoost,0.6173004177280479,0.421639200661938,False,0.0,2867.64,,True,daily_logger,2026-08-03T09:47:08.622044,21709.807591564488
2026-08-01,2,2026-08-03,1558.4,CatBoost,0.3073018887356206,0.2559049288804246,False,0.0,1558.4,,True,daily_logger,2026-08-03T09:00:44.487760,258.7238643457549
2026-07-31,3,2026-08-03,0.0,CatBoost,0.005842262968522,-0.0649227754310725,True,0.0,0.0,,True,daily_logger,2026-08-01T09:17:09.046072,25595.970569657635
2026-07-30,4,2026-08-03,0.0,CatBoost,0.0595521393667954,-0.2525761339792999,True,0.0,0.0,,True,git_backfill,2026-07-31T15:19:31.224368,2379.912521971376
2026-07-29,5,2026-08-03,75286.33,CatBoost,-1.3971628567879062,-0.2920161390273282,True,0.0,75286.33,,True,git_backfill,2026-07-31T15:19:31.224368,3691.460981059466
2026-07-28,6,2026-08-03,13296.82,CatBoost,-0.1764967343666454,-0.3723953466749509,True,0.0,13296.82,,True,git_backfill,2026-07-31T15:19:31.224368,9234.278296349994
2026-07-27,7,2026-08-03,32387.4,CatBoost,0.1086994321424081,-0.5807696498618561,True,0.0,32387.4,,True,git_backfill,2026-07-31T15:19:31.224368,15715.290355217234
2026-08-03,1,2026-08-04,1313.86,CatBoost,0.6173004177280479,0.421639200661938,False,0.0,1313.86,,True,daily_logger,2026-08-04T08:43:46.575359,1059.9757675485553
2026-08-02,2,2026-08-04,2300.17,CatBoost,0.3073018887356206,0.2559049288804246,False,0.0,2300.17,,True,daily_logger,2026-08-03T09:47:08.622044,13856.809893215861
2026-08-01,3,2026-08-04,15067.44,CatBoost,0.005842262968522,-0.0649227754310725,True,0.0,15067.44,,True,daily_logger,2026-08-03T09:00:44.487760,610.7651712107636
2026-07-31,4,2026-08-04,19983.72,CatBoost,0.0595521393667954,-0.2525761339792999,True,0.0,19983.72,,True,daily_logger,2026-08-01T09:17:09.046072,26204.900930253167
2026-07-30,5,2026-08-04,91647.04,CatBoost,-1.3971628567879062,-0.2920161390273282,True,0.0,91647.04,,True,git_backfill,2026-07-31T15:19:31.224368,6005.8814477335145
2026-07-29,6,2026-08-04,12221.78,CatBoost,-0.1764967343666454,-0.3723953466749509,True,0.0,12221.78,,True,git_backfill,2026-07-31T15:19:31.224368,9395.44719926141
2026-07-28,7,2026-08-04,35854.0,CatBoost,0.1086994321424081,-0.5807696498618561,True,0.0,35854.0,,True,git_backfill,2026-07-31T15:19:31.224368,14742.433973805442
2026-08-04,1,2026-08-05,1538.61,CatBoost,0.6173004177280479,0.421639200661938,False,0.0,1538.61,,True,daily_logger,2026-08-05T09:47:08.523046,579.1392902250991
2026-08-03,2,2026-08-05,1233.86,CatBoost,0.3073018887356206,0.2559049288804246,False,0.0,1233.86,,True,daily_logger,2026-08-04T08:43:46.575359,284.96360769384387
2026-08-02,3,2026-08-05,7096.2,CatBoost,0.005842262968522,-0.0649227754310725,True,0.0,7096.2,,True,daily_logger,2026-08-03T09:47:08.622044,25595.970569657635
2026-08-01,4,2026-08-05,18892.87,CatBoost,0.0595521393667954,-0.2525761339792999,True,0.0,18892.87,,True,daily_logger,2026-08-03T09:00:44.487760,12790.570027783051
2026-07-31,5,2026-08-05,92074.91,CatBoost,-1.3971628567879062,-0.2920161390273282,True,0.0,92074.91,,True,daily_logger,2026-08-01T09:17:09.046072,27331.285414612757
2026-07-30,6,2026-08-05,0.0,CatBoost,-0.1764967343666454,-0.3723953466749509,True,0.0,0.0,,True,git_backfill,2026-07-31T15:19:31.224368,9678.049402329349
2026-07-29,7,2026-08-05,23201.53,CatBoost,0.1086994321424081,-0.5807696498618561,True,0.0,23201.53,,True,git_backfill,2026-07-31T15:19:31.224368,14742.433973805442
2026-08-05,1,2026-08-06,1348.46,CatBoost,0.6173004177280479,0.421639200661938,False,0.0,1348.46,,True,daily_logger,2026-08-06T09:02:09.620535,256.72167668316695
2026-08-04,2,2026-08-06,331.86,CatBoost,0.3073018887356206,0.2559049288804246,False,0.0,331.86,,True,daily_logger,2026-08-05T09:47:08.523046,2103.761589051109
2026-08-03,3,2026-08-06,2320.05,CatBoost,0.005842262968522,-0.0649227754310725,True,0.0,2320.05,,True,daily_logger,2026-08-04T08:43:46.575359,696.9016044259458
2026-08-02,4,2026-08-06,35332.16,CatBoost,0.0595521393667954,-0.2525761339792999,True,0.0,35332.16,,True,daily_logger,2026-08-03T09:47:08.622044,26204.900930253167
2026-08-01,5,2026-08-06,118162.18,CatBoost,-1.3971628567879062,-0.2920161390273282,True,0.0,118162.18,,True,daily_logger,2026-08-03T09:00:44.487760,3691.460981059466
2026-07-31,6,2026-08-06,6761.64,CatBoost,-0.1764967343666454,-0.3723953466749509,True,0.0,6761.64,,True,daily_logger,2026-08-01T09:17:09.046072,32128.550563995683
2026-07-30,7,2026-08-06,29276.76,CatBoost,0.1086994321424081,-0.5807696498618561,True,0.0,29276.76,,True,git_backfill,2026-07-31T15:19:31.224368,11007.546796829578
2026-08-06,1,2026-08-07,279.77,CatBoost,0.6173004177280479,0.421639200661938,False,0.0,279.77,,True,daily_logger,2026-08-07T08:47:09.999489,504.1777184704299
2026-08-05,2,2026-08-07,0.0,CatBoost,0.3073018887356206,0.2559049288804246,False,0.0,0.0,,True,daily_logger,2026-08-06T09:02:09.620535,1056.2694898031211
2026-08-04,3,2026-08-07,24120.49,CatBoost,0.005842262968522,-0.0649227754310725,True,0.0,24120.49,,True,daily_logger,2026-08-05T09:47:08.523046,20.749012218585847
2026-08-03,4,2026-08-07,39384.11,CatBoost,0.0595521393667954,-0.2525761339792999,True,0.0,39384.11,,True,daily_logger,2026-08-04T08:43:46.575359,15527.994156507932
2026-08-02,5,2026-08-07,90293.89,CatBoost,-1.3971628567879062,-0.2920161390273282,True,0.0,90293.89,,True,daily_logger,2026-08-03T09:47:08.622044,27331.285414612757
2026-08-01,6,2026-08-07,21000.22,CatBoost,-0.1764967343666454,-0.3723953466749509,True,0.0,21000.22,,True,daily_logger,2026-08-03T09:00:44.487760,9012.776849082033
2026-07-31,7,2026-08-07,41557.27,CatBoost,0.1086994321424081,-0.5807696498618561,True,0.0,41557.27,,True,daily_logger,2026-08-01T09:17:09.046072,49458.89551461745
2026-08-07,1,2026-08-08,302.76,CatBoost,0.6173004177280479,0.421639200661938,False,8861.352276959295,8558.592276959294,96.58336571510404,True,daily_logger,2026-08-08T10:02:12.929152,0.0
2026-08-06,2,2026-08-08,1090.11,CatBoost,0.3073018887356206,0.2559049288804246,False,8861.352276959295,7771.242276959295,87.69815299145219,True,daily_logger,2026-08-07T08:47:09.999489,1341.6896752564926
2026-08-05,3,2026-08-08,21278.13,CatBoost,0.005842262968522,-0.0649227754310725,True,8861.352276959295,12416.777723040706,140.12283153809375,True,daily_logger,2026-08-06T09:02:09.620535,615.8496908538343
2026-08-04,4,2026-08-08,17471.76,CatBoost,0.0595521393667954,-0.2525761339792999,True,8861.352276959295,8610.407723040704,97.16810091648112,True,daily_logger,2026-08-05T09:47:08.523046,15081.965909140035
2026-08-03,5,2026-08-08,90635.5,CatBoost,-1.3971628567879062,-0.2920161390273282,True,8861.352276959295,81774.1477230407,922.817930798942,True,daily_logger,2026-08-04T08:43:46.575359,6196.456328815137
2026-08-02,6,2026-08-08,12508.12,CatBoost,-0.1764967343666454,-0.3723953466749509,True,8861.352276959295,3646.767723040706,41.15362541812937,True,daily_logger,2026-08-03T09:47:08.622044,32128.550563995683
2026-08-01,7,2026-08-08,65842.8,CatBoost,0.1086994321424081,-0.5807696498618561,True,8861.352276959295,56981.44772304071,643.0333197699422,True,daily_logger,2026-08-03T09:00:44.487760,19935.740797581908
2026-08-08,1,2026-08-09,10431.49,CatBoost,0.6173004177280479,0.421639200661938,False,26750.82964233709,16319.339642337092,61.00498511832828,True,daily_logger,2026-08-09T08:47:07.762161,82.05451039876357
2026-08-07,2,2026-08-09,1198.61,CatBoost,0.3073018887356206,0.2559049288804246,False,26750.82964233709,25552.21964233709,95.5193539190163,True,daily_logger,2026-08-08T10:02:12.929152,0.0
2026-08-06,3,2026-08-09,2964.35,CatBoost,0.005842262968522,-0.0649227754310725,True,26750.82964233709,23786.479642337094,88.91866144103253,True,daily_logger,2026-08-07T08:47:09.999489,750.1696750920887
2026-08-05,4,2026-08-09,20886.89,CatBoost,0.0595521393667954,-0.2525761339792999,True,26750.82964233709,5863.939642337093,21.920589831189957,True,daily_logger,2026-08-06T09:02:09.620535,3964.1606440939304
2026-08-04,5,2026-08-09,84642.17,CatBoost,-1.3971628567879062,-0.2920161390273282,True,26750.82964233709,57891.340357662906,216.4095137671596,True,daily_logger,2026-08-05T09:47:08.523046,6843.641145378917
2026-08-03,6,2026-08-09,13091.52,CatBoost,-0.1764967343666454,-0.3723953466749509,True,26750.82964233709,13659.309642337092,51.06125613659189,True,daily_logger,2026-08-04T08:43:46.575359,13097.003694385441
2026-08-02,7,2026-08-09,40157.16,CatBoost,0.1086994321424081,-0.5807696498618561,True,26750.82964233709,13406.330357662911,50.11556851472538,True,daily_logger,2026-08-03T09:47:08.622044,49458.89551461745
2026-08-09,1,2026-08-10,26720.37,CatBoost,0.6173004177280479,0.421639200661938,False,17294.426859378633,9425.943140621366,54.50277836475252,True,daily_logger,2026-08-10T09:02:09.867230,7494.671803082912
2026-08-08,2,2026-08-10,11879.48,CatBoost,0.3073018887356206,0.2559049288804246,False,17294.426859378633,5414.946859378633,31.31035739667863,True,daily_logger,2026-08-09T08:47:07.762161,0.0
2026-08-07,3,2026-08-10,1159.03,CatBoost,0.005842262968522,-0.0649227754310725,True,17294.426859378633,16135.396859378632,93.29824567518716,True,daily_logger,2026-08-08T10:02:12.929152,446.8855888368614
2026-08-06,4,2026-08-10,5927.0,CatBoost,0.0595521393667954,-0.2525761339792999,True,17294.426859378633,11367.426859378633,65.72884404789723,True,daily_logger,2026-08-07T08:47:09.999489,4254.068036747628
2026-08-05,5,2026-08-10,86273.14,CatBoost,-1.3971628567879062,-0.2920161390273282,True,17294.426859378633,68978.71314062137,398.8493732778127,True,daily_logger,2026-08-06T09:02:09.620535,4759.832281434282
2026-08-04,6,2026-08-10,8656.41,CatBoost,-0.1764967343666454,-0.3723953466749509,True,17294.426859378633,8638.016859378633,49.94682350340106,True,daily_logger,2026-08-05T09:47:08.523046,11669.626114238052
2026-08-03,7,2026-08-10,41403.82,CatBoost,0.1086994321424081,-0.5807696498618561,True,17294.426859378633,24109.393140621367,139.40556305597968,True,daily_logger,2026-08-04T08:43:46.575359,18972.211191385544
2026-08-10,1,2026-08-11,14762.93,CatBoost,0.6173004177280479,0.421639200661938,False,24190.034136908645,9427.104136908643,38.971024528340656,True,daily_logger,2026-08-11T09:47:12.128621,25019.7821404916
2026-08-09,2,2026-08-11,20591.3,CatBoost,0.3073018887356206,0.2559049288804246,False,24190.034136908645,3598.734136908646,14.87692872420454,True,daily_logger,2026-08-10T09:02:09.867230,7620.165945931827
2026-08-08,3,2026-08-11,27434.94,CatBoost,0.005842262968522,-0.0649227754310725,True,24190.034136908645,3244.905863091353,13.414226059897716,True,daily_logger,2026-08-09T08:47:07.762161,467.993791337673
2026-08-07,4,2026-08-11,9823.34,CatBoost,0.0595521393667954,-0.2525761339792999,True,24190.034136908645,14366.694136908643,59.390962640223165,True,daily_logger,2026-08-08T10:02:12.929152,868.868641860636
2026-08-06,5,2026-08-11,26107.36,CatBoost,-1.3971628567879062,-0.2920161390273282,True,24190.034136908645,1917.3258630913551,7.926098211519014,True,daily_logger,2026-08-07T08:47:09.999489,5122.5606109611645
2026-08-05,6,2026-08-11,10423.38,CatBoost,-0.1764967343666454,-0.3723953466749509,True,24190.034136908645,13766.654136908646,56.91043699646448,True,daily_logger,2026-08-06T09:02:09.620535,10249.322477604119
2026-08-04,7,2026-08-11,36016.76,CatBoost,0.1086994321424081,-0.5807696498618561,True,24190.034136908645,11826.725863091357,48.89090191504272,True,daily_logger,2026-08-05T09:47:08.523046,21019.303743628956
2026-08-11,1,2026-08-12,26272.44,CatBoost,0.6173004177280479,0.421639200661938,False,22704.57798842049,3567.862011579513,15.7142846407414,True,daily_logger,2026-08-12T09:32:11.941591,16023.85365779141
2026-08-10,2,2026-08-12,10289.5,CatBoost,0.3073018887356206,0.2559049288804246,False,22704.57798842049,12415.077988420486,54.6809458196152,True,daily_logger,2026-08-11T09:47:12.128621,25207.725845917998
2026-08-09,3,2026-08-12,41268.36,CatBoost,0.005842262968522,-0.0649227754310725,True,22704.57798842049,18563.782011579515,81.76228609510906,True,daily_logger,2026-08-10T09:02:09.867230,10437.728790252368
2026-08-08,4,2026-08-12,39745.92,CatBoost,0.0595521393667954,-0.2525761339792999,True,22704.57798842049,17041.342011579512,75.05685426203796,True,daily_logger,2026-08-09T08:47:07.762161,1077.008095107275
2026-08-07,5,2026-08-12,32839.86,CatBoost,-1.3971628567879062,-0.2920161390273282,True,22704.57798842049,10135.282011579517,44.639816766242426,True,daily_logger,2026-08-08T10:02:12.929152,2243.741942926151
2026-08-06,6,2026-08-12,6231.46,CatBoost,-0.1764967343666454,-0.3723953466749509,True,22704.57798842049,16473.117988420487,72.55416945790363,True,daily_logger,2026-08-07T08:47:09.999489,12109.449666450693
2026-08-05,7,2026-08-12,40829.12,CatBoost,0.1086994321424081,-0.5807696498618561,True,22704.57798842049,18124.54201157952,79.82769827663468,True,daily_logger,2026-08-06T09:02:09.620535,14472.179164751831
2026-08-12,1,2026-08-13,23408.58,CatBoost,0.6173004177280479,0.421639200661938,False,36265.68943320766,12857.10943320766,35.45254380697006,True,daily_logger,2026-08-13T08:33:07.405701,21680.825676140175
2026-08-11,2,2026-08-13,10109.43,CatBoost,0.3073018887356206,0.2559049288804246,False,36265.68943320766,26156.259433207662,72.12398231496731,True,daily_logger,2026-08-12T09:32:11.941591,15983.475992211823
2026-08-10,3,2026-08-13,12622.23,CatBoost,0.005842262968522,-0.0649227754310725,True,36265.68943320766,23643.459433207663,65.19511914078736,True,daily_logger,2026-08-11T09:47:12.128621,26132.704341629997
2026-08-09,4,2026-08-13,36356.56,CatBoost,0.0595521393667954,-0.2525761339792999,True,36265.68943320766,90.870566792335,0.2505689763866088,True,daily_logger,2026-08-10T09:02:09.867230,13990.28598484389
2026-08-08,5,2026-08-13,68985.28,CatBoost,-1.3971628567879062,-0.2920161390273282,True,36265.68943320766,32719.590566792336,90.22189038224036,True,daily_logger,2026-08-09T08:47:07.762161,2344.849089748588
2026-08-07,6,2026-08-13,9362.29,CatBoost,-0.1764967343666454,-0.3723953466749509,True,36265.68943320766,26903.39943320766,74.18416650469861,True,daily_logger,2026-08-08T10:02:12.929152,5906.567437284212
2026-08-06,7,2026-08-13,12150.48,CatBoost,0.1086994321424081,-0.5807696498618561,True,36265.68943320766,24115.209433207663,66.49593544229141,True,daily_logger,2026-08-07T08:47:09.999489,16833.90032472577
2026-08-13,1,2026-08-14,37413.49,CatBoost,0.6173004177280479,0.421639200661938,False,21276.11973360937,16137.37026639063,75.84733714813053,True,daily_logger,2026-08-14T08:32:10.477233,21111.679634602995
2026-08-12,2,2026-08-14,20518.63,CatBoost,0.3073018887356206,0.2559049288804246,False,21276.11973360937,757.4897336093672,3.560281400432144,True,daily_logger,2026-08-13T08:33:07.405701,14621.608167384258
2026-08-11,3,2026-08-14,17048.83,CatBoost,0.005842262968522,-0.0649227754310725,True,21276.11973360937,4227.289733609367,19.868706260999367,True,daily_logger,2026-08-12T09:32:11.941591,17225.56214652742
2026-08-10,4,2026-08-14,11470.46,CatBoost,0.0595521393667954,-0.2525761339792999,True,21276.11973360937,9805.65973360937,46.0876318444458,True,daily_logger,2026-08-11T09:47:12.128621,30083.010835082754
2026-08-09,5,2026-08-14,118773.97,CatBoost,-1.3971628567879062,-0.2920161390273282,True,21276.11973360937,97497.85026639064,458.2501484628122,True,daily_logger,2026-08-10T09:02:09.867230,15278.59831116317
2026-08-08,6,2026-08-14,19820.56,CatBoost,-0.1764967343666454,-0.3723953466749509,True,21276.11973360937,1455.559733609367,6.841283804725232,True,daily_logger,2026-08-09T08:47:07.762161,6430.289422900413
2026-08-07,7,2026-08-14,13156.86,CatBoost,0.1086994321424081,-0.5807696498618561,True,21276.11973360937,8119.259733609368,38.1613745140923,True,daily_logger,2026-08-08T10:02:12.929152,10333.76973173837
2026-08-14,1,2026-08-15,21542.7,CatBoost,0.6173004177280479,0.421639200661938,False,12650.58701492093,8892.112985079071,70.29012151444934,True,daily_logger,2026-08-15T09:02:06.564326,34866.597325739014
2026-08-13,2,2026-08-15,36074.75,CatBoost,0.3073018887356206,0.2559049288804246,False,12650.58701492093,23424.16298507907,185.1626565427445,True,daily_logger,2026-08-14T08:32:10.477233,9819.370678016981
2026-08-12,3,2026-08-15,32015.0,CatBoost,0.005842262968522,-0.0649227754310725,True,12650.58701492093,19364.41298507907,153.07126034736106,True,daily_logger,2026-08-13T08:33:07.405701,24335.256444123803
2026-08-11,4,2026-08-15,23487.23,CatBoost,0.0595521393667954,-0.2525761339792999,True,12650.58701492093,10836.64298507907,85.66118688640792,True,daily_logger,2026-08-12T09:32:11.941591,21425.913446472223
2026-08-10,5,2026-08-15,108695.16,CatBoost,-1.3971628567879062,-0.2920161390273282,True,12650.58701492093,96044.57298507908,759.210405586696,True,daily_logger,2026-08-11T09:47:12.128621,30048.56222415241
2026-08-09,6,2026-08-15,28864.62,CatBoost,-0.1764967343666454,-0.3723953466749509,True,12650.58701492093,16214.03298507907,128.16822623294223,True,daily_logger,2026-08-10T09:02:09.867230,20251.31426296147
2026-08-08,7,2026-08-15,29042.39,CatBoost,0.1086994321424081,-0.5807696498618561,True,12650.58701492093,16391.80298507907,129.5734574667998,True,daily_logger,2026-08-09T08:47:07.762161,9486.162573349311
2026-08-15,1,2026-08-16,12954.96,CatBoost,0.6173004177280479,0.421639200661938,False,18444.51324644169,5489.553246441687,29.762527062082977,True,daily_logger,2026-08-16T09:47:07.510638,19559.88401841075
2026-08-14,2,2026-08-16,26968.14,CatBoost,0.3073018887356206,0.2559049288804246,False,18444.51324644169,8523.626753558314,46.21226182373065,True,daily_logger,2026-08-15T09:02:06.564326,23571.043353906793
2026-08-13,3,2026-08-16,31779.8,CatBoost,0.005842262968522,-0.0649227754310725,True,18444.51324644169,13335.286753558314,72.29947776545936,True,daily_logger,2026-08-14T08:32:10.477233,23124.535235693293
2026-08-12,4,2026-08-16,44730.17,CatBoost,0.0595521393667954,-0.2525761339792999,True,18444.51324644169,26285.656753558316,142.51206525403612,True,daily_logger,2026-08-13T08:33:07.405701,30482.0112656386
2026-08-11,5,2026-08-16,124039.24,CatBoost,-1.3971628567879062,-0.2920161390273282,True,18444.51324644169,105594.72675355832,572.4993950378694,True,daily_logger,2026-08-12T09:32:11.941591,21020.58977686297
2026-08-10,6,2026-08-16,14948.91,CatBoost,-0.1764967343666454,-0.3723953466749509,True,18444.51324644169,3495.6032464416858,18.951995098683653,True,daily_logger,2026-08-11T09:47:12.128621,38010.425439919185
2026-08-09,7,2026-08-16,60491.4,CatBoost,0.1086994321424081,-0.5807696498618561,True,18444.51324644169,42046.88675355831,227.96419830526025,True,daily_logger,2026-08-10T09:02:09.867230,27341.76118387787
2026-08-16,1,2026-08-17,18224.47,CatBoost,0.6173004177280479,0.421639200661938,False,6896.5238875983405,11327.94611240166,164.25588161555004,True,daily_logger,2026-08-17T09:02:10.230788,11588.595854236286
2026-08-15,2,2026-08-17,14620.44,CatBoost,0.3073018887356206,0.2559049288804246,False,6896.5238875983405,7723.91611240166,111.9972356840694,True,daily_logger,2026-08-16T09:47:07.510638,20099.262624708335
2026-08-14,3,2026-08-17,49120.97,CatBoost,0.005842262968522,-0.0649227754310725,True,6896.5238875983405,42224.44611240166,612.2569398814333,True,daily_logger,2026-08-15T09:02:06.564326,36888.94680590701
2026-08-13,4,2026-08-17,62265.1,CatBoost,0.0595521393667954,-0.2525761339792999,True,6896.5238875983405,55368.57611240166,802.8475941621558,True,daily_logger,2026-08-14T08:32:10.477233,25412.788286415784
2026-08-12,5,2026-08-17,120079.76,CatBoost,-1.3971628567879062,-0.2920161390273282,True,6896.5238875983405,113183.23611240166,1641.1635478553649,True,daily_logger,2026-08-13T08:33:07.405701,27931.82197675872
2026-08-11,6,2026-08-17,18246.87,CatBoost,-0.1764967343666454,-0.3723953466749509,True,6896.5238875983405,11350.346112401658,164.58068292654497,True,daily_logger,2026-08-12T09:32:11.941591,29447.55112095349
2026-08-10,7,2026-08-17,46867.3,CatBoost,0.1086994321424081,-0.5807696498618561,True,6896.5238875983405,39970.77611240166,579.5785929818792,True,daily_logger,2026-08-11T09:47:12.128621,49752.45849305049
2026-08-17,1,2026-08-18,6743.09,CatBoost,0.6173004177280479,0.421639200661938,False,14948.805020194086,8205.715020194086,54.89211351080655,True,daily_logger,2026-08-18T08:32:12.810003,16913.157271333333
2026-08-16,2,2026-08-18,17519.21,CatBoost,0.3073018887356206,0.2559049288804246,False,14948.805020194086,2570.404979805913,17.194718750653294,True,daily_logger,2026-08-17T09:02:10.230788,14325.858651673614
2026-08-15,3,2026-08-18,46805.62,CatBoost,0.005842262968522,-0.0649227754310725,True,14948.805020194086,31856.81497980592,213.10609735541465,True,daily_logger,2026-08-16T09:47:07.510638,21505.300289287097
2026-08-14,4,2026-08-18,37790.8,CatBoost,0.0595521393667954,-0.2525761339792999,True,14948.805020194086,22841.99497980592,152.8014777699559,True,daily_logger,2026-08-15T09:02:06.564326,44125.21021742716
2026-08-13,5,2026-08-18,136114.89,CatBoost,-1.3971628567879062,-0.2920161390273282,True,14948.805020194086,121166.08497980592,810.5402727249751,True,daily_logger,2026-08-14T08:32:10.477233,28296.571673191862
2026-08-12,6,2026-08-18,27732.39,CatBoost,-0.1764967343666454,-0.3723953466749509,True,14948.805020194086,12783.584979805912,85.51576505638268,True,daily_logger,2026-08-13T08:33:07.405701,34664.74886453122
2026-08-11,7,2026-08-18,54787.26,CatBoost,0.1086994321424081,-0.5807696498618561,True,14948.805020194086,39838.45497980592,266.4992614860441,True,daily_logger,2026-08-12T09:32:11.941591,39447.57208740224
2026-08-18,1,2026-08-19,14788.41,CatBoost,0.6173004177280479,0.421639200661938,False,0.0,14788.41,,True,daily_logger,2026-08-19T09:32:10.018419,5976.9772771413245
2026-08-17,2,2026-08-19,10297.28,CatBoost,0.3073018887356206,0.2559049288804246,False,0.0,10297.28,,True,daily_logger,2026-08-18T08:32:12.810003,17552.486441140663
2026-08-16,3,2026-08-19,29022.82,CatBoost,0.005842262968522,-0.0649227754310725,True,0.0,29022.82,,True,daily_logger,2026-08-17T09:02:10.230788,12292.803244987532
2026-08-15,4,2026-08-19,37105.64,CatBoost,0.0595521393667954,-0.2525761339792999,True,0.0,37105.64,,True,daily_logger,2026-08-16T09:47:07.510638,24937.63874859584
2026-08-14,5,2026-08-19,113547.11,CatBoost,-1.3971628567879062,-0.2920161390273282,True,0.0,113547.11,,True,daily_logger,2026-08-15T09:02:06.564326,42408.08603333432
2026-08-13,6,2026-08-19,56231.88,CatBoost,-0.1764967343666454,-0.3723953466749509,True,0.0,56231.88,,True,daily_logger,2026-08-14T08:32:10.477233,37760.61966357685
2026-08-12,7,2026-08-19,57479.43,CatBoost,0.1086994321424081,-0.5807696498618561,True,0.0,57479.43,,True,daily_logger,2026-08-13T08:33:07.405701,44741.13472227491
2026-08-19,1,2026-08-20,419.14,CatBoost,0.6173004177280479,0.421639200661938,False,7946.404470220374,7527.264470220373,94.72541321586696,True,daily_logger,2026-08-20T08:37:18.024135,13800.943433723802
2026-08-18,2,2026-08-20,14677.88,CatBoost,0.3073018887356206,0.2559049288804246,False,7946.404470220374,6731.4755297796255,84.71096022114446,True,daily_logger,2026-08-19T09:32:10.018419,6065.134608181213
2026-08-17,3,2026-08-20,10771.95,CatBoost,0.005842262968522,-0.0649227754310725,True,7946.404470220374,2825.545529779627,35.557534736226025,True,daily_logger,2026-08-18T08:32:12.810003,17995.89697442585
2026-08-16,4,2026-08-20,32404.79,CatBoost,0.0595521393667954,-0.2525761339792999,True,7946.404470220374,24458.385529779625,307.79185254713485,True,daily_logger,2026-08-17T09:02:10.230788,17332.53799847033
2026-08-15,5,2026-08-20,99944.69,CatBoost,-1.3971628567879062,-0.2920161390273282,True,7946.404470220374,91998.28552977963,1157.7347449975484,True,daily_logger,2026-08-16T09:47:07.510638,27949.163472649467
2026-08-14,6,2026-08-20,41159.41,CatBoost,-0.1764967343666454,-0.3723953466749509,True,7946.404470220374,33213.00552977963,417.9626855673828,True,daily_logger,2026-08-15T09:02:06.564326,41026.22840610404
2026-08-13,7,2026-08-20,88419.68,CatBoost,0.1086994321424081,-0.5807696498618561,True,7946.404470220374,80473.27552977962,1012.7004714063831,True,daily_logger,2026-08-14T08:32:10.477233,46535.43316210144
2026-08-20,1,2026-08-21,10582.28,CatBoost,0.6173004177280479,0.421639200661938,False,5986.550941662084,4595.729058337917,76.76755953674348,True,daily_logger,2026-08-21T08:47:11.259253,0.0
2026-08-19,2,2026-08-21,292.39,CatBoost,0.3073018887356206,0.2559049288804246,False,5986.550941662084,5694.160941662083,95.11588554329045,True,daily_logger,2026-08-20T08:37:18.024135,14138.271356058483
2026-08-18,3,2026-08-21,17144.83,CatBoost,0.005842262968522,-0.0649227754310725,True,5986.550941662084,11158.279058337916,186.3891106427297,True,daily_logger,2026-08-19T09:32:10.018419,7978.376324011842
2026-08-17,4,2026-08-21,13707.33,CatBoost,0.0595521393667954,-0.2525761339792999,True,5986.550941662084,7720.7790583379165,128.96873564721304,True,daily_logger,2026-08-18T08:32:12.810003,22304.10336225423
2026-08-16,5,2026-08-21,92490.21,CatBoost,-1.3971628567879062,-0.2920161390273282,True,5986.550941662084,86503.65905833793,1444.9665575604604,True,daily_logger,2026-08-17T09:02:10.230788,18743.46398747244
2026-08-15,6,2026-08-21,22904.56,CatBoost,-0.1764967343666454,-0.3723953466749509,True,5986.550941662084,16918.009058337917,282.6002688893994,True,daily_logger,2026-08-16T09:47:07.510638,36598.36296409545
2026-08-14,7,2026-08-21,78423.96,CatBoost,0.1086994321424081,-0.5807696498618561,True,5986.550941662084,72437.40905833793,1210.0023830788064,True,daily_logger,2026-08-15T09:02:06.564326,56263.532826014
2026-08-21,1,2026-08-22,5843.68,CatBoost,0.6173004177280479,0.421639200661938,False,0.0,5843.68,,True,daily_logger,2026-08-22T08:47:11.205910,6754.533595208218
2026-08-20,2,2026-08-22,9772.15,CatBoost,0.3073018887356206,0.2559049288804246,False,0.0,9772.15,,True,daily_logger,2026-08-21T08:47:11.259253,0.0
2026-08-19,3,2026-08-22,2582.42,CatBoost,0.005842262968522,-0.0649227754310725,True,0.0,2582.42,,True,daily_logger,2026-08-20T08:37:18.024135,15121.912448866351
2026-08-18,4,2026-08-22,17453.25,CatBoost,0.0595521393667954,-0.2525761339792999,True,0.0,17453.25,,True,daily_logger,2026-08-19T09:32:10.018419,7249.378031667974
2026-08-17,5,2026-08-22,32703.02,CatBoost,-1.3971628567879062,-0.2920161390273282,True,0.0,32703.02,,True,daily_logger,2026-08-18T08:32:12.810003,23705.342890127406
2026-08-16,6,2026-08-22,29663.71,CatBoost,-0.1764967343666454,-0.3723953466749509,True,0.0,29663.71,,True,daily_logger,2026-08-17T09:02:10.230788,26461.974642360023
2026-08-15,7,2026-08-22,51228.22,CatBoost,0.1086994321424081,-0.5807696498618561,True,0.0,51228.22,,True,daily_logger,2026-08-16T09:47:07.510638,44788.48652798209
2026-08-22,1,2026-08-23,998.72,CatBoost,0.6173004177280479,0.421639200661938,False,0.0,998.72,,True,daily_logger,2026-08-23T08:47:10.073724,5237.2126875883105
2026-08-21,2,2026-08-23,5991.65,CatBoost,0.3073018887356206,0.2559049288804246,False,0.0,5991.65,,True,daily_logger,2026-08-22T08:47:11.205910,7212.215798043676
2026-08-20,3,2026-08-23,12762.25,CatBoost,0.005842262968522,-0.0649227754310725,True,0.0,12762.25,,True,daily_logger,2026-08-21T08:47:11.259253,582.4384632684807
2026-08-19,4,2026-08-23,1792.71,CatBoost,0.0595521393667954,-0.2525761339792999,True,0.0,1792.71,,True,daily_logger,2026-08-20T08:37:18.024135,15722.73758610584
2026-08-18,5,2026-08-23,17170.0,CatBoost,-1.3971628567879062,-0.2920161390273282,True,0.0,17170.0,,True,daily_logger,2026-08-19T09:32:10.018419,8979.629574285322
2026-08-17,6,2026-08-23,12910.4,CatBoost,-0.1764967343666454,-0.3723953466749509,True,0.0,12910.4,,True,daily_logger,2026-08-18T08:32:12.810003,25634.52346622038
2026-08-16,7,2026-08-23,53910.97,CatBoost,0.1086994321424081,-0.5807696498618561,True,0.0,53910.97,,True,daily_logger,2026-08-17T09:02:10.230788,33659.26540330734
2026-08-23,1,2026-08-24,1396.29,CatBoost,0.6173004177280479,0.421639200661938,False,0.0,1396.29,,True,daily_logger,2026-08-24T08:45:41.469723,351.92781788909167
2026-08-22,2,2026-08-24,143.62,CatBoost,0.3073018887356206,0.2559049288804246,False,0.0,143.62,,True,daily_logger,2026-08-23T08:47:10.073724,5360.188779123017
2026-08-21,3,2026-08-24,11869.58,CatBoost,0.005842262968522,-0.0649227754310725,True,0.0,11869.58,,True,daily_logger,2026-08-22T08:47:11.205910,8257.5397915468
2026-08-20,4,2026-08-24,22367.63,CatBoost,0.0595521393667954,-0.2525761339792999,True,0.0,22367.63,,True,daily_logger,2026-08-21T08:47:11.259253,548.7559677830202
2026-08-19,5,2026-08-24,1560.96,CatBoost,-1.3971628567879062,-0.2920161390273282,True,0.0,1560.96,,True,daily_logger,2026-08-20T08:37:18.024135,15354.140939757972
2026-08-18,6,2026-08-24,17299.21,CatBoost,-0.1764967343666454,-0.3723953466749509,True,0.0,17299.21,,True,daily_logger,2026-08-19T09:32:10.018419,12671.948856973726
2026-08-17,7,2026-08-24,19761.37,CatBoost,0.1086994321424081,-0.5807696498618561,True,0.0,19761.37,,True,daily_logger,2026-08-18T08:32:12.810003,32493.432277093685
2026-08-24,1,2026-08-25,359.25,CatBoost,0.6173004177280479,0.421639200661938,False,0.0,359.25,,True,daily_logger,2026-08-25T08:38:58.720841,42.22720542885145
2026-08-23,2,2026-08-25,459.03,CatBoost,0.3073018887356206,0.2559049288804246,False,0.0,459.03,,True,daily_logger,2026-08-24T08:45:41.469723,0.0
2026-08-22,3,2026-08-25,6804.69,CatBoost,0.005842262968522,-0.0649227754310725,True,0.0,6804.69,,True,daily_logger,2026-08-23T08:47:10.073724,5911.668781798917
2026-08-21,4,2026-08-25,19145.61,CatBoost,0.0595521393667954,-0.2525761339792999,True,0.0,19145.61,,True,daily_logger,2026-08-22T08:47:11.205910,10537.150592937776
2026-08-20,5,2026-08-25,23441.3,CatBoost,-1.3971628567879062,-0.2920161390273282,True,0.0,23441.3,,True,daily_logger,2026-08-21T08:47:11.259253,628.223231631691
2026-08-19,6,2026-08-25,2335.89,CatBoost,-0.1764967343666454,-0.3723953466749509,True,0.0,2335.89,,True,daily_logger,2026-08-20T08:37:18.024135,19063.85259472175
2026-08-18,7,2026-08-25,21330.77,CatBoost,0.1086994321424081,-0.5807696498618561,True,0.0,21330.77,,True,daily_logger,2026-08-19T09:32:10.018419,19677.227130038944
2026-08-25,1,2026-08-26,362.79,CatBoost,0.6173004177280479,0.421639200661938,False,0.0,362.79,,True,daily_logger,2026-08-26T15:20:32.320762,0.0
2026-08-24,2,2026-08-26,538.18,CatBoost,0.3073018887356206,0.2559049288804246,False,0.0,538.18,,True,daily_logger,2026-08-25T08:38:58.720841,0.0
2026-08-23,3,2026-08-26,1487.9,CatBoost,0.005842262968522,-0.0649227754310725,True,0.0,1487.9,,True,daily_logger,2026-08-24T08:45:41.469723,279.72558769072157
2026-08-22,4,2026-08-26,10994.35,CatBoost,0.0595521393667954,-0.2525761339792999,True,0.0,10994.35,,True,daily_logger,2026-08-23T08:47:10.073724,7049.952140009017
2026-08-21,5,2026-08-26,28200.95,CatBoost,-1.3971628567879062,-0.2920161390273282,True,0.0,28200.95,,True,daily_logger,2026-08-22T08:47:11.205910,10958.186842190311
2026-08-20,6,2026-08-26,13145.76,CatBoost,-0.1764967343666454,-0.3723953466749509,True,0.0,13145.76,,True,daily_logger,2026-08-21T08:47:11.259253,4145.931696646482
2026-08-19,7,2026-08-26,5589.21,CatBoost,0.1086994321424081,-0.5807696498618561,True,0.0,5589.21,,True,daily_logger,2026-08-20T08:37:18.024135,24810.85672086142
2026-08-26,1,2026-08-27,124.92,CatBoost,0.6173004177280479,0.421639200661938,False,0.0,124.92,,True,daily_logger,2026-08-27T07:17:13.069056,0.0
2026-08-25,2,2026-08-27,368.79,CatBoost,0.3073018887356206,0.2559049288804246,False,0.0,368.79,,True,daily_logger,2026-08-26T15:20:32.320762,0.0
2026-08-24,3,2026-08-27,1705.88,CatBoost,0.005842262968522,-0.0649227754310725,True,0.0,1705.88,,True,daily_logger,2026-08-25T08:38:58.720841,318.16091369125087
2026-08-23,4,2026-08-27,3489.31,CatBoost,0.0595521393667954,-0.2525761339792999,True,0.0,3489.31,,True,daily_logger,2026-08-24T08:45:41.469723,1142.339930437558
2026-08-22,5,2026-08-27,22649.98,CatBoost,-1.3971628567879062,-0.2920161390273282,True,0.0,22649.98,,True,daily_logger,2026-08-23T08:47:10.073724,9030.989350477908
2026-08-21,6,2026-08-27,15690.39,CatBoost,-0.1764967343666454,-0.3723953466749509,True,0.0,15690.39,,True,daily_logger,2026-08-22T08:47:11.205910,16139.364271043298
2026-08-20,7,2026-08-27,25722.63,CatBoost,0.1086994321424081,-0.5807696498618561,True,0.0,25722.63,,True,daily_logger,2026-08-21T08:47:11.259253,8405.440615647498
2026-08-27,1,2026-08-28,311.74,CatBoost,0.6173004177280479,0.421639200661938,False,0.0,311.74,,True,daily_logger,2026-08-28T06:02:15.775009,0.0
2026-08-26,2,2026-08-28,399.07,CatBoost,0.3073018887356206,0.2559049288804246,False,0.0,399.07,,True,daily_logger,2026-08-27T07:17:13.069056,0.0
2026-08-25,3,2026-08-28,2212.21,CatBoost,0.005842262968522,-0.0649227754310725,True,0.0,2212.21,,True,daily_logger,2026-08-26T15:20:32.320762,622.8619577010159
2026-08-24,4,2026-08-28,455.94,CatBoost,0.0595521393667954,-0.2525761339792999,True,0.0,455.94,,True,daily_logger,2026-08-25T08:38:58.720841,812.2491421639604
2026-08-23,5,2026-08-28,16987.22,CatBoost,-1.3971628567879062,-0.2920161390273282,True,0.0,16987.22,,True,daily_logger,2026-08-24T08:45:41.469723,3125.0868682778537
2026-08-22,6,2026-08-28,9575.54,CatBoost,-0.1764967343666454,-0.3723953466749509,True,0.0,9575.54,,True,daily_logger,2026-08-23T08:47:10.073724,14114.619588651545
2026-08-21,7,2026-08-28,22199.65,CatBoost,0.1086994321424081,-0.5807696498618561,True,0.0,22199.65,,True,daily_logger,2026-08-22T08:47:11.205910,19389.346893136964
2026-08-28,1,2026-08-29,352.22,CatBoost,0.6173004177280479,0.421639200661938,False,0.0,352.22,,True,daily_logger,2026-08-29T08:47:13.785943,348.2806831678805
2026-08-27,2,2026-08-29,0.0,CatBoost,0.3073018887356206,0.2559049288804246,False,0.0,0.0,,True,daily_logger,2026-08-28T06:02:15.775009,0.0
2026-08-26,3,2026-08-29,2218.99,CatBoost,0.005842262968522,-0.0649227754310725,True,0.0,2218.99,,True,daily_logger,2026-08-27T07:17:13.069056,89.84253669945808
2026-08-25,4,2026-08-29,1058.16,CatBoost,0.0595521393667954,-0.2525761339792999,True,0.0,1058.16,,True,daily_logger,2026-08-26T15:20:32.320762,791.296413442605
2026-08-24,5,2026-08-29,18072.12,CatBoost,-1.3971628567879062,-0.2920161390273282,True,0.0,18072.12,,True,daily_logger,2026-08-25T08:38:58.720841,2627.237514334257
2026-08-23,6,2026-08-29,6852.36,CatBoost,-0.1764967343666454,-0.3723953466749509,True,0.0,6852.36,,True,daily_logger,2026-08-24T08:45:41.469723,8096.243944827252
2026-08-22,7,2026-08-29,12261.9,CatBoost,0.1086994321424081,-0.5807696498618561,True,0.0,12261.9,,True,daily_logger,2026-08-23T08:47:10.073724,18944.105195731194
2026-08-28,2,2026-08-30,584.59,CatBoost,0.3073018887356206,0.2559049288804246,False,0.0,584.59,,True,daily_logger,2026-08-29T08:47:13.785943,0.0
2026-08-27,3,2026-08-30,465.06,CatBoost,0.005842262968522,-0.0649227754310725,True,0.0,465.06,,True,daily_logger,2026-08-28T06:02:15.775009,507.70868498911653
2026-08-26,4,2026-08-30,1754.55,CatBoost,0.0595521393667954,-0.2525761339792999,True,0.0,1754.55,,True,daily_logger,2026-08-27T07:17:13.069056,526.9237994756643
2026-08-25,5,2026-08-30,4088.45,CatBoost,-1.3971628567879062,-0.2920161390273282,True,0.0,4088.45,,True,daily_logger,2026-08-26T15:20:32.320762,2577.1260758283433
2026-08-24,6,2026-08-30,5887.69,CatBoost,-0.1764967343666454,-0.3723953466749509,True,0.0,5887.69,,True,daily_logger,2026-08-25T08:38:58.720841,7347.550472066708
2026-08-23,7,2026-08-30,8637.4,CatBoost,0.1086994321424081,-0.5807696498618561,True,0.0,8637.4,,True,daily_logger,2026-08-24T08:45:41.469723,16194.332747377764
2026-08-30,1,2026-08-31,478.28,CatBoost,0.6173004177280479,0.421639200661938,False,0.0,478.28,,True,daily_logger,2026-08-31T08:32:06.396542,70.40403685544516
2026-08-28,3,2026-08-31,1231.05,CatBoost,0.005842262968522,-0.0649227754310725,True,0.0,1231.05,,True,daily_logger,2026-08-29T08:47:13.785943,492.60735678052106
2026-08-27,4,2026-08-31,2247.34,CatBoost,0.0595521393667954,-0.2525761339792999,True,0.0,2247.34,,True,daily_logger,2026-08-28T06:02:15.775009,475.5400988797053
2026-08-26,5,2026-08-31,3730.81,CatBoost,-1.3971628567879062,-0.2920161390273282,True,0.0,3730.81,,True,daily_logger,2026-08-27T07:17:13.069056,1085.2559447440597
2026-08-25,6,2026-08-31,2533.85,CatBoost,-0.1764967343666454,-0.3723953466749509,True,0.0,2533.85,,True,daily_logger,2026-08-26T15:20:32.320762,6475.855325513637
2026-08-24,7,2026-08-31,5824.83,CatBoost,0.1086994321424081,-0.5807696498618561,True,0.0,5824.83,,True,daily_logger,2026-08-25T08:38:58.720841,12578.507529869185
2026-08-31,1,2026-09-01,272.01,CatBoost,0.6173004177280479,0.421639200661938,False,0.0,272.01,,True,daily_logger,2026-09-01T09:32:24.931981,0.0
2026-08-30,2,2026-09-01,674.48,CatBoost,0.3073018887356206,0.2559049288804246,False,0.0,674.48,,True,daily_logger,2026-08-31T08:32:06.396542,0.0
2026-08-28,4,2026-09-01,377.6,CatBoost,0.0595521393667954,-0.2525761339792999,True,0.0,377.6,,True,daily_logger,2026-08-29T08:47:13.785943,1386.331655813925
2026-08-27,5,2026-09-01,4862.54,CatBoost,-1.3971628567879062,-0.2920161390273282,True,0.0,4862.54,,True,daily_logger,2026-08-28T06:02:15.775009,1000.3337516766719
2026-08-26,6,2026-09-01,3032.51,CatBoost,-0.1764967343666454,-0.3723953466749509,True,0.0,3032.51,,True,daily_logger,2026-08-27T07:17:13.069056,2549.3523559309015
2026-08-25,7,2026-09-01,3253.91,CatBoost,0.1086994321424081,-0.5807696498618561,True,0.0,3253.91,,True,daily_logger,2026-08-26T15:20:32.320762,11755.13632283511
2026-09-01,1,2026-09-02,354.45,CatBoost,0.6173004177280479,0.421639200661938,False,0.0,354.45,,True,daily_logger,2026-09-02T09:32:15.501232,88.87724951933819
2026-08-31,2,2026-09-02,305.96,CatBoost,0.3073018887356206,0.2559049288804246,False,0.0,305.96,,True,daily_logger,2026-09-01T09:32:24.931981,0.0
2026-08-30,3,2026-09-02,1313.99,CatBoost,0.005842262968522,-0.0649227754310725,True,0.0,1313.99,,True,daily_logger,2026-08-31T08:32:06.396542,507.70868498911653
2026-08-28,5,2026-09-02,5148.0,CatBoost,-1.3971628567879062,-0.2920161390273282,True,0.0,5148.0,,True,daily_logger,2026-08-29T08:47:13.785943,1388.3325161515468
2026-08-27,6,2026-09-02,3871.97,CatBoost,-0.1764967343666454,-0.3723953466749509,True,0.0,3871.97,,True,daily_logger,2026-08-28T06:02:15.775009,2726.615221366319
2026-08-26,7,2026-09-02,4095.06,CatBoost,0.1086994321424081,-0.5807696498618561,True,0.0,4095.06,,True,daily_logger,2026-08-27T07:17:13.069056,8256.549527843146
2026-09-02,1,2026-09-03,43.69,CatBoost,0.6173004177280479,0.421639200661938,False,32019.660744389555,31975.97074438956,99.86355258305584,True,daily_logger,2026-09-03T09:32:13.387326,0.0
2026-09-01,2,2026-09-03,398.68,CatBoost,0.3073018887356206,0.2559049288804246,False,32019.660744389555,31620.980744389555,98.75488999342426,True,daily_logger,2026-09-02T09:32:15.501232,0.0
2026-08-31,3,2026-09-03,877.42,CatBoost,0.005842262968522,-0.0649227754310725,True,32019.660744389555,31142.24074438956,97.25974610722965,True,daily_logger,2026-09-01T09:32:24.931981,89.84253669945808
2026-08-30,4,2026-09-03,1879.13,CatBoost,0.0595521393667954,-0.2525761339792999,True,32019.660744389555,30140.530744389554,94.13132445405668,True,daily_logger,2026-08-31T08:32:06.396542,687.9411427694226
2026-08-28,6,2026-09-03,3386.02,CatBoost,-0.1764967343666454,-0.3723953466749509,True,32019.660744389555,28633.640744389555,89.42518464817498,True,daily_logger,2026-08-29T08:47:13.785943,4887.228102668961
2026-08-27,7,2026-09-03,6690.76,CatBoost,0.1086994321424081,-0.5807696498618561,True,32019.660744389555,25328.900744389557,79.10421333501371,True,daily_logger,2026-08-28T06:02:15.775009,8473.357647218836
2026-09-03,1,2026-09-04,31973.11,CatBoost,0.6173004177280479,0.421639200661938,False,0.0,31973.11,,True,daily_logger,2026-09-04T08:47:18.203397,166.91366182360866
2026-09-02,2,2026-09-04,23.71,CatBoost,0.3073018887356206,0.2559049288804246,False,0.0,23.71,,True,daily_logger,2026-09-03T09:32:13.387326,0.0
2026-09-01,3,2026-09-04,1996.17,CatBoost,0.005842262968522,-0.0649227754310725,True,0.0,1996.17,,True,daily_logger,2026-09-02T09:32:15.501232,110.95073920026964
2026-08-31,4,2026-09-04,1967.46,CatBoost,0.0595521393667954,-0.2525761339792999,True,0.0,1967.46,,True,daily_logger,2026-09-01T09:32:24.931981,451.4320595725196
2026-08-30,5,2026-09-04,3553.93,CatBoost,-1.3971628567879062,-0.2920161390273282,True,0.0,3553.93,,True,daily_logger,2026-08-31T08:32:06.396542,1255.175214221512
2026-08-28,7,2026-09-04,3955.0,CatBoost,0.1086994321424081,-0.5807696498618561,True,0.0,3955.0,,True,daily_logger,2026-08-29T08:47:13.785943,8350.462389580513
2026-09-04,1,2026-09-05,839.05,CatBoost,0.6173004177280479,0.421639200661938,False,33965.56265109029,33126.512651090285,97.52970381024126,True,daily_logger,2026-09-05T09:02:11.080509,30551.417508496663
2026-09-03,2,2026-09-05,31707.65,CatBoost,0.3073018887356206,0.2559049288804246,False,33965.56265109029,2257.912651090286,6.647652724863097,True,daily_logger,2026-09-04T08:47:18.203397,0.0
2026-09-02,3,2026-09-05,1160.09,CatBoost,0.005842262968522,-0.0649227754310725,True,33965.56265109029,32805.47265109029,96.58451116527358,True,daily_logger,2026-09-03T09:32:13.387326,89.84253669945808
2026-09-01,4,2026-09-05,1675.99,CatBoost,0.0595521393667954,-0.2525761339792999,True,33965.56265109029,32289.57265109029,95.06561979491836,True,daily_logger,2026-09-02T09:32:15.501232,778.6909836316679
2026-08-31,5,2026-09-05,3753.69,CatBoost,-1.3971628567879062,-0.2920161390273282,True,33965.56265109029,30211.87265109029,88.94854167864196,True,daily_logger,2026-09-01T09:32:24.931981,757.4763484134025
2026-08-30,6,2026-09-05,856.54,CatBoost,-0.1764967343666454,-0.3723953466749509,True,33965.56265109029,33109.02265109029,97.4782104780693,True,daily_logger,2026-08-31T08:32:06.396542,3579.558414491519
2026-09-05,1,2026-09-06,33756.69,CatBoost,0.6173004177280479,0.421639200661938,False,404.9532692895635,33351.73673071044,8235.947024016281,True,daily_logger,2026-09-06T09:02:10.490321,492.61071620094117
2026-09-04,2,2026-09-06,1815.36,CatBoost,0.3073018887356206,0.2559049288804246,False,404.9532692895635,1410.4067307104365,348.2887625984122,True,daily_logger,2026-09-05T09:02:11.080509,31590.877432841753
2026-09-03,3,2026-09-06,32558.47,CatBoost,0.005842262968522,-0.0649227754310725,True,404.9532692895635,32153.51673071044,7940.05609267447,True,daily_logger,2026-09-04T08:47:18.203397,110.95073920026964
2026-09-02,4,2026-09-06,2432.46,CatBoost,0.0595521393667954,-0.2525761339792999,True,404.9532692895635,2027.5067307104368,500.6767161720726,True,daily_logger,2026-09-03T09:32:13.387326,451.4320595725196
2026-09-01,5,2026-09-06,3888.16,CatBoost,-1.3971628567879062,-0.2920161390273282,True,404.9532692895635,3483.206730710436,860.1502926056772,True,daily_logger,2026-09-02T09:32:15.501232,1399.902975089497
2026-08-31,6,2026-09-06,4313.85,CatBoost,-0.1764967343666454,-0.3723953466749509,True,404.9532692895635,3908.8967307104367,965.2710638854884,True,daily_logger,2026-09-01T09:32:24.931981,3065.9401514366127
2026-08-30,7,2026-09-06,2644.43,CatBoost,0.1086994321424081,-0.5807696498618561,True,404.9532692895635,2239.476730710436,553.0210274976417,True,daily_logger,2026-08-31T08:32:06.396542,2634.1285728897483
