horizon,variant,n_train,n_test,mae,nse
1,baseline_delta_MAE,312,78,26184.614584239276,0.9053356411158034
1,direct_MAE,312,78,43413.916289886736,0.7428307542694385
1,tweedie_p1.1,312,78,126523.24792389183,-0.5276220016763733
1,tweedie_p1.3,312,78,127642.05572429369,-0.5465563767288593
1,tweedie_p1.5,312,78,128097.01543601893,-0.5545408056886931
1,tweedie_p1.7,312,78,128280.38162345105,-0.5569443976462409
1,tweedie_p1.9,312,78,128141.65327032041,-0.5556522648564755
2,baseline_delta_MAE,311,78,41800.18518564431,0.7613878272307906
2,direct_MAE,311,78,56152.44182598542,0.6386994345090135
2,tweedie_p1.1,311,78,128109.78098174822,-0.5498793302159297
2,tweedie_p1.3,311,78,127983.62470547456,-0.5493576838242458
2,tweedie_p1.5,311,78,128250.78255444039,-0.5539944624725397
2,tweedie_p1.7,311,78,128436.46950167499,-0.5580256329406603
2,tweedie_p1.9,311,78,128472.3279477461,-0.5584034121936023
3,baseline_delta_MAE,310,78,62389.415001046604,0.5479363142472805
3,direct_MAE,310,78,83249.53710644686,0.3870971543904962
3,tweedie_p1.1,310,78,128132.48553820423,-0.5505340544786002
3,tweedie_p1.3,310,78,128088.69440337908,-0.55137842354818
3,tweedie_p1.5,310,78,128251.81985935598,-0.5547607906704202
3,tweedie_p1.7,310,78,128345.05625056877,-0.5561038887491336
3,tweedie_p1.9,310,78,128409.33574209544,-0.556802853811631
4,baseline_delta_MAE,309,78,67143.21445722293,0.4186507730250191
4,direct_MAE,309,78,70271.05978754912,0.5099673285851991
4,tweedie_p1.1,309,78,128685.61534521275,-0.5638611347102569
4,tweedie_p1.3,309,78,128543.9116068188,-0.5605141552656965
4,tweedie_p1.5,309,78,128472.93600582561,-0.5593013659156614
4,tweedie_p1.7,309,78,128431.39117573696,-0.5587943294007993
4,tweedie_p1.9,309,78,128417.3359566325,-0.5584881704115752
5,baseline_delta_MAE,308,78,79936.19769148783,0.2704964964167832
5,direct_MAE,308,78,74002.08120326583,0.44557897032745697
5,tweedie_p1.1,308,78,128725.61131892499,-0.564040123221532
5,tweedie_p1.3,308,78,128490.03992963959,-0.5600276163894518
5,tweedie_p1.5,308,78,128439.95931333146,-0.5590845767389909
5,tweedie_p1.7,308,78,128516.08312606625,-0.5605240058070484
5,tweedie_p1.9,308,78,128482.94631074328,-0.5599413123956334
6,baseline_delta_MAE,308,77,90714.70467745354,0.1282582965144362
6,direct_MAE,308,77,78684.73012781078,0.39836464553165807
6,tweedie_p1.1,308,77,129508.1924377503,-0.5594160734816769
6,tweedie_p1.3,308,77,129827.6756820528,-0.5652113637211995
6,tweedie_p1.5,308,77,129877.13353368966,-0.5661779094307695
6,tweedie_p1.7,308,77,129999.67235325978,-0.568788577266051
6,tweedie_p1.9,308,77,129986.31085434975,-0.5685000762537376
7,baseline_delta_MAE,307,77,101513.36446026135,-0.003682634554607489
7,direct_MAE,307,77,83439.70824732624,0.34238047439630015
7,tweedie_p1.1,307,77,129604.52787632452,-0.5609123113773073
7,tweedie_p1.3,307,77,130106.1309726942,-0.570605219423131
7,tweedie_p1.5,307,77,130043.52855780767,-0.5694637695653966
7,tweedie_p1.7,307,77,130014.0660656825,-0.5689170292993042
7,tweedie_p1.9,307,77,130006.07688534507,-0.5686604516109763
