Date,Q_in_t (m3/day),%Full_t_existing,date,Q_in_t,%Full_t_recompute,qin_diff,pctfull_diff
2025-06-29,19003.231953334736,99.445299289697,2025-06-29,19003.231953334736,99.445299289697,0.0,0.0
2025-06-30,16000.863898434884,99.445299289697,2025-06-30,16000.863898434885,99.445299289697,1.8189894035458565e-12,0.0
2025-07-01,16137.62108753355,99.445299289697,2025-07-01,16137.62108753355,99.445299289697,0.0,0.0
2025-07-02,18000.430324119316,99.630109133585,2025-07-02,18000.430324119316,99.630109133585,0.0,0.0
2025-07-03,16551.135553712575,99.630109133585,2025-07-03,16551.135553712575,99.630109133585,0.0,0.0
2025-07-04,21950.32228490069,100.18508851500414,2025-07-04,21950.322284900692,100.18508851500414,3.637978807091713e-12,0.0
2025-07-05,22689.827603281785,100.18508851500414,2025-07-05,22689.827603281785,100.18508851500414,0.0,0.0
2025-07-06,41715.18892187145,100.55554960499676,2025-07-06,41715.18892187145,100.55554960499677,0.0,1.4210854715202004e-14
2025-07-07,41682.05793389491,100.55554960499676,2025-07-07,41682.05793389491,100.55554960499677,0.0,1.4210854715202004e-14
2025-07-08,38705.211743894906,100.55554960499676,2025-07-08,38705.211743894906,100.55554960499677,0.0,1.4210854715202004e-14
2025-07-09,33915.23481389491,100.55554960499676,2025-07-09,33915.23481389491,100.55554960499677,0.0,1.4210854715202004e-14
2025-07-10,16680.985831774797,100.37027193749492,2025-07-10,16680.985831774797,100.37027193749492,0.0,0.0
2025-07-11,9699.625828728053,100.0,2025-07-11,9699.625828728053,100.0,0.0,0.0
2025-07-12,20534.222947390703,99.8150074955646,2025-07-12,20534.222947390706,99.81500749556461,3.637978807091713e-12,1.4210854715202004e-14
2025-07-13,62384.33774724149,100.74092459171548,2025-07-13,62384.33774724149,100.74092459171548,0.0,0.0
2025-07-14,48379.884811176365,100.74092459171548,2025-07-14,48379.884811176365,100.74092459171548,0.0,0.0
2025-07-15,38218.91970649482,100.55554960499676,2025-07-15,38218.919706494824,100.55554960499677,7.275957614183426e-12,1.4210854715202004e-14
2025-07-16,783908.4487323555,105.79557328442152,2025-07-16,783908.4487323555,105.79557328442152,0.0,0.0
2025-07-17,421045.5925476095,104.10036226192427,2025-07-17,421045.59254760947,104.10036226192429,5.820766091346741e-11,1.4210854715202004e-14
2025-07-18,247151.604376725,102.78995598159936,2025-07-18,247151.604376725,102.78995598159936,0.0,0.0
2025-07-19,142706.71852408364,101.8567871645937,2025-07-19,142706.71852408364,101.8567871645937,0.0,0.0
2025-07-20,99633.96164875056,101.111956964079,2025-07-20,99633.96164875057,101.11195696407901,1.4551915228366852e-11,1.4210854715202004e-14
2025-07-21,81725.6894607146,101.111956964079,2025-07-21,81725.6894607146,101.11195696407901,0.0,1.4210854715202004e-14
2025-07-22,54196.43451417622,100.74092459171548,2025-07-22,54196.43451417622,100.74092459171548,0.0,0.0
2025-07-23,1408228.320329851,104.85132372554756,2025-07-23,1408228.320329851,104.85132372554756,0.0,0.0
2025-07-24,1123235.031202417,107.50164590583296,2025-07-24,1123235.0312024173,107.50164590583296,2.3283064365386963e-10,0.0
2025-07-25,618651.2627383422,105.22870330685544,2025-07-25,618651.2627383422,105.22870330685544,0.0,0.0
2025-07-26,482554.3060183496,104.10036226192427,2025-07-26,482554.30601834954,104.10036226192429,5.820766091346741e-11,1.4210854715202004e-14
2025-07-27,569451.16057343,103.53818369853316,2025-07-27,569451.16057343,103.53818369853317,0.0,1.4210854715202004e-14
2025-07-28,1013858.9276642874,106.93203751057204,2025-07-28,1013858.9276642874,106.93203751057203,0.0,1.4210854715202004e-14
2025-07-29,693172.3090348076,105.22870330685544,2025-07-29,693172.3090348076,105.22870330685544,0.0,0.0
2025-07-30,814190.4286079169,105.98473072813806,2025-07-30,814190.4286079169,105.98473072813806,0.0,0.0
2025-07-31,524269.63406137016,104.47563861517123,2025-07-31,524269.63406137016,104.47563861517123,0.0,0.0
2025-08-01,376758.4906079205,103.53818369853316,2025-08-01,376758.4906079205,103.53818369853317,0.0,1.4210854715202004e-14
2025-08-02,279414.65755679697,102.97687237919608,2025-08-02,279414.65755679697,102.97687237919608,0.0,0.0
2025-08-03,177123.0132425187,102.22977950600747,2025-08-03,177123.0132425187,102.22977950600747,0.0,0.0
2025-08-04,95934.4783318601,101.48417412483865,2025-08-04,95934.4783318601,101.48417412483863,0.0,1.4210854715202004e-14
2025-08-05,32089.468438052176,100.74092459171548,2025-08-05,32089.468438052176,100.74092459171548,0.0,0.0
2025-08-06,7940.225857899795,100.18508851500414,2025-08-06,7940.225857899795,100.18508851500414,0.0,0.0
2025-08-07,4150.658627724763,99.445299289697,2025-08-07,4150.658627724763,99.445299289697,0.0,0.0
2025-08-08,6751.385426095419,98.8914446176784,2025-08-08,6751.385426095419,98.89144461767839,0.0,1.4210854715202004e-14
2025-08-09,6105.144154104632,98.33842579176364,2025-08-09,6105.144154104632,98.33842579176365,0.0,1.4210854715202004e-14
2025-08-10,7134.920613594863,97.78623294340308,2025-08-10,7134.920613594863,97.78623294340308,0.0,0.0
2025-08-11,4248.592376617488,97.05333792611984,2025-08-11,4248.592376617488,97.05333792611985,0.0,1.4210854715202004e-14
2025-08-12,13195.054832284008,96.87087873607992,2025-08-12,13195.054832284008,96.87087873607993,0.0,1.4210854715202004e-14
2025-08-13,58290.83118890093,99.0759719131506,2025-08-13,58290.83118890093,99.07597191315061,0.0,1.4210854715202004e-14
2025-08-14,98994.80942029496,101.111956964079,2025-08-14,98994.80942029497,101.11195696407901,1.4551915228366852e-11,1.4210854715202004e-14
2025-08-15,124187.9530121314,100.55554960499676,2025-08-15,124187.95301213139,100.55554960499677,1.4551915228366852e-11,1.4210854715202004e-14
2025-08-16,677549.229510107,102.78995598159936,2025-08-16,677549.229510107,102.78995598159936,0.0,0.0
2025-08-17,986564.2205455386,106.36334719167036,2025-08-17,986564.2205455386,106.36334719167037,0.0,1.4210854715202004e-14
2025-08-18,659131.9769543636,105.41756001821338,2025-08-18,659131.9769543636,105.41756001821338,0.0,0.0
2025-08-19,412548.0322237789,103.91287161936836,2025-08-19,412548.03222377884,103.91287161936835,5.820766091346741e-11,1.4210854715202004e-14
2025-08-20,273036.44452348823,102.97687237919608,2025-08-20,273036.44452348823,102.97687237919608,0.0,0.0
2025-08-21,180929.5410425187,102.22977950600747,2025-08-21,180929.5410425187,102.22977950600747,0.0,0.0
2025-08-22,166176.7553640838,102.04323455030642,2025-08-22,166176.7553640838,102.04323455030642,0.0,0.0
2025-08-23,178085.30122443952,101.670430787185,2025-08-23,178085.30122443952,101.67043078718501,0.0,1.4210854715202004e-14
2025-08-24,337514.6083024198,102.97687237919608,2025-08-24,337514.6083024198,102.97687237919608,0.0,0.0
2025-08-25,215817.9634206344,102.6031383742581,2025-08-25,215817.96342063436,102.6031383742581,2.9103830456733704e-11,0.0
2025-08-26,237530.4861913164,101.8567871645937,2025-08-26,237530.4861913164,101.8567871645937,0.0,0.0
2025-08-27,933148.8432204196,106.17398783871523,2025-08-27,933148.8432204195,106.17398783871525,1.1641532182693481e-10,1.4210854715202004e-14
2025-08-28,682947.4930877303,105.41756001821338,2025-08-28,682947.4930877303,105.41756001821338,0.0,0.0
2025-08-29,457141.1065816881,104.28795121177814,2025-08-29,457141.1065816881,104.28795121177814,0.0,0.0
2025-08-30,337714.76111845404,103.16387866091922,2025-08-30,337714.76111845404,103.16387866091922,0.0,0.0
2025-08-31,299004.806307028,102.97687237919608,2025-08-31,299004.806307028,102.97687237919608,0.0,0.0
2025-09-01,237129.5711383255,102.6031383742581,2025-09-01,237129.5711383255,102.6031383742581,0.0,0.0
2025-09-02,196072.64086824167,102.22977950600747,2025-09-02,196072.64086824178,102.22977950600747,1.1641532182693481e-10,0.0
2025-09-03,192464.8147562316,102.22977950600747,2025-09-03,192464.8147562316,102.22977950600747,0.0,0.0
2025-09-04,128748.91688506235,101.670430787185,2025-09-04,128748.91688506235,101.67043078718501,0.0,1.4210854715202004e-14
2025-09-05,78859.64973672011,101.111956964079,2025-09-05,78859.64973672011,101.11195696407901,0.0,1.4210854715202004e-14
2025-09-06,44276.17694702645,100.74092459171548,2025-09-06,44276.17694702645,100.74092459171548,0.0,0.0
2025-09-07,21265.004473392863,100.37027193749492,2025-09-07,21265.004473392863,100.37027193749492,0.0,0.0
2025-09-08,9147.6059040012,100.0,2025-09-08,9147.605904001199,100.0,1.8189894035458565e-12,0.0
2025-09-09,7149.835815704429,99.445299289697,2025-09-09,7149.835815704429,99.445299289697,0.0,0.0
2025-09-10,7161.83765655217,98.8914446176784,2025-09-10,7161.83765655217,98.89144461767839,0.0,1.4210854715202004e-14
2025-09-11,11367.816099604432,98.70701266982567,2025-09-11,11367.816099604432,98.70701266982567,0.0,0.0
2025-09-12,7177.536098438658,98.15426566374548,2025-09-12,7177.536098438658,98.15426566374548,0.0,0.0
2025-09-13,4201.392511000416,97.41859248414092,2025-09-13,4201.392511000416,97.41859248414092,0.0,0.0
2025-09-14,7248.724280855155,96.87087873607992,2025-09-14,7248.724280855155,96.87087873607993,0.0,1.4210854715202004e-14
2025-09-15,5663.274859099049,96.50628437812423,2025-09-15,5663.274859099049,96.50628437812425,0.0,1.4210854715202004e-14
2025-09-16,11472.3095667634,96.32414181104016,2025-09-16,11472.309566763399,96.32414181104015,1.8189894035458565e-12,1.4210854715202004e-14
2025-09-17,13190.014880184804,96.1421003075812,2025-09-17,13190.014880184803,96.1421003075812,1.8189894035458565e-12,0.0
2025-09-18,1374.8609051012572,95.233367593429,2025-09-18,1374.8609051012572,95.23336759342901,0.0,1.4210854715202004e-14
2025-09-19,2823.602858348688,94.50809509513536,2025-09-19,2823.602858348688,94.50809509513536,0.0,0.0
2025-09-20,970.0865243654912,93.60373360960058,2025-09-20,970.0865243654911,93.60373360960058,1.1368683772161603e-13,0.0
2025-09-21,8280.18768312879,93.24290672031717,2025-09-21,8280.18768312879,93.24290672031717,0.0,0.0
2025-09-22,3890.809135972033,92.5219095840065,2025-09-22,3890.809135972033,92.5219095840065,0.0,0.0
2025-09-23,1038.3203905585058,91.62188314252352,2025-09-23,1038.3203905585058,91.62188314252353,0.0,1.4210854715202004e-14
2025-09-24,1525.7634288202903,90.72316581420796,2025-09-24,1525.7634288202905,90.72316581420795,2.2737367544323206e-13,1.4210854715202004e-14
2025-09-25,13797.653686861006,90.90280443593647,2025-09-25,13797.653686861006,90.90280443593649,0.0,1.4210854715202004e-14
2025-09-26,7375.965754211753,90.36403639522167,2025-09-26,7375.965754211753,90.36403639522167,0.0,0.0
2025-09-27,7382.317161778263,89.82571765631744,2025-09-27,7382.317161778263,89.82571765631744,0.0,0.0
2025-09-28,7097.32289302661,89.28784502192708,2025-09-28,7097.32289302661,89.28784502192708,0.0,0.0
2025-09-29,4484.044160908431,88.57135534136208,2025-09-29,4484.044160908431,88.57135534136208,0.0,0.0
2025-09-30,5657.864205080682,88.21340217835775,2025-09-30,5657.864205080682,88.21340217835775,0.0,0.0
2025-10-01,15817.94020789491,88.3923535871701,2025-10-01,15817.94020789491,88.3923535871701,0.0,0.0
2025-10-02,6919.141348276203,87.85563824047661,2025-10-02,6919.141348276203,87.85563824047661,0.0,0.0
2025-10-03,13143.437283754383,87.67682816687318,2025-10-03,13143.437283754383,87.67682816687318,0.0,0.0
2025-10-04,9657.860847183736,87.3193548662747,2025-10-04,9657.860847183736,87.3193548662747,0.0,0.0
2025-10-05,9370.360470287887,86.96206940574234,2025-10-05,9370.360470287887,86.96206940574234,0.0,0.0
2025-10-06,4441.719105346904,86.24805996545193,2025-10-06,4441.719105346904,86.24805996545193,0.0,0.0
2025-10-07,4452.9563767526815,85.53481012076195,2025-10-07,4452.9563767526815,85.53481012076195,0.0,0.0
2025-10-08,17843.03491368231,85.71305412821661,2025-10-08,17843.03491368231,85.71305412821661,0.0,0.0
2025-10-09,62279.20594814246,88.57135534136208,2025-10-09,62279.20594814246,88.57135534136208,0.0,0.0
2025-10-10,24086.84775542709,89.10865381163786,2025-10-10,24086.847755427094,89.10865381163786,3.637978807091713e-12,0.0
2025-10-11,13139.926765396176,88.92950495211753,2025-10-11,13139.926765396176,88.92950495211753,0.0,0.0
2025-10-12,10229.760917854082,88.57135534136208,2025-10-12,10229.760917854082,88.57135534136208,0.0,0.0
2025-10-13,10232.383184925226,88.21340217835775,2025-10-13,10232.383184925226,88.21340217835775,0.0,0.0
2025-10-14,9595.383743698325,87.85563824047661,2025-10-14,9595.383743698323,87.85563824047661,1.8189894035458565e-12,0.0
2025-10-15,41838.35377098208,89.46708661471763,2025-10-15,41838.35377098208,89.46708661471763,0.0,0.0
2025-10-16,42136.963545253326,91.44203602154786,2025-10-16,42136.963545253326,91.44203602154786,0.0,0.0
2025-10-17,73149.23137640933,95.233367593429,2025-10-17,73149.23137640933,95.23336759342901,0.0,1.4210854715202004e-14
2025-10-18,57575.848315913776,97.78623294340308,2025-10-18,57575.848315913776,97.78623294340308,0.0,0.0
2025-10-19,59597.44767041102,99.630109133585,2025-10-19,59597.44767041102,99.630109133585,0.0,0.0
2025-10-20,160128.78104252563,101.29801229954364,2025-10-20,160128.78104252563,101.29801229954363,0.0,1.4210854715202004e-14
2025-10-21,224197.7300440608,102.04323455030642,2025-10-21,224197.73004406077,102.04323455030642,2.9103830456733704e-11,0.0
2025-10-22,225138.18840221464,102.41641275156992,2025-10-22,225138.18840221464,102.41641275156992,0.0,0.0
2025-10-23,173020.97051566088,102.04323455030642,2025-10-23,173020.97051566088,102.04323455030642,0.0,0.0
2025-10-24,130773.2730821234,101.670430787185,2025-10-24,130773.2730821234,101.67043078718501,0.0,1.4210854715202004e-14
2025-10-25,77792.34877595297,101.111956964079,2025-10-25,77792.34877595297,101.11195696407901,0.0,1.4210854715202004e-14
2025-10-26,44784.93200466422,100.74092459171548,2025-10-26,44784.93200466422,100.74092459171548,0.0,0.0
2025-10-27,18567.957467475244,100.37027193749492,2025-10-27,18567.957467475244,100.37027193749492,0.0,0.0
2025-10-28,10123.898591554334,100.0,2025-10-28,10123.898591554334,100.0,0.0,0.0
2025-10-29,10072.899036310992,99.630109133585,2025-10-29,10072.899036310992,99.630109133585,0.0,0.0
2025-10-30,10077.865167052254,99.26059089258634,2025-10-30,10077.865167052254,99.26059089258634,0.0,0.0
2025-10-31,10082.828486909842,98.8914446176784,2025-10-31,10082.828486909842,98.89144461767839,0.0,1.4210854715202004e-14
2025-11-01,8473.811983643993,98.8914446176784,2025-11-01,8473.811983643993,98.89144461767839,0.0,1.4210854715202004e-14
2025-11-02,13211.637814588374,98.8914446176784,2025-11-02,13211.637814588374,98.89144461767839,0.0,1.4210854715202004e-14
2025-11-03,6860.046444204823,98.33842579176364,2025-11-03,6860.046444204823,98.33842579176365,0.0,1.4210854715202004e-14
2025-11-04,10042.452992125218,97.97020191409877,2025-11-04,10042.452992125218,97.97020191409877,0.0,0.0
2025-11-05,16504.947544731822,98.33842579176364,2025-11-05,16504.947544731822,98.33842579176365,0.0,1.4210854715202004e-14
2025-11-06,15909.049794822722,98.33842579176364,2025-11-06,15909.049794822722,98.33842579176365,0.0,1.4210854715202004e-14
2025-11-07,4769.251217883577,98.15426566374548,2025-11-07,4769.251217883577,98.15426566374548,0.0,0.0
2025-11-08,41386.16317848574,98.52267303890044,2025-11-08,41386.16317848574,98.52267303890045,0.0,1.4210854715202004e-14
2025-11-09,324364.2617505552,102.41641275156992,2025-11-09,324364.2617505552,102.41641275156992,0.0,0.0
2025-11-10,368655.75888458063,103.3509870612464,2025-11-10,368655.75888458063,103.35098706124641,0.0,1.4210854715202004e-14
2025-11-11,323848.51073321624,103.16387866091922,2025-11-11,323848.51073321624,103.16387866091922,0.0,0.0
2025-11-12,280267.58193712565,102.97687237919608,2025-11-12,280267.58193712565,102.97687237919608,0.0,0.0
2025-11-13,238079.5935655484,102.6031383742581,2025-11-13,238079.59356554842,102.6031383742581,2.9103830456733704e-11,0.0
2025-11-14,213597.80433420843,102.41641275156992,2025-11-14,213597.80433420843,102.41641275156992,0.0,0.0
2025-11-15,192495.6257758496,102.22977950600747,2025-11-15,192495.62577584962,102.22977950600747,2.9103830456733704e-11,0.0
2025-11-16,175733.50779371275,102.04323455030642,2025-11-16,175733.50779371275,102.04323455030642,0.0,0.0
2025-11-17,177813.58794291277,102.04323455030642,2025-11-17,177813.58794291277,102.04323455030642,0.0,0.0
2025-11-18,478550.4252622602,103.3509870612464,2025-11-18,478550.4252622602,103.35098706124641,0.0,1.4210854715202004e-14
2025-11-19,957422.964086338,105.79557328442152,2025-11-19,957422.964086338,105.79557328442152,0.0,0.0
2025-11-20,893123.028104316,106.36334719167036,2025-11-20,893123.028104316,106.36334719167037,0.0,1.4210854715202004e-14
2025-11-21,612855.6840597584,105.03995441128792,2025-11-21,612855.6840597584,105.03995441128792,0.0,0.0
2025-11-22,490683.8477683797,104.28795121177814,2025-11-22,490683.8477683797,104.28795121177814,0.0,0.0
2025-11-23,433718.8695659825,103.91287161936836,2025-11-23,433718.8695659825,103.91287161936835,0.0,1.4210854715202004e-14
2025-11-24,379498.75290643546,103.53818369853316,2025-11-24,379498.75290643546,103.53818369853317,0.0,1.4210854715202004e-14
2025-11-25,345857.6981057496,103.3509870612464,2025-11-25,345857.69810574956,103.35098706124641,5.820766091346741e-11,1.4210854715202004e-14
2025-11-26,310615.1173997257,102.97687237919608,2025-11-26,310615.1173997257,102.97687237919608,0.0,0.0
2025-11-27,288864.69826402166,102.78995598159936,2025-11-27,288864.69826402166,102.78995598159936,0.0,0.0
2025-11-28,272042.76256662153,102.78995598159936,2025-11-28,272042.76256662153,102.78995598159936,0.0,0.0
2025-11-29,252600.3418681483,102.6031383742581,2025-11-29,252600.3418681483,102.6031383742581,0.0,0.0
2025-11-30,244914.3461709484,102.6031383742581,2025-11-30,244914.3461709484,102.6031383742581,0.0,0.0
2025-12-01,234203.99536424223,102.41641275156992,2025-12-01,234203.99536424226,102.41641275156992,2.9103830456733704e-11,0.0
2025-12-02,228969.8139994424,102.41641275156992,2025-12-02,228969.8139994424,102.41641275156992,0.0,0.0
2025-12-03,221736.0149994424,102.41641275156992,2025-12-03,221736.0149994424,102.41641275156992,0.0,0.0
2025-12-04,209256.1982606207,102.22977950600747,2025-12-04,209256.1982606207,102.22977950600747,0.0,0.0
2025-12-05,204367.78662952065,102.22977950600747,2025-12-05,204367.78662952065,102.22977950600747,0.0,0.0
2025-12-06,195214.23592952063,102.22977950600747,2025-12-06,195214.23592952066,102.22977950600747,2.9103830456733704e-11,0.0
2025-12-07,178996.50787327875,102.04323455030642,2025-12-07,178996.50787327875,102.04323455030642,0.0,0.0
2025-12-08,176209.41962247877,102.04323455030642,2025-12-08,176209.41962247877,102.04323455030642,0.0,0.0
2025-12-09,163832.40842247877,102.04323455030642,2025-12-09,163832.40842247877,102.04323455030642,0.0,0.0
2025-12-10,157267.6521438652,101.8567871645937,2025-12-10,157267.6521438652,101.8567871645937,0.0,0.0
2025-12-11,145062.07728889663,101.670430787185,2025-12-11,145062.07728889663,101.67043078718501,0.0,1.4210854715202004e-14
2025-12-12,161541.7940842788,102.04323455030642,2025-12-12,161541.7940842788,102.04323455030642,0.0,0.0
2025-12-13,143688.1908044967,101.670430787185,2025-12-13,143688.1908044967,101.67043078718501,0.0,1.4210854715202004e-14
2025-12-14,152568.33660566524,101.8567871645937,2025-12-14,152568.33660566524,101.8567871645937,0.0,0.0
2025-12-15,147995.95882826514,101.8567871645937,2025-12-15,147995.95882826514,101.8567871645937,0.0,0.0
2025-12-16,134491.21018889663,101.670430787185,2025-12-16,134491.21018889663,101.67043078718501,0.0,1.4210854715202004e-14
2025-12-17,135923.13246629672,101.670430787185,2025-12-17,135923.13246629672,101.67043078718501,0.0,1.4210854715202004e-14
2025-12-18,126557.10026629672,101.670430787185,2025-12-18,126557.10026629671,101.67043078718501,1.4551915228366852e-11,1.4210854715202004e-14
2025-12-19,115580.61307334204,101.48417412483865,2025-12-19,115580.61307334204,101.48417412483863,0.0,1.4210854715202004e-14
2025-12-20,109427.091618542,101.48417412483865,2025-12-20,109427.09161854199,101.48417412483863,1.4551915228366852e-11,1.4210854715202004e-14
2025-12-21,112236.090118542,101.48417412483865,2025-12-21,112236.090118542,101.48417412483863,0.0,1.4210854715202004e-14
2025-12-22,105147.569618542,101.48417412483865,2025-12-22,105147.569618542,101.48417412483863,0.0,1.4210854715202004e-14
2025-12-23,97996.56607083853,101.29801229954364,2025-12-23,97996.56607083851,101.29801229954363,1.4551915228366852e-11,1.4210854715202004e-14
2025-12-24,97696.44896413844,101.29801229954364,2025-12-24,97696.44896413843,101.29801229954363,1.4551915228366852e-11,1.4210854715202004e-14
2025-12-25,99768.46159413844,101.29801229954364,2025-12-25,99768.46159413843,101.29801229954363,1.4551915228366852e-11,1.4210854715202004e-14
2025-12-26,98376.12530413843,101.29801229954364,2025-12-26,98376.12530413843,101.29801229954363,0.0,1.4210854715202004e-14
2025-12-27,91510.30244413843,101.29801229954364,2025-12-27,91510.30244413843,101.29801229954363,0.0,1.4210854715202004e-14
2025-12-28,84241.41421413844,101.29801229954364,2025-12-28,84241.41421413844,101.29801229954363,0.0,1.4210854715202004e-14
2025-12-29,76839.84335018923,101.111956964079,2025-12-29,76839.84335018923,101.11195696407901,0.0,1.4210854715202004e-14
2025-12-30,72948.15563988913,101.111956964079,2025-12-30,72948.15563988913,101.11195696407901,0.0,1.4210854715202004e-14
2025-12-31,69626.23702988913,101.111956964079,2025-12-31,69626.23702988913,101.11195696407901,0.0,1.4210854715202004e-14
2026-01-01,78430.4584863069,101.111956964079,2026-01-01,78430.4584863069,101.11195696407901,0.0,1.4210854715202004e-14
2026-01-02,69939.23472295284,100.92638886199968,2026-01-02,69939.23472295284,100.92638886199967,0.0,1.4210854715202004e-14
2026-01-03,69308.35597055304,100.92638886199968,2026-01-03,69308.35597055304,100.92638886199967,0.0,1.4210854715202004e-14
2026-01-04,67191.17543055303,100.92638886199968,2026-01-04,67191.17543055303,100.92638886199967,0.0,1.4210854715202004e-14
2026-01-05,55698.94496055303,100.92638886199968,2026-01-05,55698.94496055303,100.92638886199967,0.0,1.4210854715202004e-14
2026-01-06,47993.48598154232,100.74092459171548,2026-01-06,47993.48598154232,100.74092459171548,0.0,0.0
2026-01-07,22196.14821518939,100.55554960499676,2026-01-07,22196.14821518939,100.55554960499677,0.0,1.4210854715202004e-14
2026-01-08,0.0,100.0,2026-01-08,0.0,100.0,0.0,0.0
2026-01-09,3628.388850120721,100.0,2026-01-09,3628.388850120721,100.0,0.0,0.0
2026-01-10,9810.36547707056,100.18508851500414,2026-01-10,9810.36547707056,100.18508851500414,0.0,0.0
2026-01-11,10003.36591157059,100.18508851500414,2026-01-11,10003.36591157059,100.18508851500414,0.0,0.0
2026-01-12,16730.830785626116,100.37027193749492,2026-01-12,16730.830785626116,100.37027193749492,0.0,0.0
2026-01-13,15600.92620532614,100.37027193749492,2026-01-13,15600.92620532614,100.37027193749492,0.0,0.0
2026-01-14,19259.24579532614,100.37027193749492,2026-01-14,19259.24579532614,100.37027193749492,0.0,0.0
2026-01-15,21757.43928532613,100.37027193749492,2026-01-15,21757.439285326138,100.37027193749492,7.275957614183426e-12,0.0
2026-01-16,22252.75333532614,100.37027193749492,2026-01-16,22252.75333532614,100.37027193749492,0.0,0.0
2026-01-17,21098.18765532614,100.37027193749492,2026-01-17,21098.18765532614,100.37027193749492,0.0,0.0
2026-01-18,17950.29479532614,100.37027193749492,2026-01-18,17950.29479532614,100.37027193749492,0.0,0.0
2026-01-19,17685.159505326137,100.37027193749492,2026-01-19,17685.159505326137,100.37027193749492,0.0,0.0
2026-01-20,17831.004705326137,100.37027193749492,2026-01-20,17831.004705326137,100.37027193749492,0.0,0.0
2026-01-21,14259.502055326138,100.37027193749492,2026-01-21,14259.502055326138,100.37027193749492,0.0,0.0
2026-01-22,12651.83517532614,100.37027193749492,2026-01-22,12651.83517532614,100.37027193749492,0.0,0.0
2026-01-23,14280.502075326138,100.37027193749492,2026-01-23,14280.502075326138,100.37027193749492,0.0,0.0
2026-01-24,15196.65662532614,100.37027193749492,2026-01-24,15196.656625326139,100.37027193749492,1.8189894035458565e-12,0.0
2026-01-25,18068.12734532614,100.37027193749492,2026-01-25,18068.12734532614,100.37027193749492,0.0,0.0
2026-01-26,19783.70634532614,100.37027193749492,2026-01-26,19783.70634532614,100.37027193749492,0.0,0.0
2026-01-27,24420.3245213893,100.55554960499676,2026-01-27,24420.3245213893,100.55554960499677,0.0,1.4210854715202004e-14
2026-01-28,18521.56972652631,100.37027193749492,2026-01-28,18521.56972652631,100.37027193749492,0.0,0.0
2026-01-29,26091.2826613893,100.55554960499676,2026-01-29,26091.2826613893,100.55554960499677,0.0,1.4210854715202004e-14
2026-01-30,17694.69515652631,100.37027193749492,2026-01-30,17694.69515652631,100.37027193749492,0.0,0.0
2026-01-31,20336.23015532614,100.37027193749492,2026-01-31,20336.23015532614,100.37027193749492,0.0,0.0
2026-02-01,18709.4484124805,100.37027193749492,2026-02-01,18709.4484124805,100.37027193749492,0.0,0.0
2026-02-02,1167.00221248049,100.37027193749492,2026-02-02,1167.00221248049,100.37027193749492,0.0,0.0
2026-02-03,0.0,100.0,2026-02-03,0.0,100.0,0.0,0.0
2026-02-04,0.0,99.26059089258634,2026-02-04,0.0,99.26059089258634,0.0,0.0
2026-02-05,1163.43771295469,99.26059089258634,2026-02-05,1163.43771295469,99.26059089258634,0.0,0.0
2026-02-06,1163.43771295469,99.26059089258634,2026-02-06,1163.43771295469,99.26059089258634,0.0,0.0
2026-02-07,1163.43771295469,99.26059089258634,2026-02-07,1163.43771295469,99.26059089258634,0.0,0.0
2026-02-08,4166.39401892307,99.445299289697,2026-02-08,4166.39401892307,99.445299289697,0.0,0.0
2026-02-09,4168.63380522942,99.630109133585,2026-02-09,4168.63380522942,99.630109133585,0.0,0.0
2026-02-10,1164.61676972927,99.630109133585,2026-02-10,1164.61676972927,99.630109133585,0.0,0.0
2026-02-11,1164.61676972927,99.630109133585,2026-02-11,1164.61676972927,99.630109133585,0.0,0.0
2026-02-12,4170.66562671859,99.8150074955646,2026-02-12,4170.66562671859,99.81500749556461,0.0,1.4210854715202004e-14
2026-02-13,0.0,99.26059089258634,2026-02-13,0.0,99.26059089258634,0.0,0.0
2026-02-14,1163.43771295469,99.26059089258634,2026-02-14,1163.43771295469,99.26059089258634,0.0,0.0
2026-02-15,1163.43771295469,99.26059089258634,2026-02-15,1163.43771295469,99.26059089258634,0.0,0.0
2026-02-16,1163.43771295469,99.26059089258634,2026-02-16,1163.43771295469,99.26059089258634,0.0,0.0
2026-02-17,1163.43771295469,99.26059089258634,2026-02-17,1163.43771295469,99.26059089258634,0.0,0.0
2026-02-18,1163.43771295469,99.26059089258634,2026-02-18,1163.43771295469,99.26059089258634,0.0,0.0
2026-02-19,1163.43771295469,99.26059089258634,2026-02-19,1163.43771295469,99.26059089258634,0.0,0.0
2026-02-20,1163.43771295469,99.26059089258634,2026-02-20,1163.43771295469,99.26059089258634,0.0,0.0
2026-02-21,0.0,99.0759719131506,2026-02-21,0.0,99.07597191315061,0.0,1.4210854715202004e-14
2026-02-22,3143.79291862606,99.26059089258634,2026-02-22,3143.79291862606,99.26059089258634,0.0,0.0
2026-02-23,0.0,99.0759719131506,2026-02-23,0.0,99.07597191315061,0.0,1.4210854715202004e-14
2026-02-24,4164.35231595473,99.26059089258634,2026-02-24,4164.35231595473,99.26059089258634,0.0,0.0
2026-02-25,1163.43771295469,99.26059089258634,2026-02-25,1163.43771295469,99.26059089258634,0.0,0.0
2026-02-26,1163.43771295469,99.26059089258634,2026-02-26,1163.43771295469,99.26059089258634,0.0,0.0
2026-02-27,1163.43771295469,99.26059089258634,2026-02-27,1163.43771295469,99.26059089258634,0.0,0.0
2026-02-28,1163.43771295469,99.26059089258634,2026-02-28,1163.43771295469,99.26059089258634,0.0,0.0
2026-03-01,1228.22707197967,99.26059089258634,2026-03-01,1228.22707197967,99.26059089258634,0.0,0.0
2026-03-02,1228.22707197967,99.26059089258634,2026-03-02,1228.22707197967,99.26059089258634,0.0,0.0
2026-03-03,0.0,98.8914446176784,2026-03-03,0.0,98.89144461767839,0.0,1.4210854715202004e-14
2026-03-04,7228.56598837965,99.26059089258634,2026-03-04,7228.56598837965,99.26059089258634,0.0,0.0
2026-03-05,0.0,98.8914446176784,2026-03-05,0.0,98.89144461767839,0.0,1.4210854715202004e-14
2026-03-06,4227.03248254586,99.0759719131506,2026-03-06,4227.03248254586,99.07597191315061,0.0,1.4210854715202004e-14
2026-03-07,10236.7714813055,99.630109133585,2026-03-07,10236.7714813055,99.630109133585,0.0,0.0
2026-03-08,0.0,99.26059089258634,2026-03-08,0.0,99.26059089258634,0.0,0.0
2026-03-09,7235.85687830543,99.630109133585,2026-03-09,7235.85687830543,99.630109133585,0.0,0.0
2026-03-10,0.0,99.26059089258634,2026-03-10,0.0,99.26059089258634,0.0,0.0
2026-03-11,0.0,98.8914446176784,2026-03-11,0.0,98.89144461767839,0.0,1.4210854715202004e-14
2026-03-12,0.0,98.70701266982567,2026-03-12,0.0,98.70701266982567,0.0,0.0
2026-03-13,4584.7901269148,99.0759719131506,2026-03-13,4584.7901269148,99.07597191315061,0.0,1.4210854715202004e-14
2026-03-14,1047.60020359834,99.0759719131506,2026-03-14,1047.60020359834,99.07597191315061,0.0,1.4210854715202004e-14
2026-03-15,1167.60551396339,99.0759719131506,2026-03-15,1167.60551396339,99.07597191315061,0.0,1.4210854715202004e-14
2026-03-16,1227.60816914592,99.0759719131506,2026-03-16,1227.60816914592,99.07597191315061,0.0,1.4210854715202004e-14
2026-03-17,1587.69382307021,99.26059089258634,2026-03-17,1587.69382307021,99.26059089258634,0.0,0.0
2026-03-18,3690.64680325477,99.445299289697,2026-03-18,3690.64680325477,99.445299289697,0.0,0.0
2026-03-19,38381.7839355466,100.74092459171548,2026-03-19,38381.7839355466,100.74092459171548,0.0,0.0
2026-03-20,14964.4215046639,100.37027193749492,2026-03-20,14964.4215046639,100.37027193749492,0.0,0.0
2026-03-21,31105.9428167993,100.55554960499676,2026-03-21,31105.9428167993,100.55554960499677,0.0,1.4210854715202004e-14
2026-03-22,2642.90936718213,99.8150074955646,2026-03-22,2642.90936718213,99.81500749556461,0.0,1.4210854715202004e-14
2026-03-23,131.962922905525,99.630109133585,2026-03-23,131.962922905525,99.630109133585,0.0,0.0
2026-03-24,8560.41807127706,100.0,2026-03-24,8560.41807127706,100.0,0.0,0.0
2026-03-25,0.0,99.630109133585,2026-03-25,0.0,99.630109133585,0.0,0.0
2026-03-26,1783.35178790543,99.630109133585,2026-03-26,1783.35178790543,99.630109133585,0.0,0.0
2026-03-27,0.0,99.445299289697,2026-03-27,0.0,99.445299289697,0.0,0.0
2026-03-28,0.0,98.8914446176784,2026-03-28,0.0,98.89144461767839,0.0,1.4210854715202004e-14
2026-03-29,0.0,97.602358266806,2026-03-29,0.0,97.60235826680601,0.0,1.4210854715202004e-14
2026-03-30,0.0,96.68852833138142,2026-03-30,0.0,96.68852833138142,0.0,0.0
2026-03-31,1212.48209035112,96.68852833138142,2026-03-31,1212.48209035112,96.68852833138142,0.0,0.0
2026-04-01,1353.93833422542,96.68852833138142,2026-04-01,1353.93833422542,96.68852833138142,0.0,0.0
2026-04-02,0.0,96.50628437812423,2026-04-02,0.0,96.50628437812425,0.0,1.4210854715202004e-14
2026-04-03,19181.5992346458,97.602358266806,2026-04-03,19181.5992346458,97.60235826680601,0.0,1.4210854715202004e-14
2026-04-04,0.0,97.23590276651284,2026-04-04,0.0,97.23590276651284,0.0,0.0
2026-04-05,0.0,96.50628437812423,2026-04-05,0.0,96.50628437812425,0.0,1.4210854715202004e-14
2026-04-06,1353.16893553972,96.50628437812423,2026-04-06,1353.16893553972,96.50628437812425,0.0,1.4210854715202004e-14
2026-04-07,4316.24774742543,96.68852833138142,2026-04-07,4316.24774742543,96.68852833138142,0.0,0.0
2026-04-08,0.0,95.96015771568462,2026-04-08,0.0,95.96015771568462,0.0,0.0
2026-04-09,0.0,95.05191055285007,2026-04-09,0.0,95.05191055285009,0.0,1.4210854715202004e-14
2026-04-10,0.0,94.32700156887456,2026-04-10,0.0,94.32700156887456,0.0,0.0
2026-04-11,0.0,93.24290672031717,2026-04-11,0.0,93.24290672031717,0.0,0.0
2026-04-12,0.0,92.16173652971268,2026-04-12,0.0,92.16173652971268,0.0,0.0
2026-04-13,0.0,91.44203602154786,2026-04-13,0.0,91.44203602154786,0.0,0.0
2026-04-14,0.0,91.08249764648592,2026-04-14,0.0,91.08249764648592,0.0,0.0
2026-04-15,0.0,90.54357615742836,2026-04-15,0.0,90.54357615742835,0.0,1.4210854715202004e-14
2026-04-16,0.0,89.6463779238919,2026-04-16,0.0,89.6463779238919,0.0,0.0
2026-04-17,0.0,88.21340217835775,2026-04-17,0.0,88.21340217835775,0.0,0.0
2026-04-18,0.0,87.85563824047661,2026-04-18,0.0,87.85563824047661,0.0,0.0
2026-04-19,0.0,87.3193548662747,2026-04-19,0.0,87.3193548662747,0.0,0.0
2026-04-20,7138.45010954504,87.67682816687318,2026-04-20,7138.45010954504,87.67682816687318,0.0,0.0
2026-04-21,0.0,87.1406873802551,2026-04-21,0.0,87.1406873802551,0.0,0.0
2026-04-22,1326.79283870305,87.1406873802551,2026-04-22,1326.79283870305,87.1406873802551,0.0,0.0
2026-04-23,0.0,86.96206940574234,2026-04-23,0.0,86.96206940574234,0.0,0.0
2026-04-24,0.0,86.7834952717333,2026-04-24,0.0,86.7834952717333,0.0,0.0
2026-04-25,0.0,86.96206940574234,2026-04-25,0.0,86.96206940574234,0.0,0.0
2026-04-26,4172.0881414952,87.1406873802551,2026-04-26,4172.0881414952,87.1406873802551,0.0,0.0
2026-04-27,0.0,86.60497068323372,2026-04-27,0.0,86.60497068323372,0.0,0.0
2026-04-28,7130.95188030226,86.96206940574234,2026-04-28,7130.95188030226,86.96206940574234,0.0,0.0
2026-04-29,1326.44156200227,86.96206940574234,2026-04-29,1326.44156200227,86.96206940574234,0.0,0.0
2026-04-30,0.0,86.7834952717333,2026-04-30,0.0,86.7834952717333,0.0,0.0
2026-05-01,0.0,86.60497068323372,2026-05-01,0.0,86.60497068323372,0.0,0.0
2026-05-02,4153.38797326013,86.7834952717333,2026-05-02,4153.38797326013,86.7834952717333,0.0,0.0
2026-05-03,0.0,86.24805996545193,2026-05-03,0.0,86.24805996545193,0.0,0.0
2026-05-04,0.0,86.06967725512015,2026-05-04,0.0,86.06967725512015,0.0,0.0
2026-05-05,0.0,86.60497068323372,2026-05-05,0.0,86.60497068323372,0.0,0.0
2026-05-06,0.0,86.42649184957152,2026-05-06,0.0,86.42649184957152,0.0,0.0
2026-05-07,3572.02296329776,86.60497068323372,2026-05-07,3572.02296329776,86.60497068323372,0.0,0.0
2026-05-08,8333.52349808145,87.3193548662747,2026-05-08,8333.52349808145,87.3193548662747,0.0,0.0
2026-05-09,7063.79578135049,87.67682816687318,2026-05-09,7063.79578135049,87.67682816687318,0.0,0.0
2026-05-10,3284.83311676227,88.3923535871701,2026-05-10,3284.83311676227,88.3923535871701,0.0,0.0
2026-05-11,605.652973947571,89.28784502192708,2026-05-11,605.652973947571,89.28784502192708,0.0,0.0
2026-05-12,323.723272625149,89.46708661471763,2026-05-12,323.723272625149,89.46708661471763,0.0,0.0
2026-05-13,64020.6507161179,94.32700156887456,2026-05-13,64020.6507161179,94.32700156887456,0.0,0.0
2026-05-14,29891.3995551568,96.32414181104016,2026-05-14,29891.3995551568,96.32414181104015,0.0,1.4210854715202004e-14
2026-05-15,9275.53266444997,97.05333792611984,2026-05-15,9275.53266444997,97.05333792611985,0.0,1.4210854715202004e-14
2026-05-16,16073.5335749953,97.97020191409877,2026-05-16,16073.5335749953,97.97020191409877,0.0,0.0
2026-05-17,0.0,97.97020191409877,2026-05-17,0.0,97.97020191409877,0.0,0.0
2026-05-18,10212.1217991189,98.52267303890044,2026-05-18,10212.1217991189,98.52267303890045,0.0,1.4210854715202004e-14
2026-05-19,3923.86473352018,99.26059089258634,2026-05-19,3923.86473352018,99.26059089258634,0.0,0.0
2026-05-20,110640.521929889,101.8567871645937,2026-05-20,110640.521929889,101.8567871645937,0.0,0.0
2026-05-21,101694.070947194,101.670430787185,2026-05-21,101694.070947194,101.67043078718501,0.0,1.4210854715202004e-14
2026-05-22,160766.191472924,101.8567871645937,2026-05-22,160766.191472924,101.8567871645937,0.0,0.0
2026-05-23,200312.351102164,102.6031383742581,2026-05-23,200312.351102164,102.6031383742581,0.0,0.0
2026-05-24,255740.520695124,102.6031383742581,2026-05-24,255740.520695124,102.6031383742581,0.0,0.0
2026-05-25,247321.41755552,102.78995598159936,2026-05-25,247321.41755552,102.78995598159936,0.0,0.0
2026-05-26,265242.824673581,102.97687237919608,2026-05-26,265242.824673581,102.97687237919608,0.0,0.0
2026-05-27,444008.703245138,104.47563861517123,2026-05-27,444008.703245138,104.47563861517123,0.0,0.0
2026-05-28,544604.161714693,104.10036226192427,2026-05-28,544604.161714693,104.10036226192429,0.0,1.4210854715202004e-14
2026-05-29,626002.754559492,105.03995441128792,2026-05-29,626002.754559492,105.03995441128792,0.0,0.0
2026-05-30,734024.712003146,105.22870330685544,2026-05-30,734024.712003146,105.22870330685544,0.0,0.0
2026-05-31,679645.37317074,104.85132372554756,2026-05-31,679645.37317074,104.85132372554756,0.0,0.0
2026-06-01,564141.2329197773,103.3509870612464,2026-06-01,564141.2329197773,103.35098706124641,0.0,1.4210854715202004e-14
2026-06-02,322565.7966862557,102.97687237919608,2026-06-02,322565.7966862557,102.97687237919608,0.0,0.0
2026-06-03,292849.1133419672,102.97687237919608,2026-06-03,292849.1133419672,102.97687237919608,0.0,0.0
2026-06-04,272076.5048447955,102.78995598159936,2026-06-04,272076.5048447955,102.78995598159936,0.0,0.0
2026-06-05,265659.6681720963,102.6031383742581,2026-06-05,265659.6681720963,102.6031383742581,0.0,0.0
2026-06-06,275263.6381577072,102.78995598159936,2026-06-06,275263.6381577072,102.78995598159936,0.0,0.0
2026-06-07,244163.9551956393,102.41641275156992,2026-06-07,244163.9551956393,102.41641275156992,0.0,0.0
2026-06-08,232607.9143160558,102.41641275156992,2026-06-08,232607.9143160558,102.41641275156992,0.0,0.0
2026-06-09,221380.5927948378,102.41641275156992,2026-06-09,221380.5927948378,102.41641275156992,0.0,0.0
2026-06-10,225859.1582501597,102.6031383742581,2026-06-10,225859.1582501597,102.6031383742581,0.0,0.0
2026-06-11,234062.6444692377,102.41641275156992,2026-06-11,234062.6444692377,102.41641275156992,0.0,0.0
2026-06-12,261352.7358887642,102.78995598159936,2026-06-12,261352.7358887642,102.78995598159936,0.0,0.0
2026-06-13,275658.9534612212,102.97687237919608,2026-06-13,275658.9534612212,102.97687237919608,0.0,0.0
2026-06-14,244798.3056638377,102.41641275156992,2026-06-14,244798.3056638377,102.41641275156992,0.0,0.0
2026-06-15,194764.5481698516,102.04323455030642,2026-06-15,194764.5481698516,102.04323455030642,0.0,0.0
2026-06-16,201780.7757341557,102.41641275156992,2026-06-16,201780.7757341557,102.41641275156992,0.0,0.0
2026-06-17,179923.4541698516,102.04323455030642,2026-06-17,179923.4541698516,102.04323455030642,0.0,0.0
2026-06-18,127270.7094574617,101.670430787185,2026-06-18,127270.7094574617,101.67043078718501,0.0,1.4210854715202004e-14
2026-06-19,124612.9603942347,101.670430787185,2026-06-19,124612.9603942347,101.67043078718501,0.0,1.4210854715202004e-14
2026-06-20,90013.88614181147,101.29801229954364,2026-06-20,90013.88614181147,101.29801229954363,0.0,1.4210854715202004e-14
2026-06-21,81061.92869031134,101.29801229954364,2026-06-21,81061.92869031134,101.29801229954363,0.0,1.4210854715202004e-14
2026-06-22,84495.91800302982,101.29801229954364,2026-06-22,84495.91800302982,101.29801229954363,0.0,1.4210854715202004e-14
2026-06-23,82664.92869031134,101.29801229954364,2026-06-23,82664.92869031134,101.29801229954363,0.0,1.4210854715202004e-14
2026-06-24,77030.97469031134,101.29801229954364,2026-06-24,77030.97469031134,101.29801229954363,0.0,1.4210854715202004e-14
2026-06-25,65222.77280277714,101.111956964079,2026-06-25,65222.77280277714,101.11195696407901,0.0,1.4210854715202004e-14
2026-06-26,58881.53985247704,101.111956964079,2026-06-26,58881.53985247704,101.11195696407901,0.0,1.4210854715202004e-14
2026-06-27,49653.74119414902,100.92638886199968,2026-06-27,49653.74119414902,100.92638886199967,0.0,1.4210854715202004e-14
2026-06-28,43120.17151001822,100.92638886199968,2026-06-28,43120.17151001822,100.92638886199967,0.0,1.4210854715202004e-14
2026-06-29,36181.8368125964,100.74092459171548,2026-06-29,36181.836812596404,100.74092459171548,7.275957614183426e-12,0.0
2026-06-30,42962.49765203487,100.74092459171548,2026-06-30,42962.497652034865,100.74092459171548,7.275957614183426e-12,0.0
2026-07-01,46623.40244982517,100.74092459171548,2026-07-01,46623.40244982517,100.74092459171548,0.0,0.0
2026-07-02,14739.84174302964,100.0,2026-07-02,14739.84174302964,100.0,0.0,0.0
2026-07-03,5214.089702893602,99.8150074955646,2026-07-03,5214.089702893602,99.81500749556461,0.0,1.4210854715202004e-14
2026-07-04,0.0,99.445299289697,2026-07-04,0.0,99.445299289697,0.0,0.0
2026-07-05,0.0,98.70701266982567,2026-07-05,0.0,98.70701266982567,0.0,0.0
2026-07-06,0.0,97.78623294340308,2026-07-06,0.0,97.78623294340308,0.0,0.0
2026-07-07,0.0,97.05333792611984,2026-07-07,0.0,97.05333792611985,0.0,1.4210854715202004e-14
2026-07-08,0.0,96.32414181104016,2026-07-08,0.0,96.32414181104015,0.0,1.4210854715202004e-14
2026-07-09,0.0,95.233367593429,2026-07-09,0.0,95.23336759342901,0.0,1.4210854715202004e-14
2026-07-10,0.0,94.50809509513536,2026-07-10,0.0,94.50809509513536,0.0,0.0
2026-07-11,8.358452526200495,94.14599197601386,2026-07-11,8.358452526200495,94.14599197601386,0.0,0.0
2026-07-12,1548.477362288514,93.60373360960058,2026-07-12,1548.477362288514,93.60373360960058,0.0,0.0
2026-07-13,0.0,92.5219095840065,2026-07-13,0.0,92.5219095840065,0.0,0.0
2026-07-14,12175.06558400085,93.06257632858528,2026-07-14,12175.06558400085,93.06257632858528,0.0,0.0
2026-07-15,0.0,92.34179704923882,2026-07-15,0.0,92.34179704923882,0.0,0.0
2026-07-16,0.0,91.26223822318522,2026-07-16,0.0,91.26223822318522,0.0,0.0
2026-07-17,0.0,90.36403639522167,2026-07-17,0.0,90.36403639522167,0.0,0.0
2026-07-18,0.0,89.6463779238919,2026-07-18,0.0,89.6463779238919,0.0,0.0
2026-07-19,2547.386090313617,89.28784502192708,2026-07-19,2547.386090313617,89.28784502192708,0.0,0.0
2026-07-20,0.0,88.3923535871701,2026-07-20,0.0,88.3923535871701,0.0,0.0
2026-07-21,0.0,87.49806864789427,2026-07-21,0.0,87.49806864789427,0.0,0.0
2026-07-22,0.0,86.60497068323372,2026-07-22,0.0,86.60497068323372,0.0,0.0
2026-07-23,0.0,85.00036153909446,2026-07-23,0.0,85.00036153909446,0.0,0.0
2026-07-24,0.0,83.5771964221649,2026-07-24,0.0,83.5771964221649,0.0,0.0
