Date,Q_in_t (m3/day),Water_Level_t (m),Storage_S_t (m3),DeltaS_t (m3/day),%Full_t,Rain_obs_t (mm),API_t (mm),DOY,DOY_sin,DOY_cos,Q_lag1 (m3/day),Q_lag2 (m3/day),Q_lag3 (m3/day),Q_lag7 (m3/day),Q_lag14 (m3/day),Rain_obs_sum3 (mm),Rain_obs_sum7 (mm),Rain_obs_sum14 (mm),Q_mean_3d,Outflow_lag1 (m3/day),Spill_lag1 (m3/day),Outflow_lag2 (m3/day),Spill_lag2 (m3/day),Outflow_lag3 (m3/day),Spill_lag3 (m3/day),Rain_fcst_d1 (mm),Rain_fcst_d2 (mm),Rain_fcst_d3 (mm),Rain_fcst_sum1_3 (mm),Rain_fcst_max1_3 (mm),y1=Q_in_t+1 (m3/day),y2=Q_in_t+2 (m3/day),y3=Q_in_t+3 (m3/day)
7/1/2025,16137.62109,489.518,1616447.3,,0.994452993,0,0,182,0.008606997,-0.999962959,,,,,,,,,,,,,,,,13.673,6.699,4.328,24.7,13.673,18000.43032,16551.13555,21950.32228
7/2/2025,18000.43032,489.524,1619451.317,3004.017036,0.996301091,3.8,3.8,183,-0.008606997,-0.999962959,16137.62109,,,,,,,,,15019.2,0,,,,,6.699,4.328,10.32,21.347,10.32,16551.13555,21950.32228,22689.8276
7/3/2025,16551.13555,489.524,1619451.317,0,0.996301091,0,3.61,184,-0.02581844,-0.999666649,18000.43032,16137.62109,,,,,,,,15019.2,0,15019.2,0,,,4.328,10.32,4.29,18.938,10.32,21950.32228,22689.8276,41715.18892
7/4/2025,21950.32228,489.557,1628472.306,9020.988715,1.001850885,30.2,33.6295,185,-0.043022233,-0.999074115,16551.13555,18000.43032,16137.62109,,,34,,,18833.96272,15019.2,412.9411183,15019.2,0,15019.2,0,10.32,4.29,1.138,15.748,10.32,22689.8276,41715.18892,41682.05793
7/5/2025,22689.8276,489.557,1628472.306,0,1.001850885,0.4,32.348025,186,-0.060213277,-0.998185534,21950.32228,16551.13555,18000.43032,,,30.6,,,20397.09515,15019.2,5877.474565,15019.2,412.9411183,15019.2,0,4.29,1.138,13.004,18.432,13.004,41715.18892,41682.05793,38705.21174
7/6/2025,41715.18892,489.577,1634494.017,6021.710759,1.005555496,17.2,47.93062375,187,-0.077386479,-0.99700117,22689.8276,21950.32228,16551.13555,,,47.8,,,28785.11294,15019.2,6670.272323,15019.2,5877.474565,15019.2,412.9411183,1.138,13.004,9.394,23.536,13.004,41682.05793,38705.21174,33915.23481
7/7/2025,41682.05793,489.577,1634494.017,0,1.005555496,0,45.53409256,188,-0.09453675,-0.995521372,41715.18892,22689.8276,21950.32228,,,17.6,,,35362.35815,15019.2,24733.70373,15019.2,6670.272323,15019.2,5877.474565,13.004,9.394,1.67,24.068,13.004,38705.21174,33915.23481,16680.98583
7/8/2025,38705.21174,489.577,1634494.017,0,1.005555496,0,43.25738793,189,-0.111659007,-0.99374658,41682.05793,41715.18892,22689.8276,16137.62109,,17.2,51.6,,40700.81953,15019.2,25540.96499,15019.2,24733.70373,15019.2,6670.272323,9.394,1.67,10.659,21.723,10.659,33915.23481,16680.98583,9699.625829
7/9/2025,33915.23481,489.57,1634494.017,0,1.005555496,0,41.09451854,190,-0.128748177,-0.99167732,38705.21174,41682.05793,41715.18892,18000.43032,,0,47.8,,38100.83483,15019.2,22564.1188,15019.2,25540.96499,15019.2,24733.70373,1.67,10.659,20.48,32.809,20.48,16680.98583,9699.625829,20534.22295
7/10/2025,16680.98583,489.564,1631482.395,-3011.621339,1.003702719,8.6,47.63979261,191,-0.145799197,-0.989314204,33915.23481,38705.21174,41682.05793,16551.13555,,8.6,56.4,,29767.14413,15019.2,17774.14187,15019.2,22564.1188,15019.2,25540.96499,10.659,20.48,22.463,53.602,22.463,9699.625829,20534.22295,62384.33775
7/11/2025,9699.625829,489.544,1625463.759,-6018.636154,1,1.4,46.65780298,192,-0.162807013,-0.986657933,16680.98583,33915.23481,38705.21174,21950.32228,,10,27.6,,20098.61549,15019.2,6141.421958,15019.2,17774.14187,15019.2,22564.1188,20.48,22.463,18.722,61.665,22.463,20534.22295,62384.33775,48379.88481
7/12/2025,20534.22295,489.531,1622456.773,-3006.986117,0.998150075,5.2,49.52491283,193,-0.179766586,-0.983709294,9699.625829,16680.98583,33915.23481,22689.8276,,15.2,32.4,,15638.2782,15019.2,0,15019.2,6141.421958,15019.2,17774.14187,22.463,18.722,18.886,60.071,22.463,62384.33775,48379.88481,38218.91971
7/13/2025,62384.33775,489.589,1637507.22,15050.44684,1.007409246,31.6,78.64866719,194,-0.19667289,-0.98046916,20534.22295,9699.625829,16680.98583,41715.18892,,38.2,46.8,,30872.72884,15019.2,8965.672109,15019.2,0,15019.2,6141.421958,18.722,18.886,8.722,46.33,18.886,48379.88481,38218.91971,783908.4487
7/14/2025,48379.88481,489.583,1637507.22,0,1.007409246,0,74.71623383,195,-0.213520915,-0.976938493,62384.33775,20534.22295,9699.625829,41682.05793,,36.8,46.8,,43766.1485,15019.2,40716.28976,15019.2,8965.672109,15019.2,0,18.886,8.722,11.64,39.248,18.886,38218.91971,783908.4487,421045.5925
7/15/2025,38218.91971,489.57,1634494.017,-3013.203227,1.005555496,0,70.98042214,196,-0.23030567,-0.973118337,48379.88481,62384.33775,20534.22295,38705.21174,16137.62109,31.6,46.8,98.4,49661.04742,15019.2,32238.20763,15019.2,40716.28976,15019.2,8965.672109,8.722,11.64,14.796,35.158,14.796,783908.4487,421045.5925,247151.6044
7/16/2025,783908.4487,489.853,1719668.702,85174.68587,1.057955733,78.8,146.231401,197,-0.24702218,-0.969009826,38218.91971,48379.88481,62384.33775,33915.23481,18000.43032,78.8,125.6,173.4,290169.0844,15019.2,25091.02999,15019.2,32238.20763,15019.2,40716.28976,11.64,14.796,4.428,30.864,14.796,421045.5925,247151.6044,142706.7185
7/17/2025,421045.5925,489.763,1692113.662,-27555.04081,1.041003623,4.2,143.119831,198,-0.263665493,-0.964614176,783908.4487,38218.91971,48379.88481,16680.98583,16551.13555,83,121.2,177.6,414390.987,15019.2,706792.1572,15019.2,25091.02999,15019.2,32238.20763,14.796,4.428,6.208,25.432,14.796,247151.6044,142706.7185,99633.96165
7/18/2025,247151.6044,489.698,1670813.482,-21300.17918,1.02789956,4.2,140.1638394,199,-0.280230675,-0.95993269,421045.5925,783908.4487,38218.91971,9699.625829,21950.32228,87.2,124,151.6,484035.2152,15019.2,433726.346,15019.2,706792.1572,15019.2,25091.02999,4.428,6.208,33.034,43.67,33.034,142706.7185,99633.96165,81725.68946
7/19/2025,142706.7185,489.648,1655645.161,-15168.32093,1.018567872,0,133.1556475,200,-0.296712819,-0.954966755,247151.6044,421045.5925,783908.4487,20534.22295,22689.8276,8.4,118.8,151.2,270301.3051,15019.2,253577.0241,15019.2,433726.346,15019.2,706792.1572,6.208,33.034,3.545,42.787,33.034,99633.96165,81725.68946,54196.43451
7/20/2025,99633.96165,489.608,1643538.216,-12106.94498,1.01111957,0,126.4978651,201,-0.313107041,-0.949717843,142706.7185,247151.6044,421045.5925,62384.33775,41715.18892,4.2,87.2,134,163164.0948,15019.2,141727.3849,15019.2,253577.0241,15019.2,433726.346,33.034,3.545,12.694,49.273,33.034,81725.68946,54196.43451,1408228.32
7/21/2025,81725.68946,489.608,1643538.216,0,1.01111957,19.8,139.9729718,202,-0.329408482,-0.944187509,99633.96165,142706.7185,247151.6044,48379.88481,41682.05793,19.8,107,153.8,108022.1232,15019.2,95597.93339,15019.2,141727.3849,15019.2,253577.0241,3.545,12.694,6.008,22.247,12.694,54196.43451,1408228.32,1123235.031
7/22/2025,54196.43451,489.589,1637507.22,-6030.996747,1.007409246,0,132.9743232,203,-0.345612313,-0.938377392,81725.68946,99633.96165,142706.7185,38218.91971,38705.21174,19.8,107,153.8,78518.69521,15019.2,71557.16607,15019.2,95597.93339,15019.2,141727.3849,12.694,6.008,4.704,23.406,12.694,1408228.32,1123235.031,618651.2627
7/23/2025,1408228.32,489.801,1704320.268,66813.04827,1.048513237,58.6,184.9256071,204,-0.361713731,-0.932289213,54196.43451,81725.68946,99633.96165,783908.4487,33915.23481,78.4,86.8,212.4,514716.8148,15019.2,44085.75408,15019.2,71557.16607,15019.2,95597.93339,6.008,4.704,4.006,14.718,6.008,1123235.031,618651.2627,482554.306
7/24/2025,1123235.031,489.943,1747400.295,43080.02654,1.075016459,39.8,215.4793267,205,-0.377707965,-0.925924777,1408228.32,54196.43451,81725.68946,421045.5925,16680.98583,98.4,122.4,243.6,861886.5953,15019.2,1343213.8,15019.2,44085.75408,15019.2,71557.16607,4.704,4.006,21.497,30.207,21.497,618651.2627,482554.306,569451.1606
7/25/2025,618651.2627,489.82098,1710454.436,-36945.85821,1.052287033,8.8,213.5053604,206,-0.393590277,-0.91928597,1123235.031,1408228.32,54196.43451,247151.6044,9699.625829,107.2,127,251,1050038.205,15019.2,1076278.526,15019.2,1343213.8,15019.2,44085.75408,4.006,21.497,5.961,31.464,21.497,482554.306,569451.1606,1013858.928
7/26/2025,482554.306,489.769,1692113.662,-18340.77476,1.041003623,6,208.8300924,207,-0.409355959,-0.912374758,618651.2627,1123235.031,1408228.32,142706.7185,20534.22295,54.6,133,251.8,741480.2,15019.2,642135.5192,15019.2,1076278.526,15019.2,1343213.8,21.497,5.961,12.932,40.39,21.497,569451.1606,1013858.928,693172.309
7/27/2025,569451.1606,489.73,1682975.653,-9138.008809,1.035381837,0,198.3885878,208,-0.42500034,-0.90519319,482554.306,618651.2627,1123235.031,99633.96165,62384.33775,14.8,133,220.2,556885.5764,15019.2,486569.5012,15019.2,642135.5192,15019.2,1076278.526,5.961,12.932,28.989,47.882,28.989,1013858.928,693172.309,814190.4286
7/28/2025,1013858.928,489.911,1738141.517,55165.86375,1.069320375,50.4,238.8691584,209,-0.440518784,-0.897743394,569451.1606,482554.306,618651.2627,81725.68946,48379.88481,56.4,163.6,270.6,688621.4648,15019.2,562436.3415,15019.2,486569.5012,15019.2,642135.5192,12.932,28.989,15.487,57.408,28.989,693172.309,814190.4286,524269.6341
7/29/2025,693172.309,489.82,1710454.436,-27687.08018,1.052287033,0.4,227.3257004,210,-0.455906694,-0.890027576,1013858.928,569451.1606,482554.306,54196.43451,38218.91971,50.8,164,271,758827.4658,15019.2,958067.441,15019.2,562436.3415,15019.2,486569.5012,28.989,15.487,5.303,49.779,28.989,814190.4286,524269.6341,376758.4906
7/30/2025,814190.4286,489.86,1722743.388,12288.95174,1.059847307,24.8,240.7594154,211,-0.471159508,-0.882048025,693172.309,1013858.928,569451.1606,1408228.32,783908.4487,75.6,130.2,217,840407.2218,15019.2,704819.8444,15019.2,958067.441,15019.2,562436.3415,15.487,5.303,3.678,24.468,15.487,524269.6341,376758.4906,279414.6576
7/31/2025,524269.6341,489.789,1698213.643,-24529.74539,1.044756386,0.4,229.1214447,212,-0.486272707,-0.873807104,814190.4286,693172.309,1013858.928,1123235.031,421045.5925,25.6,90.8,213.2,677210.7906,15019.2,793364.0912,15019.2,704819.8444,15019.2,958067.441,5.303,3.678,9.634,18.615,9.634,376758.4906,279414.6576,177123.0132
8/1/2025,376758.4906,489.736,1682975.653,-15237.98993,1.035381837,1.6,219.2653724,213,-0.501241813,-0.865307254,524269.6341,814190.4286,693172.309,618651.2627,247151.6044,26.8,83.6,210.6,571739.5178,15019.2,532765.6346,15019.2,793364.0912,15019.2,704819.8444,3.678,9.634,12.491,25.803,12.491,279414.6576,177123.0132,95934.47833
8/2/2025,279414.6576,489.704,1673851.741,-9123.912071,1.029768724,0,208.3021038,214,-0.516062391,-0.856550996,376758.4906,524269.6341,814190.4286,482554.306,142706.7185,2,77.6,210.6,393480.9274,15019.2,376292.0788,15019.2,532765.6346,15019.2,793364.0912,9.634,12.491,6.674,28.799,12.491,177123.0132,95934.47833,32089.46844
8/3/2025,177123.0132,489.66,1661708.017,-12143.7239,1.022297795,0,197.8869986,215,-0.530730048,-0.847540923,279414.6576,376758.4906,524269.6341,569451.1606,99633.96165,1.6,77.6,210.6,277765.3871,15019.2,272348.9945,15019.2,376292.0788,15019.2,532765.6346,12.491,6.674,5.942,25.107,12.491,95934.47833,32089.46844,7940.225858
8/4/2025,95934.47833,489.62,1649588.472,-12119.54526,1.014841741,0,187.9926487,216,-0.545240439,-0.838279705,177123.0132,279414.6576,376758.4906,1013858.928,81725.68946,0,27.2,190.8,184157.383,15019.2,173079.5297,15019.2,272348.9945,15019.2,376292.0788,6.674,5.942,9.895,22.511,9.895,32089.46844,7940.225858,4150.658628
8/5/2025,32089.46844,489.583,1637507.22,-12081.2518,1.007409246,0,178.5930162,217,-0.559589262,-0.828770087,95934.47833,177123.0132,279414.6576,693172.309,54196.43451,0,26.8,190.8,101715.6533,15019.2,91869.17312,15019.2,173079.5297,15019.2,272348.9945,5.942,9.895,4.479,20.316,9.895,7940.225858,4150.658628,6751.385426
8/6/2025,7940.225858,489.551,1628472.306,-9034.913986,1.001850885,2,171.6633654,218,-0.573772268,-0.819014887,32089.46844,95934.47833,177123.0132,814190.4286,1408228.32,2,4,134.2,45321.39088,15019.2,27990.86314,15019.2,91869.17312,15019.2,173079.5297,9.895,4.479,30.932,45.306,30.932,4150.658628,6751.385426,6105.144154
8/7/2025,4150.658628,489.517,1616447.3,-12025.00575,0.994452993,0,163.0801972,219,-0.587785252,-0.809016994,7940.225858,32089.46844,95934.47833,524269.6341,1123235.031,2,3.6,94.4,14726.78431,15019.2,1398.950652,15019.2,27990.86314,15019.2,91869.17312,4.479,30.932,6.689,42.1,30.932,6751.385426,6105.144154,7134.920614
8/8/2025,6751.385426,489.486,1607444.593,-9002.706971,0.988914446,1.4,156.3261873,220,-0.601624063,-0.798779373,4150.658628,7940.225858,32089.46844,376758.4906,618651.2627,3.4,3.4,87,6280.756637,15019.2,0,15019.2,1398.950652,15019.2,27990.86314,30.932,6.689,6.097,43.718,30.932,6105.144154,7134.920614,4248.592377
8/9/2025,6105.144154,489.454,1598455.472,-8989.120596,0.983384258,3.6,152.1098779,221,-0.6152846,-0.788305056,6751.385426,4150.658628,7940.225858,279414.6576,482554.306,5,7,84.6,5669.062736,15019.2,0,15019.2,0,15019.2,1398.950652,6.689,6.097,3.68,16.466,6.689,7134.920614,4248.592377,13195.05483
8/10/2025,7134.920614,489.421,1589479.778,-8975.69463,0.977862329,0.2,144.704384,222,-0.628762815,-0.777597147,6105.144154,6751.385426,4150.658628,177123.0132,569451.1606,5.2,7.2,84.8,6663.816731,15019.2,0,15019.2,0,15019.2,0,6.097,3.68,8.399,18.176,8.399,4248.592377,13195.05483,58290.83119
8/11/2025,4248.592377,489.383,1577566.835,-11912.9429,0.970533379,0,137.4691648,223,-0.642054713,-0.766658819,7134.920614,6105.144154,6751.385426,95934.47833,1013858.928,3.8,7.2,34.4,5829.552381,15019.2,0,15019.2,0,15019.2,0,3.68,8.399,10.892,22.971,10.892,13195.05483,58290.83119,98994.80942
8/12/2025,13195.05483,489.371,1574601.027,-2965.808009,0.968708787,0,130.5957066,224,-0.655156357,-0.755493314,4248.592377,7134.920614,6105.144154,32089.46844,693172.309,0.2,7.2,34,8192.855941,15019.2,0,15019.2,0,15019.2,0,8.399,10.892,14.71,34.001,14.71,58290.83119,98994.80942,124187.953
8/13/2025,58290.83119,489.492,1610444.017,35842.99045,0.990759719,27,151.0659213,225,-0.668063864,-0.74410394,13195.05483,4248.592377,7134.920614,7940.225858,814190.4286,27,32.2,36.2,25244.82613,15019.2,0,15019.2,0,15019.2,0,10.892,14.71,5.776,31.378,14.71,98994.80942,124187.953,677549.2295
8/14/2025,98994.80942,489.602,1643538.216,33094.19914,1.01111957,11.6,155.1126252,226,-0.680773409,-0.732494072,58290.83119,13195.05483,4248.592377,4150.658628,524269.6341,38.6,43.8,47.4,56826.89848,15019.2,14373.71314,15019.2,0,15019.2,0,14.71,5.776,3.829,24.315,14.71,124187.953,677549.2295,986564.2205
8/15/2025,124187.953,489.577,1634494.017,-9044.199974,1.005555496,4,151.3569939,227,-0.693281227,-0.72066715,98994.80942,58290.83119,13195.05483,6751.385426,376758.4906,42.6,46.4,49.8,93824.53121,15019.2,53219.59615,15019.2,14373.71314,15019.2,0,5.776,3.829,11.381,20.986,11.381,677549.2295,986564.2205,659131.977
8/16/2025,677549.2295,489.692,1670813.482,36319.46588,1.02789956,32.2,175.9891442,228,-0.70558361,-0.708626678,124187.953,98994.80942,58290.83119,6105.144154,279414.6576,47.8,75,82,300243.9973,15019.2,118257.8576,15019.2,53219.59615,15019.2,14373.71314,3.829,11.381,5.992,21.202,11.381,986564.2205,659131.977,412548.0322
8/17/2025,986564.2205,489.88,1728897.661,58084.17909,1.063633472,47.2,214.389687,229,-0.717676914,-0.696376226,677549.2295,124187.953,98994.80942,7134.920614,177123.0132,83.4,122,129.2,596100.4677,15019.2,634821.4648,15019.2,118257.8576,15019.2,53219.59615,11.381,5.992,17.663,35.036,17.663,659131.977,412548.0322,273036.4445
8/18/2025,659131.977,489.833,1713524.234,-15373.42774,1.0541756,10.6,214.2702027,230,-0.729557554,-0.683919422,986564.2205,677549.2295,124187.953,4248.592377,95934.47833,90,132.6,139.8,774415.1423,15019.2,926807.1451,15019.2,634821.4648,15019.2,118257.8576,5.992,17.663,4.531,28.186,17.663,412548.0322,273036.4445,180929.541
8/19/2025,412548.0322,489.757,1689066.069,-24458.16461,1.039128716,0,203.5566925,231,-0.741222011,-0.671259958,659131.977,986564.2205,677549.2295,13195.05483,32089.46844,57.8,132.6,139.8,686081.4099,15019.2,661558.4611,15019.2,926807.1451,15019.2,634821.4648,17.663,4.531,6.98,29.174,17.663,273036.4445,180929.541,166176.7554
8/20/2025,273036.4445,489.705,1673851.741,-15214.32843,1.029768724,0.8,194.1788579,232,-0.752666828,-0.658401585,412548.0322,659131.977,986564.2205,58290.83119,7940.225858,11.4,106.4,138.6,448238.8179,15019.2,420813.5908,15019.2,661558.4611,15019.2,926807.1451,4.531,6.98,8.312,19.823,8.312,180929.541,166176.7554,178085.3012
8/21/2025,180929.541,489.666,1661708.017,-12143.7239,1.022297795,0,184.469915,233,-0.763888613,-0.645348113,273036.4445,412548.0322,659131.977,98994.80942,4150.658628,0.8,94.8,138.6,288838.0059,15019.2,272304.3187,15019.2,420813.5908,15019.2,661558.4611,6.98,8.312,15.516,30.808,15.516,166176.7554,178085.3012,337514.6083
8/22/2025,166176.7554,489.654,1658675.796,-3032.220649,1.020432346,15.2,190.4464193,234,-0.774884041,-0.632103411,180929.541,273036.4445,412548.0322,124187.953,6751.385426,16,106,152.4,206714.247,15019.2,176886.0575,15019.2,272304.3187,15019.2,420813.5908,8.312,15.516,12.992,36.82,15.516,178085.3012,337514.6083,215817.9634
8/23/2025,178085.3012,489.634,1652616.006,-6059.790062,1.016704308,13.4,194.3240983,235,-0.785649855,-0.618671403,166176.7554,180929.541,273036.4445,677549.2295,6105.144154,28.6,87.2,162.2,175063.8659,15019.2,157630.1244,15019.2,176886.0575,15019.2,272304.3187,15.516,12.992,28.321,56.829,28.321,337514.6083,215817.9634,237530.4862
8/24/2025,337514.6083,489.705,1673851.741,21235.73461,1.029768724,7.2,191.8078934,236,-0.796182864,-0.60505607,178085.3012,166176.7554,180929.541,986564.2205,7134.920614,35.8,47.2,169.2,227258.8883,15019.2,172017.7188,15019.2,157630.1244,15019.2,176886.0575,12.992,28.321,7.79,49.103,28.321,215817.9634,237530.4862,933148.8432
8/25/2025,215817.9634,489.686,1667776.83,-6074.910805,1.026031384,14,196.2174987,237,-0.806479946,-0.591261445,337514.6083,178085.3012,166176.7554,659131.977,4248.592377,34.6,50.6,183.2,243805.9576,15019.2,302277.3864,15019.2,172017.7188,15019.2,157630.1244,28.321,7.79,8.471,44.582,28.321,237530.4862,933148.8432,682947.4931
8/26/2025,237530.4862,489.648,1655645.161,-12131.66843,1.018567872,12.8,199.2066238,238,-0.816538051,-0.577291617,215817.9634,337514.6083,178085.3012,412548.0322,13195.05483,34,63.4,196,263621.0193,15019.2,209954.825,15019.2,302277.3864,15019.2,172017.7188,7.79,8.471,3.204,19.465,8.471,933148.8432,682947.4931,457141.1066
8/27/2025,933148.8432,489.872,1725819.694,70174.53236,1.061739878,36.4,225.6462926,239,-0.826354199,-0.563150724,237530.4862,215817.9634,337514.6083,273036.4445,58290.83119,63.2,99,205.4,462165.7643,15019.2,237354.4223,15019.2,209954.825,15019.2,302277.3864,8.471,3.204,6.0037,17.6787,8.471,682947.4931,457141.1066,337714.7611
8/28/2025,682947.4931,489.839,1713524.234,-12295.46009,1.0541756,23,237.363978,240,-0.835925479,-0.548842958,933148.8432,237530.4862,215817.9634,180929.541,98994.80942,72.2,122,216.8,617875.6075,15019.2,857970.9403,15019.2,237354.4223,15019.2,209954.825,3.204,6.0037,4.545,13.7527,6.0037,457141.1066,337714.7611,299004.8063
8/29/2025,457141.1066,489.77,1695162.852,-18361.38177,1.042879512,0,225.4957791,241,-0.845249057,-0.534372558,682947.4931,933148.8432,237530.4862,166176.7554,124187.953,59.4,106.8,212.8,691079.1476,15019.2,686103.6132,15019.2,857970.9403,15019.2,237354.4223,6.0037,4.545,3.915,14.4637,6.0037,337714.7611,299004.8063,237129.5711
8/30/2025,337714.7611,489.717,1676891.46,-18271.39194,1.031638787,0,214.2209901,242,-0.85432217,-0.519743812,457141.1066,682947.4931,933148.8432,178085.3012,677549.2295,23,93.4,180.6,492601.1203,15019.2,459308.6481,15019.2,686103.6132,15019.2,857970.9403,4.545,3.915,7.017,15.477,7.017,299004.8063,237129.5711,196072.6409
8/31/2025,299004.8063,489.705,1673851.741,-3039.719337,1.029768724,13.4,216.9099406,243,-0.863142128,-0.504961055,337714.7611,457141.1066,682947.4931,337514.6083,986564.2205,13.4,99.6,146.8,364620.2247,15019.2,339795.9782,15019.2,459308.6481,15019.2,686103.6132,3.915,7.017,2.229,13.161,7.017,237129.5711,196072.6409,192464.8148
9/1/2025,237129.5711,489.68,1667776.83,-6074.910805,1.026031384,3.8,209.8644436,244,-0.871706319,-0.490028666,299004.8063,337714.7611,457141.1066,215817.9634,659131.977,17.2,89.4,140,291283.0462,15019.2,289927.2251,15019.2,339795.9782,15019.2,459308.6481,7.017,2.229,3.977,13.223,7.017,196072.6409,192464.8148,128748.9169
9/2/2025,196072.6409,489.661,1661708.017,-6068.813094,1.022297795,1.4,200.7712214,245,-0.880012204,-0.474951072,237129.5711,299004.8063,337714.7611,237530.4862,412548.0322,18.6,78,141.4,244069.0061,15019.2,228179.2309,15019.2,289927.2251,15019.2,339795.9782,2.229,3.977,19.173,25.379,19.173,192464.8148,128748.9169,78859.64974
9/3/2025,192464.8148,489.661,1661708.017,0,1.022297795,3.2,193.9326603,246,-0.888057323,-0.459732739,196072.6409,237129.5711,299004.8063,933148.8432,273036.4445,8.4,44.8,143.8,208555.6756,15019.2,186388.3193,15019.2,228179.2309,15019.2,289927.2251,3.977,19.173,20.103,43.253,20.103,128748.9169,78859.64974,44276.17695
9/4/2025,128748.9169,489.63998,1652616.006,-9092.010711,1.016704308,0,184.2360273,247,-0.895839291,-0.444378178,192464.8148,196072.6409,237129.5711,682947.4931,180929.541,4.6,21.8,143.8,172428.7908,15019.2,177257.6077,15019.2,186388.3193,15019.2,228179.2309,19.173,20.103,2.849,42.125,20.103,78859.64974,44276.17695,21265.00447
9/5/2025,78859.64974,489.608,1643538.216,-9077.789598,1.01111957,0,175.0242259,248,-0.903355802,-0.428891938,128748.9169,192464.8148,196072.6409,457141.1066,166176.7554,3.2,21.8,128.6,133357.7938,15019.2,121664.9271,15019.2,177257.6077,15019.2,186388.3193,20.103,2.849,9.747,32.699,20.103,44276.17695,21265.00447,9147.605904
9/6/2025,44276.17695,489.589,1637507.22,-6030.996747,1.007409246,0,166.2730147,249,-0.91060463,-0.413278608,78859.64974,128748.9169,192464.8148,337714.7611,178085.3012,0,21.8,115.2,83961.58119,15019.2,71765.65643,15019.2,121664.9271,15019.2,177257.6077,2.849,9.747,6.541,19.137,9.747,21265.00447,9147.605904,7149.835816
9/7/2025,21265.00447,489.564,1631482.395,-6024.824566,1.003702719,0,157.9593639,250,-0.917583626,-0.397542814,44276.17695,78859.64974,128748.9169,299004.8063,337514.6083,0,8.4,108,48133.61039,15019.2,34136.71979,15019.2,71765.65643,15019.2,121664.9271,9.747,6.541,38.929,55.217,38.929,9147.605904,7149.835816,7161.837657
9/8/2025,9147.605904,489.544,1625463.759,-6018.636154,1,4.4,154.4613957,251,-0.924290722,-0.38168922,21265.00447,44276.17695,78859.64974,237129.5711,215817.9634,4.4,9,98.4,24896.26244,15019.2,11120.57297,15019.2,34136.71979,15019.2,71765.65643,6.541,38.929,13.03,58.5,38.929,7149.835816,7161.837657,11367.8161
9/9/2025,7149.835816,489.518,1616447.3,-9016.459017,0.994452993,0,146.7383259,252,-0.930723931,-0.365722523,9147.605904,21265.00447,44276.17695,196072.6409,237530.4862,4.4,7.6,85.6,12520.8154,15019.2,321.5882855,15019.2,11120.57297,15019.2,34136.71979,38.929,13.03,15.541,67.5,38.929,7161.837657,11367.8161,7177.536098
9/10/2025,7161.837657,489.486,1607444.593,-9002.706971,0.988914446,0,139.4014096,253,-0.936881346,-0.349647455,7149.835816,9147.605904,21265.00447,192464.8148,933148.8432,4.4,4.4,49.2,7819.759792,15019.2,0,15019.2,321.5882855,15019.2,11120.57297,13.03,15.541,3.63,32.201,15.541,11367.8161,7177.536098,4201.392511
9/11/2025,11367.8161,489.474,1604446.719,-2997.874472,0.987070127,6,138.4313392,254,-0.942761143,-0.333468779,7161.837657,7149.835816,9147.605904,128748.9169,682947.4931,6,10.4,32.2,8559.829857,15019.2,0,15019.2,0,15019.2,321.5882855,15.541,3.63,1.368,20.539,15.541,7177.536098,4201.392511,7248.724281
9/12/2025,7177.536098,489.448,1595462.016,-8984.702263,0.981542657,0,131.5097722,255,-0.94836158,-0.317191289,11367.8161,7161.837657,7149.835816,78859.64974,457141.1066,6,10.4,32.2,8569.063285,15019.2,0,15019.2,0,15019.2,0,3.63,1.368,2.595,7.593,3.63,4201.392511,7248.724281,5663.274859
9/13/2025,4201.392511,489.409,1583503.915,-11958.10092,0.974185925,0,124.9342836,256,-0.953680997,-0.300819808,7177.536098,11367.8161,7161.837657,44276.17695,337714.7611,6,10.4,32.2,7582.248236,15019.2,0,15019.2,0,15019.2,0,1.368,2.595,8.984,12.947,8.984,7248.724281,5663.274859,11472.30957
9/14/2025,7248.724281,489.372,1574601.027,-8902.888478,0.968708787,0,118.6875694,257,-0.958717817,-0.284359187,4201.392511,7177.536098,11367.8161,21265.00447,299004.8063,0,10.4,18.8,6209.21763,15019.2,0,15019.2,0,15019.2,0,2.595,8.984,5.753,17.332,8.984,5663.274859,11472.30957,13190.01488
9/15/2025,5663.274859,489.359,1568674.678,-5926.349156,0.965062844,15.4,128.1531909,258,-0.963470549,-0.267814305,7248.724281,4201.392511,7177.536098,9147.605904,237129.5711,15.4,21.4,30.4,5704.463884,15019.2,0,15019.2,0,15019.2,0,8.984,5.753,0.132,14.869,8.984,11472.30957,13190.01488,1374.860905
9/16/2025,11472.30957,489.343,1565714.016,-2960.661418,0.963241418,5.8,127.5455314,259,-0.967937783,-0.251190064,5663.274859,7248.724281,4201.392511,7149.835816,196072.6409,21.2,27.2,34.8,8128.102902,15019.2,0,15019.2,0,15019.2,0,5.753,0.132,0.035,5.92,5.753,13190.01488,1374.860905,2823.602858
9/17/2025,13190.01488,489.337,1562754.998,-2959.018665,0.961421003,0,121.1682548,260,-0.972118197,-0.23449139,11472.30957,5663.274859,7248.724281,7161.837657,192464.8148,21.2,27.2,31.6,10108.5331,15019.2,0,15019.2,0,15019.2,0,0.132,0.035,1.547,1.714,1.547,1374.860905,2823.602858,970.0865244
9/18/2025,1374.860905,489.284,1547983.877,-14771.12093,0.952333676,0,115.1098421,261,-0.976010551,-0.21772323,13190.01488,11472.30957,5663.274859,11367.8161,128748.9169,5.8,21.2,31.6,8679.061784,15019.2,0,15019.2,0,15019.2,0,0.035,1.547,8.423,10.005,8.423,2823.602858,970.0865244,8280.187683
9/19/2025,2823.602858,489.246,1536194.835,-11789.04161,0.945080951,5.2,114.55435,262,-0.979613692,-0.200890555,1374.860905,13190.01488,11472.30957,7177.536098,78859.64974,5.2,26.4,36.8,5796.159548,15019.2,0,15019.2,0,15019.2,0,1.547,8.423,2.535,12.505,8.423,970.0865244,8280.187683,3890.809136
9/20/2025,970.0865244,489.198,1521494.767,-14700.0682,0.936037336,1.6,110.4266325,263,-0.982926552,-0.183998352,2823.602858,1374.860905,13190.01488,4201.392511,44276.17695,6.8,28,38.4,1722.850096,15019.2,0,15019.2,0,15019.2,0,8.423,2.535,1.033,11.991,8.423,8280.187683,3890.809136,1038.320391
9/21/2025,8280.187683,489.173,1515629.657,-5865.110318,0.932429067,6.8,111.7053009,264,-0.98594815,-0.167051626,970.0865244,2823.602858,1374.860905,7248.724281,21265.00447,13.6,34.8,45.2,4024.625689,15019.2,0,15019.2,0,15019.2,0,2.535,1.033,3.499,7.067,3.499,3890.809136,1038.320391,1525.763429
9/22/2025,3890.809136,489.135,1503910.109,-11719.54715,0.925219096,1.8,107.9200358,265,-0.98867759,-0.150055398,8280.187683,970.0865244,2823.602858,5663.274859,9147.605904,10.2,21.2,42.6,4380.361114,15019.2,0,15019.2,0,15019.2,0,1.033,3.499,0.822,5.354,3.499,1038.320391,1525.763429,13797.65369
9/23/2025,1038.320391,489.089,1489280.506,-14629.60363,0.916218831,1.6,104.124034,266,-0.991114064,-0.133014707,3890.809136,8280.187683,970.0865244,11472.30957,7149.835816,10.2,17,44.2,4403.105737,15019.2,0,15019.2,0,15019.2,0,3.499,0.822,10.321,14.642,10.321,1525.763429,13797.65369,7375.965754
9/24/2025,1525.763429,489.03198,1474672.181,-14608.32447,0.907231658,0,98.91783232,267,-0.993256849,-0.1159346,1038.320391,3890.809136,8280.187683,13190.01488,7161.837657,3.4,17,44.2,2151.630985,15019.2,0,15019.2,0,15019.2,0,0.822,10.321,2.36,13.503,10.321,13797.65369,7375.965754,7382.317162
9/25/2025,13797.65369,489.044,1477592.142,2919.960693,0.909028044,18,111.9719407,268,-0.995105311,-0.098820139,1525.763429,1038.320391,3890.809136,1374.860905,11367.8161,19.6,35,56.2,5453.912502,15019.2,0,15019.2,0,15019.2,0,10.321,2.36,3.785,16.466,10.321,7375.965754,7382.317162,7097.322893
9/26/2025,7375.965754,489.018,1468834.663,-8757.479247,0.903640364,0,106.3733437,269,-0.996658902,-0.081676395,13797.65369,1525.763429,1038.320391,2823.602858,7177.536098,18,29.8,56.2,7566.460957,15019.2,0,15019.2,0,15019.2,0,2.36,3.785,0.389,6.534,3.785,7382.317162,7097.322893,4484.044161
9/27/2025,7382.317162,488.986,1460084.487,-8750.176009,0.898257177,0,101.0546765,270,-0.997917161,-0.064508449,7375.965754,13797.65369,1525.763429,970.0865244,4201.392511,18,28.2,56.2,9518.645534,15019.2,0,15019.2,0,15019.2,0,3.785,0.389,0,4.174,3.785,7097.322893,4484.044161,5657.864205
9/28/2025,7097.322893,488.956,1451341.562,-8742.924742,0.89287845,1,97.00194266,271,-0.998879716,-0.047321388,7382.317162,7375.965754,13797.65369,8280.187683,7248.724281,1,22.4,57.2,7285.201936,15019.2,0,15019.2,0,15019.2,0,0.389,0,3.258,3.647,3.258,4484.044161,5657.864205,15817.94021
9/29/2025,4484.044161,488.91,1439695.282,-11646.28009,0.885713553,0,92.15184553,272,-0.999546281,-0.030120305,7097.322893,7382.317162,7375.965754,3890.809136,5663.274859,1,20.6,41.8,6321.228072,15019.2,0,15019.2,0,15019.2,0,0,3.258,4.506,7.764,4.506,5657.864205,15817.94021,6919.141348
9/30/2025,5657.864205,488.892,1433876.883,-5818.398939,0.882134022,16,103.5442533,273,-0.999916659,-0.012910296,4484.044161,7097.322893,7382.317162,1038.320391,11472.30957,17,35,52,5746.41042,15019.2,0,15019.2,0,15019.2,0,3.258,4.506,7.763,15.527,7.763,15817.94021,6919.141348,13143.43728
10/1/2025,15817.94021,488.904,1436785.673,2908.790296,0.883923536,10.8,109.1670406,274,-0.99999074,0.004303538,5657.864205,4484.044161,7097.322893,1525.763429,13190.01488,26.8,45.8,62.8,8653.282858,15019.2,0,15019.2,0,15019.2,0,4.506,7.763,6.788,19.057,7.763,6919.141348,13143.43728,9657.860847
10/2/2025,6919.141348,488.879,1428061.56,-8724.11345,0.878556382,1.4,105.1086886,275,-0.999768502,0.021516097,15817.94021,5657.864205,4484.044161,13797.65369,1374.860905,28.2,29.2,64.2,9464.98192,15019.2,0,15019.2,0,15019.2,0,7.763,6.788,8.634,23.185,8.634,13143.43728,9657.860847,9370.36047
10/3/2025,13143.43728,488.866,1425155.067,-2906.492944,0.876768282,0,99.85325413,276,-0.999250011,0.038722281,6919.141348,15817.94021,5657.864205,7375.965754,2823.602858,12.2,29.2,59,11960.17295,15019.2,0,15019.2,0,15019.2,0,6.788,8.634,2.278,17.7,8.634,9657.860847,9370.36047,4441.719105
10/4/2025,9657.860847,488.848,1419344.468,-5810.598949,0.873193549,2,96.86059143,277,-0.998435421,0.05591699,13143.43728,6919.141348,15817.94021,7382.317162,970.0865244,3.4,31.2,59.4,9906.81316,15019.2,0,15019.2,0,15019.2,0,8.634,2.278,1.211,12.123,8.634,9370.36047,4441.719105,4452.956377
10/5/2025,9370.36047,488.82098,1413536.922,-5807.545677,0.869620694,3,95.01756185,278,-0.997324973,0.07309513,9657.860847,13143.43728,6919.141348,7097.322893,8280.187683,5,33.2,55.6,10723.8862,15019.2,0,15019.2,0,15019.2,0,2.278,1.211,7.19,10.679,7.19,4441.719105,4452.956377,17843.03491
10/6/2025,4441.719105,488.789,1401930.958,-11605.96469,0.8624806,0,90.26668376,279,-0.995918996,0.09025161,9370.36047,9657.860847,13143.43728,4484.044161,3890.809136,5,33.2,53.8,7823.313474,15019.2,0,15019.2,0,15019.2,0,1.211,7.19,0.819,9.22,7.19,4452.956377,17843.03491,62279.20595
10/7/2025,4452.956377,488.745,1390337.34,-11593.61774,0.855348101,0,85.75334957,280,-0.994217907,0.107381347,4441.719105,9370.36047,9657.860847,5657.864205,1038.320391,3,17.2,52.2,6088.345317,15019.2,0,15019.2,0,15019.2,0,7.19,0.819,2.386,10.395,7.19,17843.03491,62279.20595,24086.84776
10/8/2025,17843.03491,488.75198,1393234.632,2897.291744,0.857130541,3.8,85.26568209,281,-0.992222209,0.124479264,4452.956377,4441.719105,9370.36047,15817.94021,1525.763429,3.8,10.2,56,8912.570132,15019.2,0,15019.2,0,15019.2,0,0.819,2.386,1.184,4.389,2.386,62279.20595,24086.84776,13139.92677
10/9/2025,62279.20595,488.91,1439695.282,46460.65034,0.885713553,0.8,81.80239799,282,-0.989932495,0.141540295,17843.03491,4452.956377,4441.719105,6919.141348,13797.65369,4.6,9.6,38.8,28191.73241,15019.2,0,15019.2,0,15019.2,0,2.386,1.184,11.846,15.416,11.846,24086.84776,13139.92677,10229.76092
10/10/2025,24086.84776,488.943,1448428.874,8733.591912,0.891086538,2.4,80.11227809,283,-0.987349442,0.158559385,62279.20595,17843.03491,4452.956377,13143.43728,7375.965754,7,12,41.2,34736.36287,15019.2,0,15019.2,0,15019.2,0,1.184,11.846,5.167,18.197,11.846,13139.92677,10229.76092,10232.38318
10/11/2025,13139.92677,488.936,1445516.874,-2911.999786,0.88929505,0,76.10666419,284,-0.984473817,0.17553149,24086.84776,62279.20595,17843.03491,9657.860847,7382.317162,3.2,10,41.2,33168.66016,15019.2,0,15019.2,0,15019.2,0,11.846,5.167,0.607,17.62,11.846,10229.76092,10232.38318,9595.383744
10/12/2025,10229.76092,488.917,1439695.282,-5821.592126,0.885713553,0,72.30133098,285,-0.98130647,0.192451582,13139.92677,24086.84776,62279.20595,9370.36047,7097.322893,2.4,7,40.2,15818.84515,15019.2,0,15019.2,0,15019.2,0,5.167,0.607,0.8,6.574,5.167,10232.38318,9595.383744,41838.35377
10/13/2025,10232.38318,488.891,1433876.883,-5818.398939,0.882134022,0,68.68626443,286,-0.977848342,0.209314646,10229.76092,13139.92677,24086.84776,4441.719105,4484.044161,0,7,40.2,11200.69029,15019.2,0,15019.2,0,15019.2,0,0.607,0.8,0.0007,1.4077,0.8,9595.383744,41838.35377,42136.96355
10/14/2025,9595.383744,488.872,1428061.56,-5815.323153,0.878556382,2.2,67.45195121,287,-0.974100455,0.226115686,10232.38318,10229.76092,13139.92677,4452.956377,5657.864205,2.2,9.2,26.4,10019.17595,15019.2,0,15019.2,0,15019.2,0,0.8,0.0007,0,0.8007,0.8,41838.35377,42136.96355,73149.23138
10/15/2025,41838.35377,488.961,1454255.069,26193.50932,0.894670866,1.4,65.47935365,288,-0.970063922,0.242849722,9595.383744,10232.38318,10229.76092,17843.03491,15817.94021,3.6,6.8,17,20555.37357,15019.2,0,15019.2,0,15019.2,0,0.0007,0,0,0.0007,0.0007,42136.96355,73149.23138,57575.84832
10/16/2025,42136.96355,489.07,1486357.156,32102.08687,0.91442036,20.6,82.80538596,289,-0.965739938,0.259511797,41838.35377,9595.383744,10232.38318,62279.20595,6919.141348,24.2,26.6,36.2,31190.23369,15019.2,0,15019.2,0,15019.2,0,0,0,0.024,0.024,0.024,73149.23138,57575.84832,59597.44767
10/17/2025,73149.23138,489.285,1547983.877,61626.72069,0.952333676,15.4,94.06511667,290,-0.961129784,0.276096973,42136.96355,41838.35377,9595.383744,24086.84776,13143.43728,37.4,39.6,51.6,52374.84956,15019.2,0,15019.2,0,15019.2,0,0,0.024,0,0.024,0.024,57575.84832,59597.44767,160128.781
10/18/2025,57575.84832,489.424,1589479.778,41495.90108,0.977862329,0,89.36186083,291,-0.956234827,0.292600336,73149.23138,42136.96355,41838.35377,13139.92677,9657.860847,36,39.6,49.6,57620.68108,15019.2,0,15019.2,0,15019.2,0,0.024,0,0,0.024,0.024,59597.44767,160128.781,224197.73
10/19/2025,59597.44767,489.52798,1619451.317,29971.53923,0.996301091,0,84.89376779,292,-0.951056516,0.309016994,57575.84832,73149.23138,42136.96355,10229.76092,9370.36047,15.4,39.6,46.6,63440.84245,15019.2,0,15019.2,0,15019.2,0,0,0,0,0,0,160128.781,224197.73,225138.1884
10/20/2025,160128.781,489.618,1646562.479,27111.1615,1.012980123,5.2,85.8490794,293,-0.945596387,0.325342085,59597.44767,57575.84832,73149.23138,10232.38318,4441.719105,5.2,44.8,51.8,92434.02568,15019.2,13540.56742,15019.2,0,15019.2,0,0,0,0,0,0,224197.73,225138.1884,173020.9705
10/21/2025,224197.73,489.65698,1658675.796,12113.31761,1.020432346,0,81.55662543,294,-0.939856058,0.341570769,160128.781,59597.44767,57575.84832,9595.383744,4452.956377,5.2,42.6,51.8,147974.6529,15019.2,118498.0731,15019.2,13540.56742,15019.2,0,0,0,0,0,0,225138.1884,173020.9705,130773.2731
10/22/2025,225138.1884,489.671,1664741.673,6065.876418,1.024164128,0,77.47879416,295,-0.933837229,0.357698239,224197.73,160128.781,59597.44767,41838.35377,17843.03491,5.2,41.2,48,203154.8998,15019.2,195989.5156,15019.2,118498.0731,15019.2,13540.56742,0,0,0,0,0,173020.9705,130773.2731,77792.34878
10/23/2025,173020.9705,489.65698,1658675.796,-6065.876418,1.020432346,0,73.60485445,296,-0.927541684,0.373719715,225138.1884,224197.73,160128.781,42136.96355,62279.20595,0,20.6,47.2,207452.2963,15019.2,202976.3337,15019.2,195989.5156,15019.2,118498.0731,0,0,0.035,0.035,0.035,130773.2731,77792.34878,44784.932
10/24/2025,130773.2731,489.638,1652616.006,-6059.790062,1.016704308,0,69.92461173,297,-0.920971288,0.38963045,173020.9705,225138.1884,224197.73,73149.23138,24086.84776,0,5.2,44.8,176310.8107,15019.2,162991.9501,15019.2,202976.3337,15019.2,195989.5156,0,0.035,1.166,1.201,1.166,77792.34878,44784.932,18567.95747
10/25/2025,77792.34878,489.606,1643538.216,-9077.789598,1.01111957,0,66.42838114,298,-0.914127988,0.405425728,130773.2731,173020.9705,225138.1884,57575.84832,13139.92677,0,5.2,44.8,127195.5308,15019.2,120739.2483,15019.2,162991.9501,15019.2,202976.3337,0.035,1.166,0.569,1.77,1.166,44784.932,18567.95747,10123.89859
10/26/2025,44784.932,489.587,1637507.22,-6030.996747,1.007409246,0,63.10696209,299,-0.907013813,0.421100871,77792.34878,130773.2731,173020.9705,59597.44767,10229.76092,0,5.2,44.8,84450.18462,15019.2,70780.24216,15019.2,120739.2483,15019.2,162991.9501,1.166,0.569,0.044,1.779,1.166,18567.95747,10123.89859,10072.89904
10/27/2025,18567.95747,489.561,1631482.395,-6024.824566,1.003702719,0,59.95161398,300,-0.89963087,0.436651232,44784.932,77792.34878,130773.2731,160128.781,10232.38318,0,0,44.8,47048.41275,15019.2,34727.26789,15019.2,70780.24216,15019.2,120739.2483,0.569,0.044,0.009,0.622,0.569,10123.89859,10072.89904,10077.86517
10/28/2025,10123.89859,489.542,1625463.759,-6018.636154,1,0,56.95403328,301,-0.891981346,0.452072204,18567.95747,44784.932,77792.34878,224197.73,9595.383744,0,0,42.6,24492.26269,15019.2,8505.234702,15019.2,34727.26789,15019.2,70780.24216,0.044,0.009,0.211,0.264,0.211,10072.89904,10077.86517,10082.82849
10/29/2025,10072.89904,489.521,1619451.317,-6012.441982,0.996301091,0,54.10633162,302,-0.88406751,0.467359217,10123.89859,18567.95747,44784.932,225138.1884,41838.35377,0,0,41.2,12921.58503,15019.2,56.09473761,15019.2,8505.234702,15019.2,34727.26789,0.009,0.211,0.848,1.068,0.848,10077.86517,10082.82849,8473.811984
10/30/2025,10077.86517,489.50198,1613444.932,-6006.38509,0.992605909,0,51.40101504,303,-0.875891705,0.482507742,10072.89904,10123.89859,18567.95747,173020.9705,42136.96355,0,0,20.6,10091.55426,15019.2,0,15019.2,56.09473761,15019.2,8505.234702,0.211,0.848,0.105,1.164,0.848,10082.82849,8473.811984,13211.63781
10/31/2025,10082.82849,489.483,1607444.593,-6000.338916,0.988914446,0,48.83096429,304,-0.867456355,0.497513289,10077.86517,10072.89904,10123.89859,130773.2731,73149.23138,0,0,5.2,10077.86423,15019.2,0,15019.2,0,15019.2,56.09473761,0.848,0.105,0.0005,0.9535,0.848,8473.811984,13211.63781,6860.046444
11/1/2025,8473.811984,489.483,1607444.593,0,0.988914446,25.2,71.58941607,305,-0.858763958,0.512371412,10082.82849,10077.86517,10072.89904,77792.34878,57575.84832,25.2,25.2,30.4,9544.835213,15019.2,0,15019.2,0,15019.2,0,0.105,0.0005,0,0.1055,0.105,13211.63781,6860.046444,10042.45299
11/2/2025,13211.63781,489.483,1607444.593,0,0.988914446,9.4,77.40994527,306,-0.849817092,0.527077709,8473.811984,10082.82849,10077.86517,44784.932,59597.44767,34.6,34.6,39.8,10589.4261,15019.2,0,15019.2,0,15019.2,0,0.0005,0,0,0.0005,0.0005,6860.046444,10042.45299,16504.94754
11/3/2025,6860.046444,489.451,1598455.472,-8989.120596,0.983384258,0.6,74.139448,307,-0.840618406,0.541627821,13211.63781,8473.811984,10082.82849,18567.95747,160128.781,35.2,35.2,35.2,9515.165414,15019.2,0,15019.2,0,15019.2,0,0,0,0,0,0,10042.45299,16504.94754,15909.04979
11/4/2025,10042.45299,489.438,1592470.127,-5985.345683,0.979702019,0,70.4324756,308,-0.831170626,0.556017437,6860.046444,13211.63781,8473.811984,10123.89859,224197.73,10,35.2,35.2,10038.04575,15019.2,0,15019.2,0,15019.2,0,0,0,0,0,0,16504.94754,15909.04979,4769.251218
11/5/2025,16504.94754,489.451,1598455.472,5985.345683,0.983384258,18.4,85.31085182,309,-0.821476553,0.570242293,10042.45299,6860.046444,13211.63781,10072.89904,225138.1884,19,53.6,53.6,11135.81566,15019.2,0,15019.2,0,15019.2,0,0,0,7.609,7.609,7.609,15909.04979,4769.251218,41386.16318
11/6/2025,15909.04979,489.457,1598455.472,0,0.983384258,0.4,81.44530923,310,-0.811539059,0.584298174,16504.94754,10042.45299,6860.046444,10077.86517,173020.9705,18.8,54,54,14152.15011,15019.2,0,15019.2,0,15019.2,0,0,7.609,0,7.609,7.609,4769.251218,41386.16318,324364.2618
11/7/2025,4769.251218,489.445,1595462.016,-2993.456139,0.981542657,0,77.37304377,311,-0.801361088,0.598180914,15909.04979,16504.94754,10042.45299,10082.82849,130773.2731,18.8,54,54,12394.41619,15019.2,0,15019.2,0,15019.2,0,7.609,0,0.005,7.614,7.609,41386.16318,324364.2618,368655.7589
11/8/2025,41386.16318,489.464,1601450.345,5988.328369,0.98522673,0.4,73.90439158,312,-0.790945657,0.611886401,4769.251218,15909.04979,16504.94754,8473.811984,77792.34878,0.8,29.2,54.4,20688.15473,6753.6,0,15019.2,0,15019.2,0,0,0.005,0,0.005,0.005,324364.2618,368655.7589,323848.5107
11/9/2025,324364.2618,489.677,1664741.673,63291.3279,1.024164128,42.4,112.609172,313,-0.780295851,0.625410573,41386.16318,4769.251218,15909.04979,13211.63781,44784.932,42.8,62.2,96.8,123506.5587,696.6,33810.93588,6753.6,0,15019.2,0,0.005,0,0,0.005,0.005,368655.7589,323848.5107,280267.5819
11/10/2025,368655.7589,489.721,1679932.839,15191.1667,1.033509871,9.4,116.3787134,314,-0.769414827,0.638749422,324364.2618,41386.16318,4769.251218,6860.046444,18567.95747,52.2,71,106.2,244802.0613,0,272915.6271,696.6,33810.93588,6753.6,0,0,0,0.071,0.071,0.071,323848.5107,280267.5819,238079.5936
11/11/2025,323848.5107,489.715,1676891.46,-3041.379237,1.031638787,0,110.5597777,315,-0.758305808,0.651898996,368655.7589,324364.2618,41386.16318,10042.45299,10123.89859,51.8,71,106.2,338956.1771,0,355298.2233,0,272915.6271,696.6,33810.93588,0,0.071,0.0006,0.0716,0.071,280267.5819,238079.5936,213597.8043
11/12/2025,280267.5819,489.702,1673851.741,-3039.719337,1.029768724,0,105.0317888,316,-0.746972088,0.664855398,323848.5107,368655.7589,324364.2618,16504.94754,10072.89904,9.4,52.6,106.2,324257.2839,0,325864.4761,0,355298.2233,0,272915.6271,0.071,0.0006,2.391,2.4626,2.391,238079.5936,213597.8043,192495.6258
11/13/2025,238079.5936,489.68298,1667776.83,-6074.910805,1.026031384,0,99.7801994,317,-0.735417023,0.677614789,280267.5819,323848.5107,368655.7589,15909.04979,10077.86517,0,52.2,106.2,280731.8954,0,282282.4134,0,325864.4761,0,355298.2233,0.0006,2.391,0,2.3916,2.391,213597.8043,192495.6258,175733.5078
11/14/2025,213597.8043,489.671,1664741.673,-3035.157326,1.024164128,0,94.79118943,318,-0.723644038,0.690173388,238079.5936,280267.5819,323848.5107,4769.251218,10082.82849,0,52.2,106.2,243981.6599,0,243130.6606,0,282282.4134,0,325864.4761,2.391,0,0,2.391,2.391,192495.6258,175733.5078,177813.5879
11/15/2025,192495.6258,489.664,1661708.017,-3033.655769,1.022297795,0,90.05162996,319,-0.711656622,0.702527474,213597.8043,238079.5936,280267.5819,41386.16318,8473.811984,0,51.8,81,214724.3412,0,215609.6355,0,243130.6606,0,282282.4134,0,0,0,0,0,175733.5078,177813.5879,478550.4253
11/16/2025,175733.5078,489.658,1658675.796,-3032.220649,1.020432346,0,85.54904846,320,-0.699458327,0.714673386,192495.6258,213597.8043,238079.5936,324364.2618,13211.63781,0,9.4,71.6,193942.3126,0,194506.4703,0,215609.6355,0,243130.6606,0,0,0,0,0,177813.5879,478550.4253,957422.9641
11/17/2025,177813.5879,489.65698,1658675.796,0,1.020432346,0,81.27159604,321,-0.687052767,0.726607525,175733.5078,192495.6258,213597.8043,368655.7589,6860.046444,0,0,71,182014.2405,0,177743.4307,0,194506.4703,0,215609.6355,0,0,0,0,0,478550.4253,957422.9641,893123.0281
11/18/2025,478550.4253,489.727,1679932.839,21257.04312,1.033509871,41.2,118.4080162,322,-0.674443619,0.738326354,177813.5879,175733.5078,192495.6258,323848.5107,10042.45299,41.2,41.2,112.2,277365.8403,0,176791.2902,0,177743.4307,0,194506.4703,0,0,0,0,0,957422.9641,893123.0281,612855.6841
11/19/2025,957422.9641,489.857,1719668.702,39735.86312,1.057955733,31.2,143.6876154,323,-0.661634618,0.749826401,478550.4253,177813.5879,175733.5078,280267.5819,16504.94754,72.4,72.4,125,537928.9924,0,468800.891,0,176791.2902,0,177743.4307,0,0,0,0,0,893123.0281,612855.6841,490683.8478
11/20/2025,893123.0281,489.88998,1728897.661,9228.959095,1.063633472,16.4,152.9032347,324,-0.648629561,0.761104259,957422.9641,478550.4253,177813.5879,238079.5936,15909.04979,88.8,88.8,141,776365.4725,0,926241.0108,0,468800.891,0,176791.2902,0,0,0.076,0.076,0.076,612855.6841,490683.8478,433718.8696
11/21/2025,612855.6841,489.818,1707386.391,-21511.27003,1.050399544,0,145.2580729,325,-0.635432301,0.772156584,893123.0281,957422.9641,478550.4253,213597.8043,4769.251218,47.6,88.8,141,821133.8921,0,887904.939,0,926241.0108,0,468800.891,0,0.076,0.454,0.53,0.454,490683.8478,433718.8696,379498.7529
11/22/2025,490683.8478,489.774,1695162.852,-12223.53947,1.042879512,0,137.9951693,326,-0.622046748,0.782980104,612855.6841,893123.0281,957422.9641,192495.6258,41386.16318,16.4,88.8,140.6,665554.1866,0,633332.4879,0,887904.939,0,926241.0108,0.076,0.454,0.044,0.574,0.454,433718.8696,379498.7529,345857.6981
11/23/2025,433718.8696,489.754,1689066.069,-6096.782842,1.039128716,0,131.0954108,327,-0.60847687,0.793571609,490683.8478,612855.6841,893123.0281,175733.5078,324364.2618,0,88.8,98.2,512419.4671,0,501878.7587,0,633332.4879,0,887904.939,0.454,0.044,0,0.498,0.454,379498.7529,345857.6981,310615.1174
11/24/2025,379498.7529,489.734,1682975.653,-6090.416363,1.035381837,0,124.5406403,328,-0.594726687,0.803927962,433718.8696,490683.8478,612855.6841,177813.5879,368655.7589,0,88.8,88.8,434633.8234,0,438788.1063,0,501878.7587,0,633332.4879,0.044,0,0.00015,0.04415,0.044,345857.6981,310615.1174,288864.6983
11/25/2025,345857.6981,489.721,1679932.839,-3042.813497,1.033509871,0,118.3136083,329,-0.580800273,0.814046094,379498.7529,433718.8696,490683.8478,478550.4253,323848.5107,0,47.6,88.8,386358.4402,0,384562.6948,0,438788.1063,0,501878.7587,0,0.00015,0.063,0.06315,0.063,310615.1174,288864.6983,272042.7626
11/26/2025,310615.1174,489.70898,1673851.741,-6081.098574,1.029768724,0,112.3979278,330,-0.566701756,0.823923006,345857.6981,379498.7529,433718.8696,957422.9641,280267.5819,0,16.4,88.8,345323.8561,0,347874.5688,0,384562.6948,0,438788.1063,0.00015,0.063,8.986,9.04915,8.986,288864.6983,272042.7626,252600.3419
11/27/2025,288864.6983,489.697,1670813.482,-3038.258303,1.02789956,0,106.7780315,331,-0.552435313,0.833555772,310615.1174,345857.6981,379498.7529,893123.0281,238079.5936,0,0,88.8,315112.5046,0,315671.3281,0,347874.5688,0,384562.6948,0.063,8.986,0.081,9.13,8.986,272042.7626,252600.3419,244914.3462
11/28/2025,272042.7626,489.691,1670813.482,0,1.02789956,0,101.4391299,332,-0.538005172,0.842941537,288864.6983,310615.1174,345857.6981,612855.6841,213597.8043,0,0,88.8,290507.5261,0,290878.5922,0,315671.3281,0,347874.5688,8.986,0.081,0,9.067,8.986,252600.3419,244914.3462,234203.9954
11/29/2025,252600.3419,489.684,1667776.83,-3036.652503,1.026031384,0,96.36717339,333,-0.523415607,0.852077521,272042.7626,288864.6983,310615.1174,490683.8478,192495.6258,0,0,88.8,271169.2676,0,271018.3982,0,290878.5922,0,315671.3281,0.081,0,0,0.081,0.081,244914.3462,234203.9954,228969.814
11/30/2025,244914.3462,489.684,1667776.83,0,1.026031384,0,91.54881472,334,-0.508670944,0.860961016,252600.3419,272042.7626,288864.6983,433718.8696,175733.5078,0,0,88.8,256519.1502,0,254613.1506,0,271018.3982,0,290878.5922,0,0,0,0,0,234203.9954,228969.814,221736.015
12/1/2025,234203.9954,489.678,1664741.673,-3035.157326,1.024164128,0,86.97137398,335,-0.49377555,0.869589389,244914.3462,252600.3419,272042.7626,379498.7529,177813.5879,0,0,88.8,243906.2278,0,243890.5024,0,254613.1506,0,271018.3982,0,0,0.26,0.26,0.26,228969.814,221736.015,209256.1983
12/2/2025,228969.814,489.671,1664741.673,0,1.024164128,0,82.62280528,336,-0.47873384,0.877960085,234203.9954,244914.3462,252600.3419,345857.6981,478550.4253,0,0,47.6,236029.3852,0,236252.9574,0,243890.5024,0,254613.1506,0,0.26,0,0.26,0.26,221736.015,209256.1983,204367.7866
12/3/2025,221736.015,489.671,1664741.673,0,1.024164128,0,78.49166502,337,-0.463550271,0.886070622,228969.814,234203.9954,244914.3462,310615.1174,957422.9641,0,0,16.4,228303.2748,0,227983.6186,0,236252.9574,0,243890.5024,0.26,0,0,0.26,0.26,209256.1983,204367.7866,195214.2359
12/4/2025,209256.1983,489.664,1661708.017,-3033.655769,1.022297795,0,74.56708177,338,-0.448229342,0.893918597,221736.015,228969.814,234203.9954,288864.6983,893123.0281,0,0,0,219987.3424,0,220749.8196,0,227983.6186,0,236252.9574,0,0,0,0,0,204367.7866,195214.2359,178996.5079
12/5/2025,204367.7866,489.664,1661708.017,0,1.022297795,0,70.83872768,339,-0.432775593,0.901501684,209256.1983,221736.015,228969.814,272042.7626,612855.6841,0,0,0,211786.6666,0,211304.1551,0,220749.8196,0,227983.6186,0,0,0,0,0,195214.2359,178996.5079,176209.4196
12/6/2025,195214.2359,489.664,1661708.017,0,1.022297795,0,67.29679129,340,-0.417193603,0.908817637,204367.7866,209256.1983,221736.015,252600.3419,490683.8478,0,0,0,202946.0736,0,203382.0877,0,211304.1551,0,220749.8196,0,0,0,0,0,178996.5079,176209.4196,163832.4084
12/7/2025,178996.5079,489.65698,1658675.796,-3032.220649,1.020432346,0,63.93195173,341,-0.401487989,0.915864288,195214.2359,204367.7866,209256.1983,244914.3462,433718.8696,0,0,0,192859.5101,0,194228.537,0,203382.0877,0,211304.1551,0,0,0,0,0,176209.4196,163832.4084,157267.6521
12/8/2025,176209.4196,489.65698,1658675.796,0,1.020432346,0,60.73535414,342,-0.385663406,0.922639549,178996.5079,195214.2359,204367.7866,234203.9954,379498.7529,0,0,0,183473.3878,0,181043.5247,0,194228.537,0,203382.0877,0,0,0,0,0,163832.4084,157267.6521,145062.0773
12/9/2025,163832.4084,489.651,1658675.796,0,1.020432346,0,57.69858644,343,-0.369724543,0.929141411,176209.4196,178996.5079,195214.2359,228969.814,345857.6981,0,0,0,173012.7786,0,175224.2158,0,181043.5247,0,194228.537,0,0,2.641,2.641,2.641,157267.6521,145062.0773,161541.7941
12/10/2025,157267.6521,489.645,1655645.161,-3030.634684,1.018567872,0,54.81365711,344,-0.353676122,0.935367949,163832.4084,176209.4196,178996.5079,221736.015,310615.1174,0,0,0,165769.8267,0,162847.2046,0,175224.2158,0,181043.5247,0,2.641,4.294,6.935,4.294,145062.0773,161541.7941,143688.1908
12/11/2025,145062.0773,489.638,1652616.006,-3029.155377,1.016704308,0,52.07297426,345,-0.3375229,0.941317318,157267.6521,163832.4084,176209.4196,209256.1983,288864.6983,0,0,0,155387.3793,0,159313.5778,0,162847.2046,0,175224.2158,2.641,4.294,0.38,7.315,4.294,161541.7941,143688.1908,152568.3366
12/12/2025,161541.7941,489.651,1658675.796,6059.790062,1.020432346,0,49.46932555,346,-0.321269662,0.946987753,145062.0773,157267.6521,163832.4084,204367.7866,272042.7626,0,0,0,154623.8412,0,147107.0209,0,159313.5778,0,162847.2046,4.294,0.38,0.363,5.037,4.294,143688.1908,152568.3366,147995.9588
12/13/2025,143688.1908,489.638,1652616.006,-6059.790062,1.016704308,0,46.99585927,347,-0.304921225,0.952377576,161541.7941,145062.0773,157267.6521,195214.2359,252600.3419,0,0,0,150097.3541,0,154496.8002,0,147107.0209,0,159313.5778,0.38,0.363,0.768,1.511,0.768,152568.3366,147995.9588,134491.2102
12/14/2025,152568.3366,489.644,1655645.161,3029.155377,1.018567872,0,44.64606631,348,-0.288482433,0.957485188,143688.1908,161541.7941,145062.0773,178996.5079,244914.3462,0,0,0,152599.4405,0,148763.7691,0,154496.8002,0,147107.0209,0.363,0.768,0.079,1.21,0.768,147995.9588,134491.2102,135923.1325
12/15/2025,147995.9588,489.644,1655645.161,0,1.018567872,0,42.41376299,349,-0.271958158,0.962309077,152568.3366,143688.1908,161541.7941,176209.4196,234203.9954,0,0,0,148084.1621,0,148554.4722,0,148763.7691,0,154496.8002,0.768,0.079,0,0.847,0.768,134491.2102,135923.1325,126557.1003
12/16/2025,134491.2102,489.638,1652616.006,-3029.155377,1.016704308,0,40.29307484,350,-0.255353295,0.966847814,147995.9588,152568.3366,143688.1908,163832.4084,228969.814,0,0,0,145018.5019,0,147011.2498,0,148554.4722,0,148763.7691,0.079,0,5.398,5.477,5.398,135923.1325,126557.1003,115580.6131
12/17/2025,135923.1325,489.638,1652616.006,0,1.016704308,0,38.2784211,351,-0.238672766,0.971100052,134491.2102,147995.9588,152568.3366,157267.6521,221736.015,0,0,0,139470.1005,0,136536.1538,0,147011.2498,0,148554.4722,0,5.398,1.171,6.569,5.398,126557.1003,115580.6131,109427.0916
12/18/2025,126557.1003,489.631,1652616.006,0,1.016704308,0,36.36450004,352,-0.221921513,0.975064532,135923.1325,134491.2102,147995.9588,145062.0773,209256.1983,0,0,0,132323.8143,0,134938.9207,0,136536.1538,0,147011.2498,5.398,1.171,0,6.569,5.398,115580.6131,109427.0916,112236.0901
12/19/2025,115580.6131,489.625,1649588.472,-3027.534545,1.014841741,0,34.54627504,353,-0.2051045,0.97874008,126557.1003,135923.1325,134491.2102,161541.7941,204367.7866,0,0,0,126020.2819,0,125572.8885,0,134938.9207,0,136536.1538,1.171,0,0,1.171,1.171,109427.0916,112236.0901,105147.5696
12/20/2025,109427.0916,489.625,1649588.472,0,1.014841741,0,32.81896129,354,-0.18822671,0.982125606,115580.6131,126557.1003,135923.1325,143688.1908,195214.2359,0,0,0,117188.2683,0,117624.4418,0,125572.8885,0,134938.9207,0,0,0,0,0,112236.0901,105147.5696,97996.56607
12/21/2025,112236.0901,489.625,1649588.472,0,1.014841741,0,31.17801322,355,-0.171293144,0.985220107,109427.0916,115580.6131,126557.1003,152568.3366,178996.5079,0,0,0,112414.5983,0,108443.3858,0,117624.4418,0,125572.8885,0,0,0,0,0,105147.5696,97996.56607,97696.44896
12/22/2025,105147.5696,489.625,1649588.472,0,1.014841741,0,29.61911256,356,-0.154308821,0.988022666,112236.0901,109427.0916,115580.6131,147995.9588,176209.4196,0,0,0,108936.9171,0,111252.3843,0,108443.3858,0,117624.4418,0,0,0,0,0,97996.56607,97696.44896,99768.46159
12/23/2025,97996.56607,489.618,1646562.479,-3025.993003,1.012980123,0,28.13815694,357,-0.137278772,0.990532452,105147.5696,112236.0901,109427.0916,134491.2102,163832.4084,0,0,0,105126.7419,0,104163.8638,0,111252.3843,0,108443.3858,0,0,0,0,0,97696.44896,99768.46159,98376.1253
12/24/2025,97696.44896,489.618,1646562.479,0,1.012980123,0,26.73124909,358,-0.120208045,0.992748722,97996.56607,105147.5696,112236.0901,135923.1325,157267.6521,0,0,0,100280.1949,0,100039.3828,0,104163.8638,0,111252.3843,0,0,0.011,0.011,0.011,99768.46159,98376.1253,91510.30244
12/25/2025,99768.46159,489.618,1646562.479,0,1.012980123,0,25.39468663,359,-0.103101697,0.99467082,97696.44896,97996.56607,105147.5696,126557.1003,145062.0773,0,0,0,98487.15888,0,96713.27269,0,100039.3828,0,104163.8638,0,0.011,1.339,1.35,1.339,98376.1253,91510.30244,84241.41421
12/26/2025,98376.1253,489.619,1646562.479,0,1.012980123,0,24.1249523,360,-0.085964799,0.996298175,99768.46159,97696.44896,97996.56607,115580.6131,161541.7941,0,0,0,98613.67862,0,98785.28532,0,96713.27269,0,100039.3828,0.011,1.339,0,1.35,1.339,91510.30244,84241.41421,76839.84335
12/27/2025,91510.30244,489.618,1646562.479,0,1.012980123,0,22.91870469,361,-0.068802427,0.997630305,98376.1253,99768.46159,97696.44896,109427.0916,143688.1908,0,0,0,96551.62978,0,97392.94903,0,98785.28532,0,96713.27269,1.339,0,0,1.339,1.339,84241.41421,76839.84335,72948.15564
12/28/2025,84241.41421,489.612,1646562.479,0,1.012980123,0,21.77276945,362,-0.051619667,0.998666816,91510.30244,98376.1253,99768.46159,112236.0901,152568.3366,0,0,0,91375.94732,0,90527.12617,0,97392.94903,0,98785.28532,0,0,0,0,0,76839.84335,72948.15564,69626.23703
12/29/2025,76839.84335,489.606,1643538.216,-3024.26205,1.01111957,0,20.68413098,363,-0.034421612,0.999407401,84241.41421,91510.30244,98376.1253,105147.5696,147995.9588,0,0,0,84197.18667,0,83258.23794,0,90527.12617,0,97392.94903,0,0,0,0,0,72948.15564,69626.23703,78402.86389
12/30/2025,72948.15564,489.606,1643538.216,0,1.01111957,0,19.64992443,364,-0.017213356,0.999851839,76839.84335,84241.41421,91510.30244,97996.56607,134491.2102,0,0,0,78009.8044,0,78883.48341,0,83258.23794,0,90527.12617,0,0,0,0,0,69626.23703,78402.86389,69911.65746
12/31/2025,69626.23703,489.606,1643538.216,0,1.01111957,0,18.66742821,365,6.43149E-16,1,72948.15564,76839.84335,84241.41421,97696.44896,135923.1325,0,0,0,73138.07867,0,71967.53365,0,78883.48341,0,83258.23794,0,0,0,0,0,78402.86389,69911.65746,69280.77871
1/1/2026,78402.86389,489.606,1643538.216,0,1.01111957,0,17.7340568,1,0.017213356,0.999851839,69626.23703,72948.15564,76839.84335,99768.46159,126557.1003,0,0,0,73659.08552,0,68645.61504,0,71967.53365,0,78883.48341,0,0,1.462,1.462,1.462,69911.65746,69280.77871,67163.59817
1/2/2026,69911.65746,489.599,1640521.874,-3016.342248,1.009263889,0,16.84735396,2,0.034421612,0.999407401,78402.86389,69626.23703,72948.15564,98376.1253,115580.6131,0,0,0,72646.91946,0,77422.24141,0,68645.61504,0,71967.53365,0,1.462,0.513,1.975,1.462,69280.77871,67163.59817,55671.3677
1/3/2026,69280.77871,489.599,1640521.874,0,1.009263889,0,16.00498626,3,0.051619667,0.998666816,69911.65746,78402.86389,69626.23703,91510.30244,109427.0916,0,0,0,72531.76669,0,71947.99915,0,77422.24141,0,68645.61504,1.462,0.513,0.186,2.161,1.462,67163.59817,55671.3677,47965.92294
1/4/2026,67163.59817,489.599,1640521.874,0,1.009263889,0,15.20473695,4,0.068802427,0.997630305,69280.77871,69911.65746,78402.86389,84241.41421,112236.0901,0,0,0,68785.34478,0,68300.77815,0,71947.99915,0,77422.24141,0.513,0.186,1.352,2.051,1.352,55671.3677,47965.92294,22168.59938
1/5/2026,55671.3677,489.593,1640521.874,0,1.009263889,0,14.4445001,5,0.085964799,0.996298175,67163.59817,69280.77871,69911.65746,76839.84335,105147.5696,0,0,0,64038.58153,0,66183.59761,0,68300.77815,0,71947.99915,0.186,1.352,13.956,15.494,13.956,47965.92294,22168.59938,0
1/6/2026,47965.92294,489.587,1637507.22,-3014.654499,1.007409246,0,13.7222751,6,0.103101697,0.99467082,55671.3677,67163.59817,69280.77871,72948.15564,97996.56607,0,0,0,56933.6296,0,54691.36714,0,66183.59761,0,68300.77815,1.352,13.956,5.415,20.723,13.956,22168.59938,0,3600.882467
1/7/2026,22168.59938,489.575,1634494.017,-3013.203227,1.005555496,0,13.03616134,7,0.120208045,0.992748722,47965.92294,55671.3677,67163.59817,69626.23703,97696.44896,0,0,0,41935.29667,3018.6,46982.48779,0,54691.36714,0,66183.59761,13.956,5.415,0.043,19.414,13.956,0,3600.882467,9782.844998
1/8/2026,0,489.542,1625463.759,-9030.257493,1,0,12.38435327,8,0.137278772,0.990532452,22168.59938,47965.92294,55671.3677,78402.86389,99768.46159,0,0,0,23378.17411,5572.8,18630.02349,3018.6,46982.48779,0,54691.36714,5.415,0.043,0.398,5.856,5.415,3600.882467,9782.844998,9975.845432
1/9/2026,3600.882467,489.543,1625463.759,0,1,0,11.76513561,9,0.154308821,0.988022666,0,22168.59938,47965.92294,69911.65746,98376.1253,0,0,0,8589.827283,2554.2,333.7706771,5572.8,18630.02349,3018.6,46982.48779,0.043,0.398,8.076,8.517,8.076,9782.844998,9975.845432,16703.29615
1/10/2026,9782.844998,489.556,1628472.306,3008.546733,1.001850885,0,11.17687883,10,0.171293144,0.985220107,3600.882467,0,22168.59938,69280.77871,91510.30244,0,0,0,4461.242488,0,2623.428726,2554.2,333.7706771,5572.8,18630.02349,0.398,8.076,0.014,8.488,8.076,9975.845432,16703.29615,15573.39157
1/11/2026,9975.845432,489.555,1628472.306,0,1.001850885,0,10.61803489,11,0.18822671,0.982125606,9782.844998,3600.882467,0,67163.59817,84241.41421,0,0,0,7786.524299,0,5796.337956,0,2623.428726,2554.2,333.7706771,8.076,0.014,0.0009,8.0909,8.076,16703.29615,15573.39157,19231.71116
1/12/2026,16703.29615,489.561,1631482.395,3010.08942,1.003702719,0,10.08713314,12,0.2051045,0.97874008,9975.845432,9782.844998,3600.882467,55671.3677,76839.84335,0,0,0,12153.99553,0,8997.885124,0,5796.337956,0,2623.428726,0.014,0.0009,0,0.0149,0.014,15573.39157,19231.71116,21729.90465
1/13/2026,15573.39157,489.561,1631482.395,0,1.003702719,0,9.582776487,13,0.221921513,0.975064532,16703.29615,9975.845432,9782.844998,47965.92294,72948.15564,0,0,0,14084.17772,0,12714.73788,0,8997.885124,0,5796.337956,0.0009,0,0,0.0009,0.0009,19231.71116,21729.90465,22225.2187
1/14/2026,19231.71116,489.568,1631482.395,0,1.003702719,0,9.103637662,14,0.238672766,0.971100052,15573.39157,16703.29615,9975.845432,22168.59938,69626.23703,0,0,0,17169.4663,0,14594.92272,0,12714.73788,0,8997.885124,0,0,0,0,0,21729.90465,22225.2187,21070.65302
1/15/2026,21729.90465,489.568,1631482.395,0,1.003702719,0,8.648455779,15,0.255353295,0.966847814,19231.71116,15573.39157,16703.29615,0,78402.86389,0,0,0,18845.00246,0,18253.24231,0,14594.92272,0,12714.73788,0,0,0,0,0,22225.2187,21070.65302,17922.76016
1/16/2026,22225.2187,489.568,1631482.395,0,1.003702719,0,8.21603299,16,0.271958158,0.962309077,21729.90465,19231.71116,15573.39157,3600.882467,69911.65746,0,0,0,21062.27817,0,20751.4358,0,18253.24231,0,14594.92272,0,0,0,0,0,21070.65302,17922.76016,17657.62487
1/17/2026,21070.65302,489.568,1631482.395,0,1.003702719,0,7.805231341,17,0.288482433,0.957485188,22225.2187,21729.90465,19231.71116,9782.844998,69280.77871,0,0,0,21675.25879,0,21246.74985,0,20751.4358,0,18253.24231,0,0,0.0009,0.0009,0.0009,17922.76016,17657.62487,17803.47007
1/18/2026,17922.76016,489.568,1631482.395,0,1.003702719,0,7.414969774,18,0.304921225,0.952377576,21070.65302,22225.2187,21729.90465,9975.845432,67163.59817,0,0,0,20406.21063,0,20092.18417,0,21246.74985,0,20751.4358,0,0.0009,0,0.0009,0.0009,17657.62487,17803.47007,14231.96742
1/19/2026,17657.62487,489.568,1631482.395,0,1.003702719,0,7.044221285,19,0.321269662,0.946987753,17922.76016,21070.65302,22225.2187,16703.29615,55671.3677,0,0,0,18883.67935,0,16944.29131,0,20092.18417,0,21246.74985,0.0009,0,0,0.0009,0.0009,17803.47007,14231.96742,12624.30054
1/20/2026,17803.47007,489.568,1631482.395,0,1.003702719,0,6.692010221,20,0.3375229,0.941317318,17657.62487,17922.76016,21070.65302,15573.39157,47965.92294,0,0,0,17794.61837,0,16679.15602,0,16944.29131,0,20092.18417,0,0,0,0,0,14231.96742,12624.30054,14252.96744
1/21/2026,14231.96742,489.568,1631482.395,0,1.003702719,0,6.35740971,21,0.353676122,0.935367949,17803.47007,17657.62487,17922.76016,19231.71116,22168.59938,0,0,0,16564.35412,0,16825.00122,0,16679.15602,0,16944.29131,0,0,0,0,0,12624.30054,14252.96744,15169.12199
1/22/2026,12624.30054,489.561,1631482.395,0,1.003702719,0,6.039539224,22,0.369724543,0.929141411,14231.96742,17803.47007,17657.62487,21729.90465,0,0,0,0,14886.57935,0,13253.49857,0,16825.00122,0,16679.15602,0,0,0,0,0,14252.96744,15169.12199,18040.59271
1/23/2026,14252.96744,489.56,1631482.395,0,1.003702719,0,5.737562263,23,0.385663406,0.922639549,12624.30054,14231.96742,17803.47007,22225.2187,3600.882467,0,0,0,13703.07847,0,11645.83169,0,13253.49857,0,16825.00122,0,0,0,0,0,15169.12199,18040.59271,19756.17171
1/24/2026,15169.12199,489.567,1631482.395,0,1.003702719,0,5.45068415,24,0.401487989,0.915864288,14252.96744,12624.30054,14231.96742,21070.65302,9782.844998,0,0,0,14015.46333,0,13274.49859,0,11645.83169,0,13253.49857,0,0,0,0,0,18040.59271,19756.17171,24392.77569
1/25/2026,18040.59271,489.567,1631482.395,0,1.003702719,0,5.178149942,25,0.417193603,0.908817637,15169.12199,14252.96744,12624.30054,17922.76016,9975.845432,0,0,0,15820.89405,0,14190.65314,0,13274.49859,0,11645.83169,0,0,0,0,0,19756.17171,24392.77569,18494.03509
1/26/2026,19756.17171,489.567,1631482.395,0,1.003702719,0,4.919242445,26,0.432775593,0.901501684,18040.59271,15169.12199,14252.96744,17657.62487,16703.29615,0,0,0,17655.29547,0,17062.12386,0,14190.65314,0,13274.49859,0,0,0,0,0,24392.77569,18494.03509,26063.73383
1/27/2026,24392.77569,489.573,1634494.017,3011.621339,1.005555496,0,4.673280323,27,0.448229342,0.893918597,19756.17171,18040.59271,15169.12199,17803.47007,15573.39157,0,0,0,20729.8467,0,18777.70286,0,17062.12386,0,14190.65314,0,0,0,0,0,18494.03509,26063.73383,17667.16052
1/28/2026,18494.03509,489.567,1631482.395,-3011.621339,1.003702719,0,4.439616307,28,0.463550271,0.886070622,24392.77569,19756.17171,18040.59271,14231.96742,19231.71116,0,0,0,20880.99417,0,20402.17523,0,18777.70286,0,17062.12386,0,0,0,0,0,26063.73383,17667.16052,20308.69552
1/29/2026,26063.73383,489.573,1634494.017,3011.621339,1.005555496,0,4.217635492,29,0.47873384,0.877960085,18494.03509,24392.77569,19756.17171,12624.30054,21729.90465,0,0,0,22983.51487,0,20527.18758,0,20402.17523,0,18777.70286,0,0,0,0,0,17667.16052,20308.69552,0
1/30/2026,17667.16052,489.567,1631482.395,-3011.621339,1.003702719,0,4.006753717,30,0.49377555,0.869589389,26063.73383,18494.03509,24392.77569,14252.96744,22225.2187,0,0,0,20741.64315,0,22073.13337,0,20527.18758,0,20402.17523,0,0,0,0,0,20308.69552,0,0
1/31/2026,20308.69552,489.567,1631482.395,0,1.003702719,0,3.806416031,31,0.508670944,0.860961016,17667.16052,26063.73383,18494.03509,15169.12199,21070.65302,0,0,0,21346.52996,0,19700.31301,0,22073.13337,0,20527.18758,0,0,0,0,0,0,0,0
