horizon,pct,threshold_mm,mae,n
1,0.3,0.1,6838.057874180455,50
1,0.4,0.7,6826.469343361843,50
1,0.5,1.9,6843.858101179727,50
1,0.6,3.4399999999999977,6829.833287810704,50
1,0.7,5.2399999999999975,6897.152391539323,50
1,0.8,8.360000000000003,6894.2660750891255,50
2,0.3,0.5599999999999994,4293.822563693609,49
2,0.4,2.0800000000000014,4335.657240519546,49
2,0.5,5.4,4619.811404216402,49
2,0.6,8.799999999999999,4215.959543619426,49
2,0.7,12.2,4390.527358066026,49
2,0.8,17.76,4216.251181746797,49
3,0.3,1.1599999999999995,8288.49943275862,48
3,0.4,4.160000000000002,8132.927205384983,48
3,0.5,9.1,7942.018095429339,48
3,0.6,14.719999999999999,8900.656896889474,48
3,0.7,19.939999999999998,9636.987536208007,48
3,0.8,27.3,7589.408857732752,48
4,0.3,1.6599999999999995,8068.487706930774,47
4,0.4,6.380000000000002,8038.801363587362,47
4,0.5,14.4,7913.380943975119,47
4,0.6,20.34,9217.385214037686,47
4,0.7,28.479999999999997,9665.075479883933,47
4,0.8,35.7,8230.438416052033,47
5,0.3,2.4599999999999995,9739.345209795667,46
5,0.4,8.5,9250.678839818132,46
5,0.5,20.200000000000003,9999.263256005053,46
5,0.6,27.259999999999998,10319.996588453709,46
5,0.7,35.039999999999985,10132.850572415671,46
5,0.8,43.42,11305.990411301233,46
6,0.3,3.1,13567.837739214938,45
6,0.4,10.2,17740.732563377675,45
6,0.5,25.1,14297.839703396727,45
6,0.6,34.379999999999995,13941.525395153818,45
6,0.7,42.62,13689.50886394325,45
6,0.8,52.06,21687.400279481135,45
7,0.3,3.2,20072.131375325538,44
7,0.4,14.280000000000012,22059.336726976155,44
7,0.5,29.6,23533.44388190968,44
7,0.6,39.62,26686.367866362223,44
7,0.7,50.81999999999998,25080.91065638413,44
7,0.8,61.02000000000001,18447.016121527224,44
