H,n_fit,n_holdout,persistence_holdout_nse,LightGBM_inner_cv_nse,LightGBM_holdout_nse
1,1460,258,0.6440785939539961,0.16869434390404706,0.7014163377161384
2,1460,258,0.5283594515591681,-0.12117075894210472,0.5840718439807375
3,1460,258,0.5111280067020643,-0.3188249182366639,0.5785855377274971
4,1460,258,0.5604686642989173,-0.6450122361867091,0.59672604665101
5,1460,258,0.39365709087093237,-0.8655515817784017,0.4445370309680692
6,1460,258,0.23145004635114685,-1.5150885050951426,0.36441153064657994
7,1460,258,0.1696747105386892,-2.527329897051412,0.2921405252360565
8,1460,258,0.15311481513471614,-2.729494284292371,0.32382906622608143
9,1460,258,-0.01458589384479514,-2.3921029141458363,0.13882790909076959
10,1460,258,-0.16360821489396504,-1.7461452335716316,0.09646549967135765
11,1460,258,-0.21731902697367644,-1.2346989837575624,0.06766759322911409
12,1460,258,-0.17138917901573314,-1.407283136002453,0.15587206190047098
