H,n_fit,n_holdout,persistence_holdout_nse,XGBoost_inner_cv_nse,XGBoost_holdout_nse
1,1460,258,0.6440785939539961,0.11504945253960644,0.6983799030995634
2,1460,258,0.5283594515591681,-0.25726705398965083,0.5698680853759731
3,1460,258,0.5111280067020643,-0.5015307864547915,0.5783439345198118
4,1460,258,0.5604686642989173,-0.7537371443154536,0.6205512904319022
5,1460,258,0.39365709087093237,-1.096550391462293,0.4686500729625055
6,1460,258,0.23145004635114685,-1.6506273185545617,0.3188426008901225
7,1460,258,0.1696747105386892,-2.3666365734976664,0.32840302134067223
8,1460,258,0.15311481513471614,-2.1550618562255144,0.35705808656925053
9,1460,258,-0.01458589384479514,-2.4380509707880464,0.24595561620065065
10,1460,258,-0.16360821489396504,-2.446635852626428,0.11934099133488985
11,1460,258,-0.21731902697367644,-1.874839857486996,0.07796479028612935
12,1460,258,-0.17138917901573314,-1.8670063318782475,0.13966285605509254
