h,tag,n,MAE,NSE
1,A_old_trained,242.0,10576.396627515032,0.9249239934604143
1,B_new_trained,242.0,10859.34564640584,0.9325664971528361
1,persistence,242.0,9616.410573121326,0.9348424774801539
2,A_old_trained,241.0,17924.1886000889,0.7927489500942924
2,B_new_trained,241.0,17272.392245730112,0.8040291698062569
2,persistence,241.0,15131.397908390303,0.8133959228598929
3,A_old_trained,240.0,23195.604801320063,0.6469526925503345
3,B_new_trained,240.0,18496.74521731874,0.690962845784739
3,persistence,240.0,20635.879057362512,0.6575757021985358
4,A_old_trained,239.0,22207.96963506246,0.5169819662447602
4,B_new_trained,239.0,21847.799186788892,0.5440626671223495
4,persistence,239.0,25450.200387484605,0.5000888119434515
5,A_old_trained,238.0,26184.959404119956,0.39817552757183683
5,B_new_trained,238.0,26797.27707650255,0.3919629029214764
5,persistence,238.0,29751.12123857003,0.35874345155462883
6,A_old_trained,237.0,31189.130300785007,0.26771140365787605
6,B_new_trained,237.0,31718.440600211445,0.258983148638801
6,persistence,237.0,33120.59284403234,0.23820808185412512
7,A_old_trained,236.0,34330.810931259475,0.17175811793122497
7,B_new_trained,236.0,33577.25644765247,0.17431080516677744
7,persistence,236.0,35357.07331038517,0.14341137712224916
