head_m,q_per_m_m2s
0.0,0.0
0.002,1.000002257383419e-06
0.004,1.0000064120901803e-06
0.006,1.000011792235865e-06
0.008,1.00001816337548e-06
0.01,0.00028528961166985353
0.012,0.0004978490992919534
0.014,0.0007311501829417818
0.016,0.0009951855039156557
0.018,0.001292407374761767
0.02,0.0016235171754825956
0.022,0.0019885698661463343
0.024,0.002387325246555956
0.026,0.0028193920386662286
0.028,0.003284297335985028
0.03,0.003781523462155915
0.032,0.004310529896651768
0.034,0.004870766833697429
0.036,0.005461683477188445
0.038,0.006082733105421456
0.04,0.006733377414869414
0.042,0.007413088812797635
0.044,0.008121352677987956
0.046,0.008857666459967209
0.048,0.00962154224016814
0.05,0.010412506221635875
0.052,0.01123009886033121
0.054,0.012073874878467717
0.056,0.012943402723456315
0.058,0.01383826437924273
0.06,0.014758054718826713
0.062,0.015702383177035355
0.064,0.016670871007839067
0.066,0.017663150124737407
0.068,0.018678866833314108
0.07,0.019717675935283327
0.072,0.020779245481446044
0.074,0.021863252090613985
0.076,0.02296938396870829
0.078,0.024097338490791785
0.08,0.025246821824995193
0.082,0.026417548829421086
0.084,0.02760924449039555
0.086,0.02882163955473583
0.088,0.0300544760647678
0.09,0.031307502005600125
0.092,0.032580469251372625
0.094,0.03387314308068815
0.096,0.03518528962585786
0.098,0.036516685905968016
0.1,0.037867112747937165
0.102,0.03923635805911786
0.104,0.040624212361605336
0.106,0.042030477687103565
0.108,0.04345495654024259
0.11,0.044897457544234215
0.112,0.04635779460485948
0.114,0.04783578602107284
0.116,0.049331257558306474
0.118,0.0508440337395822
0.12,0.052373948959324415
0.122,0.05392083662789722
0.124,0.05548453887696472
0.126,0.05706489964875323
0.128,0.05866176609490322
0.13,0.06027498788377962
0.132,0.061904418913136014
0.134,0.06354991932560976
0.136,0.06521134764319787
0.138,0.0668885701020768
0.14,0.0685814526852018
0.142,0.07028986570840594
0.144,0.07201368074074652
0.146,0.07375277566441063
0.148,0.07550702595005428
0.15,0.07727631257454606
0.152,0.07906051893437677
0.154,0.08085953046341218
0.156,0.0826732342364492
0.158,0.0845015217498335
0.16,0.08634428554943749
0.162,0.08820141548388086
0.164,0.09007281482218105
0.166,0.09195837697311765
0.168,0.09385800158245478
0.17,0.09577159467359003
0.172,0.09769905791353617
0.174,0.09964029517530817
0.176,0.10159521609609477
0.178,0.1035637323821173
0.18,0.1055457498451862
0.182,0.10754118332477394
0.184,0.10954994508615652
0.186,0.11157195242187071
0.188,0.11360711946568655
0.19,0.11565536925046715
0.192,0.11771661703151386
0.194,0.11979078673980588
0.196,0.1218777937632495
0.198,0.12397757087410927
0.2,0.12609003750923856
0.202,0.12821512154938142
0.204,0.13035275036689467
0.206,0.13250285055096306
0.208,0.1346653524471459
0.21,0.13684018533029368
0.212,0.13902728207613618
0.214,0.14122657418958137
0.216,0.14343800171047605
0.218,0.14566148776448126
0.22,0.14789697913737668
0.222,0.1501444052346225
0.224,0.15240370901778544
0.226,0.1546748259348083
0.228,0.1569576887744355
0.23,0.15925224976190092
0.232,0.16155844763019103
0.234,0.16387621806724934
0.236,0.1662055050353905
0.238,0.16854625527792189
0.24,0.17089841238312614
0.242,0.17326191644782082
0.244,0.1756367221078313
0.246,0.17802276832666497
0.248,0.1804200086719109
0.25,0.18282838669871704
0.252,0.1852478480748492
0.254,0.18767835361649143
0.256,0.19011984059790082
0.258,0.19257226118988346
0.26,0.195035576520344
0.262,0.19750972302074063
0.264,0.19999467292116602
0.266,0.2024903595533173
0.268,0.20499674551318584
0.27,0.20751378861465858
0.272,0.21004144151884702
0.274,0.2125796513588946
0.276,0.2151283814622642
0.278,0.21768758982735056
0.28,0.22025722874362363
0.282,0.22283725962505954
0.284,0.2254276303624899
0.286,0.2280283133860235
0.288,0.2306392597857863
0.29,0.23326042984470136
0.292,0.23589177742893158
0.294,0.23853327389072285
0.296,0.24118487617999051
0.298,0.24384653429820305
0.3,0.24651823263940556
0.302,0.24919990734828668
0.304,0.2518915375051462
0.306,0.25459308703122074
0.308,0.25730450386281506
0.31,0.26002577173579633
0.312,0.26275684105501035
0.314,0.2654976719075395
0.316,0.2682482435236057
0.318,0.2710085095878254
0.32,0.27377844295108444
0.322,0.27655799936603553
0.324,0.2793471634862191
0.326,0.282145874517564
0.328,0.28495412904510925
0.33,0.28777186807374444
0.332,0.2905990813321299
0.334,0.2934357212046444
0.336,0.2962817603574952
0.338,0.29913717265943884
0.34,0.3020019130453654
0.342,0.30487596744676215
0.344,0.3077592926268422
0.346,0.31065185621375657
0.348,0.3135536475848461
0.35,0.3164646156494996
0.352,0.31938474133299066
0.354,0.32231399613021533
0.356,0.32525234166122685
0.358,0.32819975099003107
0.36,0.3311562090857193
0.362,0.3341216800879771
0.364,0.3370961398731813
0.366,0.3400795427680796
0.368,0.3430718773470667
0.37,0.34607312208163465
0.372,0.34908323335740293
0.374,0.3521021910352058
0.376,0.3551299759571792
0.378,0.3581665581454241
0.38,0.3612119082417221
0.382,0.36426599751190236
0.384,0.36732880994067935
0.386,0.3704003061537301
0.388,0.3734804838756589
0.39,0.3765692927332543
0.392,0.37966671965029364
0.394,0.3827727400170463
0.396,0.3858873298796385
0.398,0.3890104659443533
0.4,0.39214212558192424
0.402,0.39528228683181627
0.404,0.3984309153592582
0.406,0.40158799026298103
0.408,0.40475350456330716
0.41,0.40792741233791174
0.412,0.4111097078828243
0.414,0.4143003595080036
0.416,0.4174993494605449
0.418,0.4207066469561267
0.42,0.4239222491797475
0.422,0.4271461126323295
0.424,0.43037822179017393
0.426,0.4336185759708227
0.428,0.43686711870041495
0.43,0.44012385033791307
0.432,0.44338874351242663
0.434,0.4466617857082277
0.436,0.44994295051383026
0.438,0.4532322118508028
0.44,0.45652955880508717
0.442,0.4598349662735586
0.444,0.46314840949304825
0.446,0.46646987917602045
0.448,0.46979935155046404
0.45,0.4731368031912049
0.452,0.47648221102173804
0.454,0.47983555231606256
0.456,0.48319683599185537
0.458,0.48656600915046466
0.46,0.48994308183372537
0.462,0.4933280174028264
0.464,0.4967207952256375
0.466,0.5001213950328665
0.468,0.5035298131871944
0.47,0.5069460304636542
0.472,0.51037001153062
0.474,0.5138017541708892
0.476,0.5172412235870463
0.478,0.5206884185186291
0.48,0.5241433216057971
0.482,0.5276058988647707
0.484,0.5310761504858308
0.486,0.5345540602501614
0.488,0.5380395950019878
0.49,0.5415327389729105
0.492,0.5450334943155839
0.494,0.5485418110743552
0.496,0.5520577098223349
0.498,0.5555811588141086
0.5,0.5591121262686003
