Model,H,Target,inner_cv_rmse,iterations,learning_rate,depth,l2_leaf_reg,min_data_in_leaf,subsample,rsm,random_strength
CatBoost,1,y1=Q_in_t+1 (m3/day),67368.64539307452,1000,0.03091775899446345,5,43.89297073473937,14,0.8375732217561854,0.5452027293850681,2.67333818950477
CatBoost,2,y2=Q_in_t+2 (m3/day),98608.04522137714,400,0.012094985443465621,6,4.062049333239227,33,0.4211785427651586,0.7276372534149959,2.109259188349668
CatBoost,3,y3=Q_in_t+3 (m3/day),115897.24336434033,350,0.012350515200164294,2,5.4338111881849755,16,0.7819319486699972,0.94013470282035,0.012111072058807792
CatBoost,4,y4=Q_in_t+4 (m3/day),132644.07203614403,300,0.01409492828744483,2,5.484216380633967,27,0.4737449317388919,0.6612169340242905,2.3060436589654354
CatBoost,5,y5=Q_in_t+5 (m3/day),136582.66355706446,350,0.010800211973618025,2,20.303847427354473,17,0.5736065096018552,0.9757254697588038,0.013567091949489038
CatBoost,6,y6=Q_in_t+6 (m3/day),149300.3054644455,300,0.010694893686251795,2,210.05496738302668,35,0.9138115243586373,0.9998648396429803,0.8499887055676032
CatBoost,7,y7=Q_in_t+7 (m3/day),151508.35730519626,400,0.010141400905638687,2,420.57137372976484,33,0.576676738782862,0.5774607838392362,2.629854683128916
XGBoost,1,y1=Q_in_t+1 (m3/day),65914.01759160189,500,0.01297758736553493,6,153.3236920323026,4,0.8251657966018672,0.8055291803676932
XGBoost,2,y2=Q_in_t+2 (m3/day),100610.19569778354,350,0.03542249565590888,6,183.77302511875777,1,0.7918426549033377,0.566504750149531
XGBoost,3,y3=Q_in_t+3 (m3/day),123127.73701064079,350,0.01082502260021947,3,289.11769380085275,26,0.9023749799290338,0.865529885045608
XGBoost,4,y4=Q_in_t+4 (m3/day),138979.98740032339,300,0.014690533619048336,3,207.73415296256775,10,0.40666004887033097,0.8142154625299203
XGBoost,5,y5=Q_in_t+5 (m3/day),145474.6708738614,300,0.013635813003617273,6,201.404113775761,17,0.8939786663056718,0.9778693163039528
XGBoost,6,y6=Q_in_t+6 (m3/day),153740.23006841925,400,0.01620750847587151,3,277.9067109544455,15,0.9767277271678569,0.6118821357945415
XGBoost,7,y7=Q_in_t+7 (m3/day),156251.6068182959,600,0.020459060068131453,6,383.55409737787215,1,0.5817024987730297,0.5474829866786488
LightGBM,1,y1=Q_in_t+1 (m3/day),66473.39491004114,300,0.01083609322545514,6,32.25689330837839,5,0.5683353347330558,0.5804873868451235
LightGBM,2,y2=Q_in_t+2 (m3/day),103231.49069682391,600,0.011292498364280585,6,95.2345910188713,5,0.5192480846836958,0.9476598595603838
LightGBM,3,y3=Q_in_t+3 (m3/day),123440.35408451356,300,0.02387214761603274,6,402.98084006304396,14,0.503610800033146,0.7212898024075718
LightGBM,4,y4=Q_in_t+4 (m3/day),139033.95029005373,800,0.01062891319487571,5,446.61301330470457,6,0.4947846267194601,0.6205224078825137
LightGBM,5,y5=Q_in_t+5 (m3/day),146693.16785873854,300,0.010869323271640075,4,164.10984700128577,8,0.8367987125339901,0.7387967658207257
LightGBM,6,y6=Q_in_t+6 (m3/day),155632.1595793233,1450,0.010184410512043045,4,455.8484986115214,5,0.47858518498646097,0.5318476247310332
LightGBM,7,y7=Q_in_t+7 (m3/day),162726.8794110844,350,0.012309806388438925,6,480.4784080915453,22,0.8911255624852283,0.9150132774848642
