feature_set,H,fold,n_train,n_test,NSE
baseline_12feat,1,1,46,45,0.5755294085864284
baseline_12feat,1,2,91,45,0.6407030423216297
baseline_12feat,1,3,136,45,0.8266942217458167
baseline_12feat,1,4,181,45,-0.7874881099000643
baseline_12feat,1,5,226,45,0.8527574405558797
baseline_12feat,2,1,46,45,0.27061623502907106
baseline_12feat,2,2,91,45,0.2885114442886132
baseline_12feat,2,3,136,45,0.5415265445126454
baseline_12feat,2,4,181,45,-0.4234087986656967
baseline_12feat,2,5,226,45,0.60227921923749
baseline_12feat,3,1,46,45,0.25214925724762716
baseline_12feat,3,2,91,45,-0.13034588516676604
baseline_12feat,3,3,136,45,0.3188814990851495
baseline_12feat,3,4,181,45,-1.1948635560128968
baseline_12feat,3,5,226,45,0.4295648076915233
baseline_12feat,4,1,46,45,-0.06961028902569422
baseline_12feat,4,2,91,45,-0.03772364770599723
baseline_12feat,4,3,136,45,0.25104078743362
baseline_12feat,4,4,181,45,-1.5413904200021156
baseline_12feat,4,5,226,45,0.13480289940368728
baseline_12feat,5,1,46,45,-0.12371166620359286
baseline_12feat,5,2,91,45,-0.3061794798478552
baseline_12feat,5,3,136,45,0.18233444864144144
baseline_12feat,5,4,181,45,-1.4538461261360576
baseline_12feat,5,5,226,45,0.24132212840942313
baseline_12feat,6,1,46,45,-0.2371978709473599
baseline_12feat,6,2,91,45,-0.4253303515304814
baseline_12feat,6,3,136,45,0.10415854219081289
baseline_12feat,6,4,181,45,-1.3198340924112943
baseline_12feat,6,5,226,45,0.01622703932356817
baseline_12feat,7,1,46,45,-0.43590454227092734
baseline_12feat,7,2,91,45,-0.5503329366395799
baseline_12feat,7,3,136,45,0.12297480550980266
baseline_12feat,7,4,181,45,-1.9452996530151836
baseline_12feat,7,5,226,45,-0.09528592289339155
plus_release_flag,1,1,46,45,0.5755294085864284
plus_release_flag,1,2,91,45,0.6407030423216297
plus_release_flag,1,3,136,45,0.8266942217458167
plus_release_flag,1,4,181,45,-0.7874881099000643
plus_release_flag,1,5,226,45,0.8527574405558797
plus_release_flag,2,1,46,45,0.27061623502907106
plus_release_flag,2,2,91,45,0.2885114442886132
plus_release_flag,2,3,136,45,0.5415265445126454
plus_release_flag,2,4,181,45,-0.4234087986656967
plus_release_flag,2,5,226,45,0.60227921923749
plus_release_flag,3,1,46,45,0.25214925724762716
plus_release_flag,3,2,91,45,-0.13034588516676604
plus_release_flag,3,3,136,45,0.3188814990851495
plus_release_flag,3,4,181,45,-1.1948635560128968
plus_release_flag,3,5,226,45,0.4295648076915233
plus_release_flag,4,1,46,45,-0.06961028902569422
plus_release_flag,4,2,91,45,-0.03772364770599723
plus_release_flag,4,3,136,45,0.25104078743362
plus_release_flag,4,4,181,45,-1.5413904200021156
plus_release_flag,4,5,226,45,0.13480289940368728
plus_release_flag,5,1,46,45,-0.12371166620359286
plus_release_flag,5,2,91,45,-0.3061794798478552
plus_release_flag,5,3,136,45,0.18233444864144144
plus_release_flag,5,4,181,45,-1.4538461261360576
plus_release_flag,5,5,226,45,0.24132212840942313
plus_release_flag,6,1,46,45,-0.2371978709473599
plus_release_flag,6,2,91,45,-0.4253303515304814
plus_release_flag,6,3,136,45,0.10415854219081289
plus_release_flag,6,4,181,45,-1.3198340924112943
plus_release_flag,6,5,226,45,0.01622703932356817
plus_release_flag,7,1,46,45,-0.43590454227092734
plus_release_flag,7,2,91,45,-0.5503329366395799
plus_release_flag,7,3,136,45,0.12297480550980266
plus_release_flag,7,4,181,45,-1.9452996530151836
plus_release_flag,7,5,226,45,-0.09528592289339155
