Model,fold,H,Baseline_NSE,Model_NSE
CatBoost,1,1,0.5479654383222221,0.5681362473579152
CatBoost,2,1,0.6443836066120905,0.6224706820547627
CatBoost,3,1,0.8271375142464739,0.7998541681116971
CatBoost,4,1,-0.495251154968376,-0.38459702100392357
CatBoost,5,1,0.8814835436236328,0.7664526944141714
CatBoost,1,2,0.005411006470518509,0.22257419239258602
CatBoost,2,2,0.23878130673733144,0.17562719823718909
CatBoost,3,2,0.502756189318617,0.46328159631153365
CatBoost,4,2,-0.33889162709029863,-0.7625475499719265
CatBoost,5,2,0.6462492322406523,0.4958336794068414
CatBoost,1,3,-0.27943749144621943,0.012993452415159812
CatBoost,2,3,-0.04914574780954406,-0.3319125037954751
CatBoost,3,3,0.2733907230574706,0.2680588527117115
CatBoost,4,3,-0.9232337151060022,-1.9987051691519873
CatBoost,5,3,0.37288695705252917,0.19018780995093276
CatBoost,1,4,-0.5274904252337802,-0.15414483362763742
CatBoost,2,4,-0.27118434891706755,-0.09856993870845221
CatBoost,3,4,0.15031809735092028,0.2188810272313776
CatBoost,4,4,-1.1463644824306578,-1.1438358806587892
CatBoost,5,4,0.10661855610937354,0.041388272635206835
CatBoost,1,5,-0.6882844618274695,-0.10960278618447128
CatBoost,2,5,-0.44605961901612234,-0.3358814784267474
CatBoost,3,5,0.07862947565211076,0.17166534362792762
CatBoost,4,5,-1.0095632897224949,-1.559416538818628
CatBoost,5,5,-0.09961453165375,-0.022801354246072325
CatBoost,1,6,-0.8791983612679306,-0.2052858565908886
CatBoost,2,6,-0.5919814213773813,-0.40360747124498775
CatBoost,3,6,0.04429540745417215,0.13389067408977195
CatBoost,4,6,-1.1666598781811257,-1.7802513211798074
CatBoost,5,6,-0.2488893504332388,-0.011071034233375743
CatBoost,1,7,-0.8730327288843365,-0.5444631058306777
CatBoost,2,7,-0.7192966226283417,-0.7814275921044158
CatBoost,3,7,0.04665516008430248,0.10529835266025656
CatBoost,4,7,-1.2396414038703076,-2.093433793534504
CatBoost,5,7,-0.3461991799264059,0.02357969581157693
XGBoost,1,1,0.5479654383222221,0.5029971495761566
XGBoost,2,1,0.6443836066120905,0.18021209799246807
XGBoost,3,1,0.8271375142464739,0.8644199909531083
XGBoost,4,1,-0.495251154968376,-4.519948659992967
XGBoost,5,1,0.8814835436236328,0.7103079494888302
XGBoost,1,2,0.005411006470518509,0.1158477109453927
XGBoost,2,2,0.23878130673733144,-0.7363214394936362
XGBoost,3,2,0.502756189318617,0.619718001906327
XGBoost,4,2,-0.33889162709029863,-3.614967132373521
XGBoost,5,2,0.6462492322406523,0.1985736088285992
XGBoost,1,3,-0.27943749144621943,0.24261090063494817
XGBoost,2,3,-0.04914574780954406,-2.409931826422431
XGBoost,3,3,0.2733907230574706,0.3490449171163267
XGBoost,4,3,-0.9232337151060022,-2.6990641783407385
XGBoost,5,3,0.37288695705252917,0.18880941353899716
XGBoost,1,4,-0.5274904252337802,-0.11770981560273763
XGBoost,2,4,-0.27118434891706755,-2.025772513028725
XGBoost,3,4,0.15031809735092028,0.19614065748970377
XGBoost,4,4,-1.1463644824306578,-39.35022545000862
XGBoost,5,4,0.10661855610937354,0.06463950584723144
XGBoost,1,5,-0.6882844618274695,-0.9456545539686607
XGBoost,2,5,-0.44605961901612234,-2.2272751839357037
XGBoost,3,5,0.07862947565211076,0.12155782119913261
XGBoost,4,5,-1.0095632897224949,-125.94902624483832
XGBoost,5,5,-0.09961453165375,-0.01153406744989427
XGBoost,1,6,-0.8791983612679306,-1.0016931358543446
XGBoost,2,6,-0.5919814213773813,-1.924407053351683
XGBoost,3,6,0.04429540745417215,0.045311459517588415
XGBoost,4,6,-1.1666598781811257,-44.227341329076154
XGBoost,5,6,-0.2488893504332388,0.06471489152558219
XGBoost,1,7,-0.8730327288843365,-0.9683065651230456
XGBoost,2,7,-0.7192966226283417,-1.024732235485991
XGBoost,3,7,0.04665516008430248,-0.01712642394284103
XGBoost,4,7,-1.2396414038703076,-17.220051614100694
XGBoost,5,7,-0.3461991799264059,-0.19983994166259533
LightGBM,1,1,0.5479654383222221,0.47843285394455903
LightGBM,2,1,0.6443836066120905,0.1697424103365358
LightGBM,3,1,0.8271375142464739,0.8378267006559821
LightGBM,4,1,-0.495251154968376,-3.1959519996363417
LightGBM,5,1,0.8814835436236328,0.7478830930929117
LightGBM,1,2,0.005411006470518509,-0.0956454695643878
LightGBM,2,2,0.23878130673733144,-0.1899823217512835
LightGBM,3,2,0.502756189318617,0.6082379211045255
LightGBM,4,2,-0.33889162709029863,-4.094732563070825
LightGBM,5,2,0.6462492322406523,0.4840300259218012
LightGBM,1,3,-0.27943749144621943,-0.2797960474059282
LightGBM,2,3,-0.04914574780954406,-0.2803408005280268
LightGBM,3,3,0.2733907230574706,0.20138445439723596
LightGBM,4,3,-0.9232337151060022,-7.3568285507153295
LightGBM,5,3,0.37288695705252917,-0.014424068473864127
LightGBM,1,4,-0.5274904252337802,-0.562964007974128
LightGBM,2,4,-0.27118434891706755,-1.816871169080859
LightGBM,3,4,0.15031809735092028,0.1604406731989504
LightGBM,4,4,-1.1463644824306578,-3.1990620062318795
LightGBM,5,4,0.10661855610937354,-0.22524673335035006
LightGBM,1,5,-0.6882844618274695,-0.36372388846918113
LightGBM,2,5,-0.44605961901612234,-1.5099470791392942
LightGBM,3,5,0.07862947565211076,0.22297328512532266
LightGBM,4,5,-1.0095632897224949,-10.640620925792954
LightGBM,5,5,-0.09961453165375,-0.13083673926236394
LightGBM,1,6,-0.8791983612679306,-1.883396824503555
LightGBM,2,6,-0.5919814213773813,-2.4587392372086643
LightGBM,3,6,0.04429540745417215,0.07140032298472543
LightGBM,4,6,-1.1666598781811257,-31.671187166953324
LightGBM,5,6,-0.2488893504332388,-0.764261436289349
LightGBM,1,7,-0.8730327288843365,-1.7427845160962958
LightGBM,2,7,-0.7192966226283417,-1.9613458154133259
LightGBM,3,7,0.04665516008430248,-0.6423338309417101
LightGBM,4,7,-1.2396414038703076,-26.97116119511246
LightGBM,5,7,-0.3461991799264059,-1.0079667584072278
