Date,n_readings_24h,min_level_24h,max_level_24h,range_24h
2025-06-28,24,489.487,489.51202,0.025
2025-06-29,24,489.505,489.51202,0.007
2025-06-30,24,489.51102,489.518,0.007
2025-07-01,24,489.511,489.518,0.007
2025-07-02,24,489.517,489.524,0.007
2025-07-03,24,489.517,489.524,0.007
2025-07-04,24,489.517,489.55798,0.041
2025-07-05,24,489.551,489.557,0.006
2025-07-06,24,489.55,489.577,0.027
2025-07-07,24,489.57,489.577,0.007
2025-07-08,24,489.57,489.577,0.007
2025-07-09,24,489.57,489.577,0.007
2025-07-10,24,489.557,489.576,0.019
2025-07-11,24,489.544,489.557,0.013
2025-07-12,24,489.524,489.538,0.014
2025-07-13,24,489.544,489.589,0.045
2025-07-14,24,489.583,489.589,0.006
2025-07-15,24,489.57,489.583,0.013
2025-07-16,24,489.557,489.86,0.303
2025-07-17,24,489.763,489.853,0.09
2025-07-18,24,489.698,489.757,0.059
2025-07-19,24,489.647,489.692,0.045
2025-07-20,24,489.608,489.647,0.039
2025-07-21,24,489.608,489.62698,0.019
2025-07-22,24,489.58798,489.608,0.02
2025-07-23,24,489.583,489.801,0.218
2025-07-24,24,489.88,490.172,0.292
2025-07-25,24,489.82098,489.936,0.115
2025-07-26,24,489.769,489.82098,0.052
2025-07-27,24,489.73,489.776,0.046
2025-07-28,24,489.723,489.93,0.207
2025-07-29,24,489.82,489.905,0.085
2025-07-30,24,489.8,489.88,0.08
2025-07-31,24,489.789,489.866,0.077
2025-08-01,24,489.736,489.788,0.052
2025-08-02,24,489.704,489.736,0.032
2025-08-03,24,489.66,489.705,0.045
2025-08-04,24,489.62,489.66,0.04
2025-08-05,24,489.583,489.62698,0.044
2025-08-06,23,489.551,489.577,0.026
2025-08-07,24,489.517,489.551,0.034
2025-08-08,24,489.486,489.517,0.031
2025-08-09,24,489.454,489.486,0.032
2025-08-10,24,489.421,489.454,0.033
2025-08-11,24,489.383,489.41998,0.037
2025-08-12,24,489.371,489.383,0.012
2025-08-13,24,489.371,489.492,0.121
2025-08-14,24,489.492,489.602,0.11
2025-08-15,24,489.577,489.602,0.025
2025-08-16,24,489.57,489.693,0.123
2025-08-17,24,489.685,489.943,0.258
2025-08-18,24,489.833,489.891,0.058
2025-08-19,24,489.757,489.826,0.069
2025-08-20,24,489.705,489.749,0.044
2025-08-21,24,489.666,489.705,0.039
2025-08-22,24,489.634,489.666,0.032
2025-08-23,24,489.634,489.661,0.027
2025-08-24,24,489.62698,489.711,0.084
2025-08-25,24,489.686,489.717,0.031
2025-08-26,24,489.634,489.692,0.058
2025-08-27,24,489.647,489.872,0.225
2025-08-28,24,489.839,489.885,0.046
2025-08-29,24,489.77,489.833,0.063
2025-08-30,24,489.717,489.762,0.045
2025-08-31,24,489.705,489.723,0.018
2025-09-01,24,489.68,489.705,0.025
2025-09-02,24,489.661,489.68,0.019
2025-09-03,24,489.65298,489.667,0.014
2025-09-04,24,489.63998,489.666,0.026
2025-09-05,24,489.608,489.63998,0.032
2025-09-06,24,489.589,489.61398,0.025
2025-09-07,24,489.564,489.589,0.025
2025-09-08,24,489.544,489.57,0.026
2025-09-09,24,489.511,489.544,0.033
2025-09-10,24,489.486,489.517,0.031
2025-09-11,24,489.474,489.487,0.013
2025-09-12,24,489.447,489.479,0.032
2025-09-13,24,489.409,489.448,0.039
2025-09-14,24,489.372,489.409,0.037
2025-09-15,24,489.359,489.389,0.03
2025-09-16,24,-0.009,489.37698,489.386
2025-09-17,24,487.216,489.355,2.139
2025-09-18,24,489.284,489.336,0.052
2025-09-19,24,489.245,489.284,0.039
2025-09-20,24,489.198,489.246,0.048
2025-09-21,24,489.173,489.198,0.025
2025-09-22,24,489.128,489.173,0.045
2025-09-23,24,489.089,489.135,0.046
2025-09-24,24,489.031,489.08798,0.057
2025-09-25,24,489.011,489.04498,0.034
2025-09-26,24,489.018,489.04498,0.027
2025-09-27,24,488.986,489.018,0.032
2025-09-28,24,488.955,488.983,0.028
2025-09-29,24,488.904,488.955,0.051
2025-09-30,24,488.866,488.91,0.044
2025-10-01,24,488.891,488.904,0.013
2025-10-02,24,488.879,488.904,0.025
2025-10-03,24,488.866,488.879,0.013
2025-10-04,24,488.847,488.871,0.024
2025-10-05,24,488.82098,488.858,0.037
2025-10-06,24,488.789,488.82098,0.032
2025-10-07,24,488.745,488.789,0.044
2025-10-08,24,488.738,488.776,0.038
2025-10-09,24,488.745,488.91,0.165
2025-10-10,24,488.91,488.943,0.033
2025-10-11,24,488.936,488.96,0.024
2025-10-12,24,488.917,488.948,0.031
2025-10-13,24,488.891,488.929,0.038
2025-10-14,24,488.872,488.90298,0.031
2025-10-15,24,488.865,488.962,0.097
2025-10-16,24,488.967,489.07,0.103
2025-10-17,24,489.076,489.285,0.209
2025-10-18,24,489.291,489.424,0.133
2025-10-19,24,489.424,489.52798,0.104
2025-10-20,24,489.533,489.618,0.085
2025-10-21,24,489.62,489.658,0.038
2025-10-22,24,489.65698,489.675,0.018
2025-10-23,24,489.65698,489.675,0.018
2025-10-24,24,489.637,489.65698,0.02
2025-10-25,24,489.606,489.638,0.032
2025-10-26,24,489.586,489.611,0.025
2025-10-27,24,489.561,489.592,0.031
2025-10-28,24,489.541,489.566,0.025
2025-10-29,24,489.521,489.547,0.026
2025-10-30,24,489.501,489.526,0.025
2025-10-31,24,489.483,489.507,0.024
2025-11-01,24,489.47,489.488,0.018
2025-11-02,24,489.477,489.501,0.024
2025-11-03,24,489.451,489.483,0.032
2025-11-04,24,489.438,489.46298,0.025
2025-11-05,24,489.43,489.451,0.021
2025-11-06,24,489.456,489.47,0.014
2025-11-07,24,489.445,489.469,0.024
2025-11-08,24,489.443,489.464,0.021
2025-11-09,24,489.47,489.677,0.207
2025-11-10,24,489.68298,489.721,0.038
2025-11-11,24,489.714,489.733,0.019
2025-11-12,24,489.695,489.72,0.025
2025-11-13,24,489.68298,489.707,0.024
2025-11-14,24,489.671,489.693,0.022
2025-11-15,24,489.663,489.681,0.018
2025-11-16,24,489.65698,489.669,0.012
2025-11-17,24,489.651,489.662,0.011
2025-11-18,24,489.651,489.727,0.076
2025-11-19,24,489.74,489.857,0.117
2025-11-20,24,489.863,489.915,0.052
2025-11-21,24,489.818,489.88998,0.072
2025-11-22,24,489.774,489.817,0.043
2025-11-23,24,489.754,489.773,0.019
2025-11-24,24,489.728,489.758,0.03
2025-11-25,24,489.721,489.74,0.019
2025-11-26,24,489.702,489.725,0.023
2025-11-27,24,489.69598,489.719,0.023
2025-11-28,24,489.689,489.707,0.018
2025-11-29,24,489.684,489.701,0.017
2025-11-30,24,489.678,489.694,0.016
2025-12-01,24,489.677,489.693,0.016
2025-12-02,24,489.671,489.688,0.017
2025-12-03,24,489.671,489.682,0.011
2025-12-04,24,489.664,489.681,0.017
2025-12-05,24,489.663,489.68,0.017
2025-12-06,24,489.662,489.675,0.013
2025-12-07,24,489.656,489.675,0.019
2025-12-08,24,489.651,489.669,0.018
2025-12-09,24,489.651,489.662,0.011
2025-12-10,24,489.644,489.656,0.012
2025-12-11,24,489.638,489.656,0.018
2025-12-12,24,489.638,489.652,0.014
2025-12-13,24,489.638,489.652,0.014
2025-12-14,24,489.643,489.651,0.008
2025-12-15,24,489.643,489.649,0.006
2025-12-16,24,489.637,489.649,0.012
2025-12-17,24,489.636,489.643,0.007
2025-12-18,24,489.63,489.643,0.013
2025-12-19,24,489.625,489.638,0.013
2025-12-20,24,489.625,489.636,0.011
2025-12-21,24,489.623,489.629,0.006
2025-12-22,24,489.619,489.635,0.016
2025-12-23,24,489.617,489.629,0.012
2025-12-24,24,489.618,489.629,0.011
2025-12-25,24,489.617,489.629,0.012
2025-12-26,24,489.617,489.629,0.012
2025-12-27,24,489.611,489.629,0.018
2025-12-28,24,489.611,489.623,0.012
2025-12-29,24,489.605,489.622,0.017
2025-12-30,24,489.599,489.616,0.017
2025-12-31,24,489.599,489.616,0.017
2026-01-01,24,489.598,489.61,0.012
2026-01-02,24,489.599,489.629,0.03
2026-01-03,24,489.599,489.616,0.017
2026-01-04,24,489.598,489.616,0.018
2026-01-05,24,489.593,489.616,0.023
2026-01-06,24,489.586,489.61,0.024
2026-01-07,24,489.575,489.603,0.028
2026-01-08,24,489.542,489.579,0.037
2026-01-09,24,489.534,489.552,0.018
2026-01-10,24,489.542,489.559,0.017
2026-01-11,24,489.548,489.566,0.018
2026-01-12,24,489.555,489.572,0.017
2026-01-13,24,489.56,489.573,0.013
2026-01-14,24,489.561,489.573,0.012
2026-01-15,24,489.566,489.574,0.008
2026-01-16,24,489.567,489.579,0.012
2026-01-17,24,489.567,489.579,0.012
2026-01-18,24,489.567,489.578,0.011
2026-01-19,24,489.566,489.572,0.006
2026-01-20,24,489.565,489.572,0.007
2026-01-21,24,489.561,489.572,0.011
2026-01-22,24,489.561,489.568,0.007
2026-01-23,24,489.559,489.567,0.008
2026-01-24,24,489.558,489.567,0.009
2026-01-25,24,489.565,489.567,0.002
2026-01-26,24,489.565,489.572,0.007
2026-01-27,24,489.566,489.574,0.008
2026-01-28,24,489.567,489.574,0.007
2026-01-29,24,489.566,489.577,0.011
2026-01-30,24,489.567,489.578,0.011
2026-01-31,24,489.566,489.574,0.008
2026-02-01,24,489.567,489.574,0.007
2026-02-02,24,489.565,489.573,0.008
2026-02-03,24,489.54,489.572,0.032
2026-02-04,24,489.508,489.541,0.033
2026-02-05,24,489.494,489.514,0.02
2026-02-06,24,489.499,489.508,0.009
2026-02-07,24,489.505,489.514,0.009
2026-02-08,24,489.508,489.515,0.007
2026-02-09,24,489.513,489.521,0.008
2026-02-10,24,489.518,489.521,0.003
2026-02-11,24,489.519,489.531,0.012
2026-02-12,24,489.526,489.539,0.013
2026-02-13,24,489.501,489.534,0.033
2026-02-14,24,489.499,489.502,0.003
2026-02-15,24,489.499,489.502,0.003
2026-02-16,24,489.499,489.506,0.007
2026-02-17,24,489.499,489.502,0.003
2026-02-18,24,489.493,489.502,0.009
2026-02-19,24,489.493,489.502,0.009
2026-02-20,24,489.493,489.502,0.009
2026-02-21,24,489.493,489.502,0.009
2026-02-22,24,489.487,489.501,0.014
2026-02-23,24,489.487,489.501,0.014
2026-02-24,24,489.494,489.501,0.007
2026-02-25,24,489.494,489.508,0.014
2026-02-26,24,489.5,489.508,0.008
2026-02-27,24,489.494,489.507,0.013
2026-02-28,24,489.499,489.508,0.009
2026-03-01,24,489.499,489.506,0.007
2026-03-02,24,489.494,489.502,0.008
2026-03-03,24,489.483,489.495,0.012
2026-03-04,24,489.457,489.521,0.064
2026-03-05,24,489.483,489.526,0.043
2026-03-06,24,489.476,489.5,0.024
2026-03-07,24,489.5,489.546,0.046
2026-03-08,24,489.467,489.54,0.073
2026-03-09,24,489.482,489.532,0.05
2026-03-10,24,489.455,489.54,0.085
2026-03-11,24,489.482,489.545,0.063
2026-03-12,24,489.475,489.5,0.025
2026-03-13,24,489.468,489.49,0.022
2026-03-14,24,489.481,489.496,0.015
2026-03-15,24,489.487,489.507,0.02
2026-03-16,24,489.483,489.5,0.017
2026-03-17,24,489.494,489.513,0.019
2026-03-18,24,489.5,489.526,0.026
2026-03-19,24,489.513,489.592,0.079
2026-03-20,24,489.558,489.598,0.04
2026-03-21,24,489.554,489.591,0.037
2026-03-22,24,489.526,489.597,0.071
2026-03-23,24,489.527,489.559,0.032
2026-03-24,24,489.526,489.558,0.032
2026-03-25,24,489.526,489.578,0.052
2026-03-26,24,489.52,489.558,0.038
2026-03-27,24,489.513,489.552,0.039
2026-03-28,24,489.489,489.546,0.057
2026-03-29,24,489.417,489.5,0.083
2026-03-30,24,489.348,489.436,0.088
2026-03-31,24,489.314,489.38,0.066
2026-04-01,24,489.333,489.397,0.064
2026-04-02,24,489.342,489.386,0.044
2026-04-03,24,489.353,489.43,0.077
2026-04-04,24,489.321,489.398,0.077
2026-04-05,24,489.348,489.437,0.089
2026-04-06,24,489.35,489.403,0.053
2026-04-07,24,489.353,489.391,0.038
2026-04-08,24,489.297,489.372,0.075
2026-04-09,24,489.266,489.335,0.069
2026-04-10,24,489.222,489.284,0.062
2026-04-11,24,489.165,489.282,0.117
2026-04-12,24,489.114,489.203,0.089
2026-04-13,24,489.057,489.146,0.089
2026-04-14,24,489.037,489.095,0.058
2026-04-15,24,489.003,489.075,0.072
2026-04-16,24,488.949,489.106,0.157
2026-04-17,24,488.878,489.004,0.126
2026-04-18,24,488.865,488.928,0.063
2026-04-19,24,488.827,488.889,0.062
2026-04-20,24,488.828,488.883,0.055
2026-04-21,24,488.828,488.883,0.055
2026-04-22,24,488.833,488.877,0.044
2026-04-23,24,488.814,488.896,0.082
2026-04-24,24,488.807,488.852,0.045
2026-04-25,24,488.814,488.84,0.026
2026-04-26,24,488.82,488.853,0.033
2026-04-27,24,488.8,488.87,0.07
2026-04-28,24,488.813,488.864,0.051
2026-04-29,24,488.808,488.852,0.044
2026-04-30,24,488.808,488.839,0.031
2026-05-01,24,488.795,488.832,0.037
2026-05-02,24,488.8,488.839,0.039
2026-05-03,24,488.769,488.832,0.063
2026-05-04,24,488.763,488.846,0.083
2026-05-05,24,488.756,488.858,0.102
2026-05-06,24,488.795,488.864,0.069
2026-05-07,24,488.795,488.839,0.044
2026-05-08,24,488.807,488.87,0.063
2026-05-09,24,488.84,488.889,0.049
2026-05-10,24,488.865,488.909,0.044
2026-05-11,24,488.891,488.956,0.065
2026-05-12,24,488.966,489.024,0.058
2026-05-13,24,488.967,489.238,0.271
2026-05-14,24,489.23,489.424,0.194
2026-05-15,24,489.32,489.391,0.071
2026-05-16,24,489.374,489.437,0.063
2026-05-17,24,489.373,489.449,0.076
2026-05-18,24,489.403,489.488,0.085
2026-05-19,24,489.463,489.52,0.057
2026-05-20,24,489.506,489.724,0.218
2026-05-21,24,489.597,489.655,0.058
2026-05-22,24,489.611,489.687,0.076
2026-05-23,24,489.617,489.7,0.083
2026-05-24,24,489.636,489.725,0.089
2026-05-25,24,489.616,489.732,0.116
2026-05-26,24,489.65,489.733,0.083
2026-05-27,24,489.681,489.785,0.104
2026-05-28,24,489.733,489.841,0.108
2026-05-29,24,489.764,489.829,0.065
2026-05-30,24,489.798,489.874,0.076
2026-05-31,24,489.784,489.893,0.109
2026-06-01,24,489.72,489.919,0.199
2026-06-02,24,489.701,489.732,0.031
2026-06-03,24,489.694,489.713,0.019
2026-06-04,24,489.688,489.706,0.018
2026-06-05,24,489.688,489.701,0.013
2026-06-06,24,489.687,489.707,0.02
2026-06-07,24,489.663,489.695,0.032
2026-06-08,24,489.676,489.687,0.011
2026-06-09,24,489.669,489.677,0.008
2026-06-10,24,489.668,489.689,0.021
2026-06-11,24,489.676,489.687,0.011
2026-06-12,24,489.669,489.701,0.032
2026-06-13,24,489.676,489.701,0.025
2026-06-14,24,489.676,489.694,0.018
2026-06-15,24,489.656,489.676,0.02
2026-06-16,24,489.655,489.677,0.022
2026-06-17,24,489.636,489.67,0.034
2026-06-18,24,489.622,489.656,0.034
2026-06-19,24,489.604,489.644,0.04
2026-06-20,24,489.604,489.63,0.026
2026-06-21,24,489.597,489.617,0.02
2026-06-22,24,489.598,489.623,0.025
2026-06-23,24,489.584,489.63,0.046
2026-06-24,24,489.597,489.617,0.02
2026-06-25,24,489.59,489.611,0.021
2026-06-26,24,489.572,489.611,0.039
2026-06-27,24,489.578,489.604,0.026
2026-07-11,59,489.224,489.251,0.027
2026-07-12,123,489.184,489.224,0.04
2026-07-13,125,489.134,489.191,0.057
2026-07-14,107,489.133,489.172,0.039
2026-07-15,113,489.126,489.165,0.039
2026-07-16,111,489.05,489.126,0.076
2026-07-17,112,489.017,489.074,0.057
2026-07-18,115,488.955,489.024,0.069
2026-07-19,137,488.942,488.992,0.05
2026-07-20,136,488.902,488.987,0.085
2026-07-21,136,488.82,488.922,0.102
2026-07-22,136,488.788,488.889,0.101
2026-07-23,140,488.712,488.846,0.134
2026-07-24,137,488.628,488.77,0.142
2026-07-25,138,488.524,488.659,0.135
2026-07-26,135,488.49,488.608,0.118
2026-07-27,132,488.394,488.523,0.129
2026-07-28,134,488.297,488.426,0.129
2026-07-29,131,488.202,488.362,0.16
2026-07-30,130,488.131,488.289,0.158
2026-07-31,131,488.138,488.27,0.132
2026-08-01,135,488.111,488.24,0.129
2026-08-02,137,488.125,488.316,0.191
2026-08-03,133,488.085,488.17,0.085
2026-08-04,133,487.938,488.134,0.196
2026-08-05,141,487.92,488.091,0.171
2026-08-06,132,487.913,487.976,0.063
2026-08-07,139,487.893,487.97,0.077
2026-08-08,137,487.932,488.008,0.076
2026-08-09,134,487.99,488.143,0.153
2026-08-10,138,488.078,488.202,0.124
2026-08-11,139,488.156,488.483,0.327
2026-08-12,143,488.283,488.374,0.091
2026-08-13,140,488.356,488.858,0.502
2026-08-14,141,488.49,488.965,0.475
2026-08-15,140,488.556,488.965,0.409
2026-08-16,138,488.588,488.832,0.244
2026-08-17,138,488.648,488.839,0.191
2026-08-18,141,488.686,488.895,0.209
2026-08-19,136,488.704,488.852,0.148
2026-08-20,135,488.692,488.787,0.095
2026-08-21,141,488.744,488.997,0.253
2026-08-22,136,488.686,489.088,0.402
2026-08-23,137,488.679,489.003,0.324
2026-08-24,138,488.635,488.787,0.152
2026-08-25,139,488.595,488.787,0.192
2026-08-26,142,488.496,488.832,0.336
2026-08-27,140,488.446,488.972,0.526
2026-08-28,141,488.368,489.01,0.642
2026-08-29,142,488.289,488.858,0.569
2026-08-30,142,488.234,489.135,0.901
2026-08-31,139,488.17,488.296,0.126
2026-09-01,139,488.059,488.696,0.637
2026-09-02,140,487.958,488.433,0.475
2026-09-03,136,487.989,488.175,0.186
2026-09-04,138,488.104,488.336,0.232
2026-09-05,121,488.097,488.276,0.179
2026-09-06,134,488.201,488.517,0.316
2026-09-07,132,488.166,488.647,0.481
