Date,Q_in_t (m3/day),Water_Level_t (m),Storage_S_t (m3),DeltaS_t (m3/day),%Full_t,Rain_obs_t (mm),API_t (mm),y1=Q_in_t+1 (m3/day),y2=Q_in_t+2 (m3/day),y3=Q_in_t+3 (m3/day),y4=Q_in_t+4 (m3/day),y5=Q_in_t+5 (m3/day),y6=Q_in_t+6 (m3/day),y7=Q_in_t+7 (m3/day),manual_copy_paste_error_corrected,correction_note,data_lineage_uncertain,lineage_group,training_value_replaced_no_duplicate_evidence,raw_diverged_from_training_snapshot
2025-06-27,15819.46327,489.48602,1607444.593,0.0,98.8953238,0.6,0.6,20860.08151,19003.23195,16000.8639,16137.62109,18000.43032,16551.13555,21950.32228,False,,False,GROUP_A_CLEAN,False,False
2025-06-28,20860.08151,489.506,1613444.932,6000.338916,99.26448456,3.8,4.37,19003.23195,16000.8639,16137.62109,18000.43032,16551.13555,21950.32228,22689.8276,False,,False,GROUP_A_CLEAN,False,False
2025-06-29,19003.23195,489.51102,1616447.3,3002.368055,99.4492002,0.0,4.1515,16000.8639,16137.62109,18000.43032,16551.13555,21950.32228,22689.8276,41715.18892,False,,False,GROUP_A_CLEAN,False,False
2025-06-30,16000.8639,489.51102,1616447.3,0.0,99.4492002,0.0,3.943925,16137.62109,18000.43032,16551.13555,21950.32228,22689.8276,41715.18892,41682.05793,False,,False,GROUP_A_CLEAN,False,False
2025-07-01,16137.62109,489.518,1616447.3,,99.4492002,0.0,3.74672875,18000.43032,16551.13555,21950.32228,22689.8276,41715.18892,41682.05793,38705.21174,False,,False,GROUP_A_CLEAN,False,False
2025-07-02,18000.43032,489.524,1619451.317,3004.017036,99.63401729,3.8,7.359392312,16551.13555,21950.32228,22689.8276,41715.18892,41682.05793,38705.21174,33915.23481,False,,False,GROUP_A_CLEAN,False,False
2025-07-03,16551.13555,489.524,1619451.317,0.0,99.63401729,0.0,6.991422697,21950.32228,22689.8276,41715.18892,41682.05793,38705.21174,33915.23481,16680.98583,False,,False,GROUP_A_CLEAN,False,False
2025-07-04,21950.32228,489.557,1628472.306,9020.988715,100.1890185,30.2,36.84185156,22689.8276,41715.18892,41682.05793,38705.21174,33915.23481,16680.98583,9699.625829,False,,False,GROUP_A_CLEAN,False,False
2025-07-05,22689.8276,489.557,1628472.306,0.0,100.1890185,0.4,35.39975898,41715.18892,41682.05793,38705.21174,33915.23481,16680.98583,9699.625829,20534.22295,False,,False,GROUP_A_CLEAN,False,False
2025-07-06,41715.18892,489.577,1634494.017,6021.710759,100.5594941,17.2,50.82977103,41682.05793,38705.21174,33915.23481,16680.98583,9699.625829,20534.22295,62384.33775,False,,False,GROUP_A_CLEAN,False,False
2025-07-07,41682.05793,489.577,1634494.017,0.0,100.5594941,0.0,48.28828248,38705.21174,33915.23481,16680.98583,9699.625829,20534.22295,62384.33775,48379.88481,False,,False,GROUP_A_CLEAN,False,False
2025-07-08,38705.21174,489.577,1634494.017,0.0,100.5594941,0.0,45.87386836,33915.23481,16680.98583,9699.625829,20534.22295,62384.33775,48379.88481,38218.91971,False,,False,GROUP_A_CLEAN,False,False
2025-07-09,33915.23481,489.57,1634494.017,0.0,100.5594941,0.0,43.58017494,16680.98583,9699.625829,20534.22295,62384.33775,48379.88481,38218.91971,783908.4487,False,,False,GROUP_A_CLEAN,False,False
2025-07-10,16680.98583,489.564,1631482.395,-3011.621339,100.3742091,8.6,50.00116619,9699.625829,20534.22295,62384.33775,48379.88481,38218.91971,783908.4487,421045.5925,False,,False,GROUP_A_CLEAN,False,False
2025-07-11,9699.625829,489.544,1625463.759,-6018.636154,100.0039227,1.4,48.90110788,20534.22295,62384.33775,48379.88481,38218.91971,783908.4487,421045.5925,247151.6044,False,,False,GROUP_A_CLEAN,False,False
2025-07-12,20534.22295,489.531,1622456.773,-3006.986117,99.81892291,5.2,51.65605249,62384.33775,48379.88481,38218.91971,783908.4487,421045.5925,247151.6044,142706.7185,False,,False,GROUP_A_CLEAN,False,False
2025-07-13,62384.33775,489.589,1637507.22,15050.44684,100.7448763,31.6,80.67324987,48379.88481,38218.91971,783908.4487,421045.5925,247151.6044,142706.7185,99633.96165,False,,False,GROUP_A_CLEAN,False,False
2025-07-14,48379.88481,489.583,1637507.22,0.0,100.7448763,0.0,76.63958737,38218.91971,783908.4487,421045.5925,247151.6044,142706.7185,99633.96165,81725.68946,False,,False,GROUP_A_CLEAN,False,False
2025-07-15,38218.91971,489.57,1634494.017,-3013.203227,100.5594941,0.0,72.807608,783908.4487,421045.5925,247151.6044,142706.7185,99633.96165,81725.68946,54196.43451,False,,False,GROUP_A_CLEAN,False,False
2025-07-16,783908.4487,489.853,1719668.702,85174.68587,105.7997233,78.8,147.9672276,421045.5925,247151.6044,142706.7185,99633.96165,81725.68946,54196.43451,1408228.32,False,,False,GROUP_A_CLEAN,False,False
2025-07-17,421045.5925,489.763,1692113.662,-27555.04081,104.1044458,4.2,144.7688662,247151.6044,142706.7185,99633.96165,81725.68946,54196.43451,1408228.32,1123235.031,False,,False,GROUP_A_CLEAN,False,False
2025-07-18,247151.6044,489.698,1670813.482,-21300.17918,102.7939881,4.2,141.7304229,142706.7185,99633.96165,81725.68946,54196.43451,1408228.32,1123235.031,618651.2627,False,,False,GROUP_A_CLEAN,False,False
2025-07-19,142706.7185,489.648,1655645.161,-15168.32093,101.8607826,0.0,134.6439018,99633.96165,81725.68946,54196.43451,1408228.32,1123235.031,618651.2627,482554.306,False,,False,GROUP_A_CLEAN,False,False
2025-07-20,99633.96165,489.608,1643538.216,-12106.94498,101.1159232,0.0,127.9117067,81725.68946,54196.43451,1408228.32,1123235.031,618651.2627,482554.306,569451.1606,False,,False,GROUP_A_CLEAN,False,False
2025-07-21,81725.68946,489.608,1643538.216,0.0,101.1159232,19.8,141.3161213,54196.43451,1408228.32,1123235.031,618651.2627,482554.306,569451.1606,1013858.928,False,,False,GROUP_A_CLEAN,False,False
2025-07-22,54196.43451,489.589,1637507.22,-6030.996747,100.7448763,0.0,134.2503153,1408228.32,1123235.031,618651.2627,482554.306,569451.1606,1013858.928,693172.309,False,,False,GROUP_A_CLEAN,False,False
2025-07-23,1408228.32,489.801,1704320.268,66813.04827,104.8554367,58.6,186.1377995,1123235.031,618651.2627,482554.306,569451.1606,1013858.928,693172.309,814190.4286,False,,False,GROUP_A_CLEAN,False,False
2025-07-24,1123235.031,489.943,1747400.295,43080.02654,107.5058629,39.8,216.6309095,618651.2627,482554.306,569451.1606,1013858.928,693172.309,814190.4286,524269.6341,False,,False,GROUP_A_CLEAN,False,False
2025-07-25,618651.2627,489.82098,1710454.436,-36945.85821,105.2328311,8.8,214.5993641,482554.306,569451.1606,1013858.928,693172.309,814190.4286,524269.6341,376758.4906,False,,False,GROUP_A_CLEAN,False,False
2025-07-26,482554.306,489.769,1692113.662,-18340.77476,104.1044458,6.0,209.8693959,569451.1606,1013858.928,693172.309,814190.4286,524269.6341,376758.4906,279414.6576,False,,False,GROUP_A_CLEAN,False,False
2025-07-27,569451.1606,489.73,1682975.653,-9138.008809,103.5422452,0.0,199.3759261,1013858.928,693172.309,814190.4286,524269.6341,376758.4906,279414.6576,177123.0132,False,,False,GROUP_A_CLEAN,False,False
2025-07-28,1013858.928,489.911,1738141.517,55165.86375,106.9362321,50.4,239.8071298,693172.309,814190.4286,524269.6341,376758.4906,279414.6576,177123.0132,95934.47833,False,,False,GROUP_A_CLEAN,False,False
2025-07-29,693172.309,489.82,1710454.436,-27687.08018,105.2328311,0.4,228.2167733,814190.4286,524269.6341,376758.4906,279414.6576,177123.0132,95934.47833,32089.46844,False,,False,GROUP_A_CLEAN,False,False
2025-07-30,814190.4286,489.86,1722743.388,12288.95174,105.9888882,24.8,241.6059346,524269.6341,376758.4906,279414.6576,177123.0132,95934.47833,32089.46844,7940.225858,False,,False,GROUP_A_CLEAN,False,False
2025-07-31,524269.6341,489.789,1698213.643,-24529.74539,104.4797369,0.4,229.9256379,376758.4906,279414.6576,177123.0132,95934.47833,32089.46844,7940.225858,4150.658628,False,,False,GROUP_A_CLEAN,False,False
2025-08-01,376758.4906,489.736,1682975.653,-15237.98993,103.5422452,1.6,220.029356,279414.6576,177123.0132,95934.47833,32089.46844,7940.225858,4150.658628,6751.385426,False,,False,GROUP_A_CLEAN,False,False
2025-08-02,279414.6576,489.704,1673851.741,-9123.912071,102.9809118,0.0,209.0278882,177123.0132,95934.47833,32089.46844,7940.225858,4150.658628,6751.385426,6105.144154,False,,False,GROUP_A_CLEAN,False,False
2025-08-03,177123.0132,489.66,1661708.017,-12143.7239,102.2337897,0.0,198.5764938,95934.47833,32089.46844,7940.225858,4150.658628,6751.385426,6105.144154,7134.920614,False,,False,GROUP_A_CLEAN,False,False
2025-08-04,95934.47833,489.62,1649588.472,-12119.54526,101.488155,0.0,188.6476691,32089.46844,7940.225858,4150.658628,6751.385426,6105.144154,7134.920614,4248.592377,False,,False,GROUP_A_CLEAN,False,False
2025-08-05,32089.46844,489.583,1637507.22,-12081.2518,100.7448763,0.0,179.2152856,7940.225858,4150.658628,6751.385426,6105.144154,7134.920614,4248.592377,13195.05483,False,,False,GROUP_A_CLEAN,False,False
2025-08-06,7940.225858,489.551,1628472.306,-9034.913986,100.1890185,2.0,172.2545214,4150.658628,6751.385426,6105.144154,7134.920614,4248.592377,13195.05483,58290.83119,False,,False,GROUP_A_CLEAN,False,False
2025-08-07,4150.658628,489.517,1616447.3,-12025.00575,99.4492002,0.0,163.6417953,6751.385426,6105.144154,7134.920614,4248.592377,13195.05483,58290.83119,98994.80942,False,,False,GROUP_A_CLEAN,False,False
2025-08-08,6751.385426,489.486,1607444.593,-9002.706971,98.8953238,1.4,156.8597055,6105.144154,7134.920614,4248.592377,13195.05483,58290.83119,98994.80942,124187.953,False,,False,GROUP_A_CLEAN,False,False
2025-08-09,6105.144154,489.454,1598455.472,-8989.120596,98.34228325,3.6,152.6167202,7134.920614,4248.592377,13195.05483,58290.83119,98994.80942,124187.953,677549.2295,False,,False,GROUP_A_CLEAN,False,False
2025-08-10,7134.920614,489.421,1589479.778,-8975.69463,97.79006878,0.2,145.1858842,4248.592377,13195.05483,58290.83119,98994.80942,124187.953,677549.2295,986564.2205,False,,False,GROUP_A_CLEAN,False,False
2025-08-11,4248.592377,489.383,1577566.835,-11912.9429,97.05714501,0.0,137.92659,13195.05483,58290.83119,98994.80942,124187.953,677549.2295,986564.2205,659131.977,False,,False,GROUP_A_CLEAN,False,False
2025-08-12,13195.05483,489.371,1574601.027,-2965.808009,96.87467866,0.0,131.0302605,58290.83119,98994.80942,124187.953,677549.2295,986564.2205,659131.977,412548.0322,False,,False,GROUP_A_CLEAN,False,False
2025-08-13,58290.83119,489.492,1610444.017,35842.99045,99.07985831,27.0,151.4787475,98994.80942,124187.953,677549.2295,986564.2205,659131.977,412548.0322,273036.4445,False,,False,GROUP_A_CLEAN,False,False
2025-08-14,98994.80942,489.602,1643538.216,33094.19914,101.1159232,11.6,155.5048101,124187.953,677549.2295,986564.2205,659131.977,412548.0322,273036.4445,180929.541,False,,False,GROUP_A_CLEAN,False,False
2025-08-15,124187.953,489.577,1634494.017,-9044.199974,100.5594941,4.0,151.7295696,677549.2295,986564.2205,659131.977,412548.0322,273036.4445,180929.541,166176.7554,False,,False,GROUP_A_CLEAN,False,False
2025-08-16,677549.2295,489.692,1670813.482,36319.46588,102.7939881,32.2,176.3430911,986564.2205,659131.977,412548.0322,273036.4445,180929.541,166176.7554,178085.3012,False,,False,GROUP_A_CLEAN,False,False
2025-08-17,986564.2205,489.88,1728897.661,58084.17909,106.3675194,47.2,214.7259366,659131.977,412548.0322,273036.4445,180929.541,166176.7554,178085.3012,337514.6083,False,,False,GROUP_A_CLEAN,False,False
2025-08-18,659131.977,489.833,1713524.234,-15373.42774,105.4216952,10.6,214.5896397,412548.0322,273036.4445,180929.541,166176.7554,178085.3012,337514.6083,215817.9634,False,,False,GROUP_A_CLEAN,False,False
2025-08-19,412548.0322,489.757,1689066.069,-24458.16461,103.9169478,0.0,203.8601578,273036.4445,180929.541,166176.7554,178085.3012,337514.6083,215817.9634,237530.4862,False,,False,GROUP_A_CLEAN,False,False
2025-08-20,273036.4445,489.705,1673851.741,-15214.32843,102.9809118,0.8,194.4671499,180929.541,166176.7554,178085.3012,337514.6083,215817.9634,237530.4862,933148.8432,False,,False,GROUP_A_CLEAN,False,False
2025-08-21,180929.541,489.666,1661708.017,-12143.7239,102.2337897,0.0,184.7437924,166176.7554,178085.3012,337514.6083,215817.9634,237530.4862,933148.8432,682947.4931,False,,False,GROUP_A_CLEAN,False,False
2025-08-22,166176.7554,489.654,1658675.796,-3032.220649,102.0472374,15.2,190.7066028,178085.3012,337514.6083,215817.9634,237530.4862,933148.8432,682947.4931,457141.1066,False,,False,GROUP_A_CLEAN,False,False
2025-08-23,178085.3012,489.634,1652616.006,-6059.790062,101.674419,13.4,194.5712726,337514.6083,215817.9634,237530.4862,933148.8432,682947.4931,457141.1066,337714.7611,False,,False,GROUP_A_CLEAN,False,False
2025-08-24,337514.6083,489.705,1673851.741,21235.73461,102.9809118,7.2,192.042709,215817.9634,237530.4862,933148.8432,682947.4931,457141.1066,337714.7611,299004.8063,False,,False,GROUP_A_CLEAN,False,False
2025-08-25,215817.9634,489.686,1667776.83,-6074.910805,102.6071632,14.0,196.4405735,237530.4862,933148.8432,682947.4931,457141.1066,337714.7611,299004.8063,237129.5711,False,,False,GROUP_A_CLEAN,False,False
2025-08-26,237530.4862,489.648,1655645.161,-12131.66843,101.8607826,12.8,199.4185449,933148.8432,682947.4931,457141.1066,337714.7611,299004.8063,237129.5711,196072.6409,False,,False,GROUP_A_CLEAN,False,False
2025-08-27,933148.8432,489.872,1725819.694,70174.53236,106.1781527,36.4,225.8476176,682947.4931,457141.1066,337714.7611,299004.8063,237129.5711,196072.6409,192464.8148,False,,False,GROUP_A_CLEAN,False,False
2025-08-28,682947.4931,489.839,1713524.234,-12295.46009,105.4216952,23.0,237.5552367,457141.1066,337714.7611,299004.8063,237129.5711,196072.6409,192464.8148,128748.9169,False,,False,GROUP_A_CLEAN,False,False
2025-08-29,457141.1066,489.77,1695162.852,-18361.38177,104.2920421,0.0,225.6774749,337714.7611,299004.8063,237129.5711,196072.6409,192464.8148,128748.9169,78859.64974,False,,False,GROUP_A_CLEAN,False,False
2025-08-30,337714.7611,489.717,1676891.46,-18271.39194,103.1679254,0.0,214.3936012,299004.8063,237129.5711,196072.6409,192464.8148,128748.9169,78859.64974,44276.17695,False,,False,GROUP_A_CLEAN,False,False
2025-08-31,299004.8063,489.705,1673851.741,-3039.719337,102.9809118,13.4,217.0739211,237129.5711,196072.6409,192464.8148,128748.9169,78859.64974,44276.17695,21265.00447,False,,False,GROUP_A_CLEAN,False,False
2025-09-01,237129.5711,489.68,1667776.83,-6074.910805,102.6071632,3.8,210.020225,196072.6409,192464.8148,128748.9169,78859.64974,44276.17695,21265.00447,9147.605904,False,,False,GROUP_A_CLEAN,False,False
2025-09-02,196072.6409,489.661,1661708.017,-6068.813094,102.2337897,1.4,200.9192138,192464.8148,128748.9169,78859.64974,44276.17695,21265.00447,9147.605904,7149.835816,False,,False,GROUP_A_CLEAN,False,False
2025-09-03,192464.8148,489.661,1661708.017,0.0,102.2337897,3.2,194.0732531,128748.9169,78859.64974,44276.17695,21265.00447,9147.605904,7149.835816,7161.837657,False,,False,GROUP_A_CLEAN,False,False
2025-09-04,128748.9169,489.63998,1652616.006,-9092.010711,101.674419,0.0,184.3695904,78859.64974,44276.17695,21265.00447,9147.605904,7149.835816,7161.837657,11367.8161,False,,False,GROUP_A_CLEAN,False,False
2025-09-05,78859.64974,489.608,1643538.216,-9077.789598,101.1159232,0.0,175.1511109,44276.17695,21265.00447,9147.605904,7149.835816,7161.837657,11367.8161,7177.536098,False,,False,GROUP_A_CLEAN,False,False
2025-09-06,44276.17695,489.589,1637507.22,-6030.996747,100.7448763,0.0,166.3935554,21265.00447,9147.605904,7149.835816,7161.837657,11367.8161,7177.536098,4201.392511,False,,False,GROUP_A_CLEAN,False,False
2025-09-07,21265.00447,489.564,1631482.395,-6024.824566,100.3742091,0.0,158.0738776,9147.605904,7149.835816,7161.837657,11367.8161,7177.536098,4201.392511,7248.724281,False,,False,GROUP_A_CLEAN,False,False
2025-09-08,9147.605904,489.544,1625463.759,-6018.636154,100.0039227,4.4,154.5701837,7149.835816,7161.837657,11367.8161,7177.536098,4201.392511,7248.724281,5663.274859,False,,False,GROUP_A_CLEAN,False,False
2025-09-09,7149.835816,489.518,1616447.3,-9016.459017,99.4492002,0.0,146.8416745,7161.837657,11367.8161,7177.536098,4201.392511,7248.724281,5663.274859,11472.30957,False,,False,GROUP_A_CLEAN,False,False
2025-09-10,7161.837657,489.486,1607444.593,-9002.706971,98.8953238,0.0,139.4995908,11367.8161,7177.536098,4201.392511,7248.724281,5663.274859,11472.30957,13190.01488,False,,False,GROUP_A_CLEAN,False,False
2025-09-11,11367.8161,489.474,1604446.719,-2997.874472,98.71088464,6.0,138.5246113,7177.536098,4201.392511,7248.724281,5663.274859,11472.30957,13190.01488,1374.860905,False,,False,GROUP_A_CLEAN,False,False
2025-09-12,7177.536098,489.448,1595462.016,-8984.702263,98.15811591,0.0,131.5983807,4201.392511,7248.724281,5663.274859,11472.30957,13190.01488,1374.860905,2823.602858,False,,False,GROUP_A_CLEAN,False,False
2025-09-13,4201.392511,489.409,1583503.915,-11958.10092,97.42241387,0.0,125.0184617,7248.724281,5663.274859,11472.30957,13190.01488,1374.860905,2823.602858,970.0865244,False,,False,GROUP_A_CLEAN,False,False
2025-09-14,7248.724281,489.372,1574601.027,-8902.888478,96.87467866,0.0,118.7675386,5663.274859,11472.30957,13190.01488,1374.860905,2823.602858,970.0865244,8280.187683,False,,False,GROUP_A_CLEAN,False,False
2025-09-15,5663.274859,489.359,1568674.678,-5926.349156,96.51007001,15.4,128.2291617,11472.30957,13190.01488,1374.860905,2823.602858,970.0865244,8280.187683,3890.809136,False,,False,GROUP_A_CLEAN,False,False
2025-09-16,11472.30957,489.343,1565714.016,-2960.661418,96.32792027,5.8,127.6177036,13190.01488,1374.860905,2823.602858,970.0865244,8280.187683,3890.809136,1038.320391,False,,False,GROUP_A_CLEAN,False,False
2025-09-17,13190.01488,489.337,1562754.998,-2959.018665,96.14587166,0.0,121.2368184,1374.860905,2823.602858,970.0865244,8280.187683,3890.809136,1038.320391,1525.763429,False,,False,GROUP_A_CLEAN,False,False
2025-09-18,1374.860905,489.284,1547983.877,-14771.12093,95.2371033,0.0,115.1749775,2823.602858,970.0865244,8280.187683,3890.809136,1038.320391,1525.763429,13797.65369,False,,False,GROUP_A_CLEAN,False,False
2025-09-19,2823.602858,489.246,1536194.835,-11789.04161,94.51180233,5.2,114.6162286,970.0865244,8280.187683,3890.809136,1038.320391,1525.763429,13797.65369,7375.965754,False,,False,GROUP_A_CLEAN,False,False
2025-09-20,970.0865244,489.198,1521494.767,-14700.0682,93.60740538,1.6,110.4854172,8280.187683,3890.809136,1038.320391,1525.763429,13797.65369,7375.965754,7382.317162,False,,False,GROUP_A_CLEAN,False,False
2025-09-21,8280.187683,489.173,1515629.657,-5865.110318,93.24656435,6.8,111.7611463,3890.809136,1038.320391,1525.763429,13797.65369,7375.965754,7382.317162,7097.322893,False,,False,GROUP_A_CLEAN,False,False
2025-09-22,3890.809136,489.135,1503910.109,-11719.54715,92.52553888,1.8,107.973089,1038.320391,1525.763429,13797.65369,7375.965754,7382.317162,7097.322893,4484.044161,False,,False,GROUP_A_CLEAN,False,False
2025-09-23,1038.320391,489.089,1489280.506,-14629.60363,91.62547717,1.6,104.1744346,1525.763429,13797.65369,7375.965754,7382.317162,7097.322893,4484.044161,5657.864205,False,,False,GROUP_A_CLEAN,False,False
2025-09-24,1525.763429,489.03198,1474672.181,-14608.32447,90.72672456,0.0,98.96571282,13797.65369,7375.965754,7382.317162,7097.322893,4484.044161,5657.864205,15817.94021,False,,False,GROUP_A_CLEAN,False,False
2025-09-25,13797.65369,489.044,1477592.142,2919.960693,90.90637025,18.0,112.0174272,7375.965754,7382.317162,7097.322893,4484.044161,5657.864205,15817.94021,6919.141348,False,,False,GROUP_A_CLEAN,False,False
2025-09-26,7375.965754,489.018,1468834.663,-8757.479247,90.36758109,0.0,106.4165558,7382.317162,7097.322893,4484.044161,5657.864205,15817.94021,6919.141348,13143.43728,False,,False,GROUP_A_CLEAN,False,False
2025-09-27,7382.317162,488.986,1460084.487,-8750.176009,89.82924123,0.0,101.095728,7097.322893,4484.044161,5657.864205,15817.94021,6919.141348,13143.43728,9657.860847,False,,False,GROUP_A_CLEAN,False,False
2025-09-28,7097.322893,488.956,1451341.562,-8742.924742,89.29134748,1.0,97.04094163,4484.044161,5657.864205,15817.94021,6919.141348,13143.43728,9657.860847,9370.36047,False,,False,GROUP_A_CLEAN,False,False
2025-09-29,4484.044161,488.91,1439695.282,-11646.28009,88.5748297,0.0,92.18889455,5657.864205,15817.94021,6919.141348,13143.43728,9657.860847,9370.36047,4441.719105,False,,False,GROUP_A_CLEAN,False,False
2025-09-30,5657.864205,488.892,1433876.883,-5818.398939,88.2168625,16.0,103.5794498,15817.94021,6919.141348,13143.43728,9657.860847,9370.36047,4441.719105,4452.956377,False,,False,GROUP_A_CLEAN,False,False
2025-10-01,15817.94021,488.904,1436785.673,2908.790296,88.39582091,10.8,109.2004773,6919.141348,13143.43728,9657.860847,9370.36047,4441.719105,4452.956377,17843.03491,False,,False,GROUP_A_CLEAN,False,False
2025-10-02,6919.141348,488.879,1428061.56,-8724.11345,87.85908453,1.4,105.1404535,13143.43728,9657.860847,9370.36047,4441.719105,4452.956377,17843.03491,62279.20595,False,,False,GROUP_A_CLEAN,False,False
2025-10-03,13143.43728,488.866,1425155.067,-2906.492944,87.68026744,0.0,99.88343079,9657.860847,9370.36047,4441.719105,4452.956377,17843.03491,62279.20595,24086.84776,False,,False,GROUP_A_CLEAN,False,False
2025-10-04,9657.860847,488.848,1419344.468,-5810.598949,87.32278012,2.0,96.88925925,9370.36047,4441.719105,4452.956377,17843.03491,62279.20595,24086.84776,13139.92677,False,,False,GROUP_A_CLEAN,False,False
2025-10-05,9370.36047,488.82098,1413536.922,-5807.545677,86.96548062,3.0,95.04479629,4441.719105,4452.956377,17843.03491,62279.20595,24086.84776,13139.92677,10229.76092,False,,False,GROUP_A_CLEAN,False,False
2025-10-06,4441.719105,488.789,1401930.958,-11605.96469,86.25144321,0.0,90.29255647,4452.956377,17843.03491,62279.20595,24086.84776,13139.92677,10229.76092,10232.38318,False,,False,GROUP_A_CLEAN,False,False
2025-10-07,4452.956377,488.745,1390337.34,-11593.61774,85.53816537,0.0,85.77792865,17843.03491,62279.20595,24086.84776,13139.92677,10229.76092,10232.38318,9595.383744,False,,False,GROUP_A_CLEAN,False,False
2025-10-08,17843.03491,488.75198,1393234.632,2897.291744,85.71641639,3.8,85.28903222,62279.20595,24086.84776,13139.92677,10229.76092,10232.38318,9595.383744,41838.35377,False,,False,GROUP_A_CLEAN,False,False
2025-10-09,62279.20595,488.91,1439695.282,46460.65034,88.5748297,0.8,81.82458061,24086.84776,13139.92677,10229.76092,10232.38318,9595.383744,41838.35377,42136.96355,False,,False,GROUP_A_CLEAN,False,False
2025-10-10,24086.84776,488.943,1448428.874,8733.591912,89.11214926,2.4,80.13335158,13139.92677,10229.76092,10232.38318,9595.383744,41838.35377,42136.96355,73149.23138,False,,False,GROUP_A_CLEAN,False,False
2025-10-11,13139.92677,488.936,1445516.874,-2911.999786,88.93299336,0.0,76.126684,10229.76092,10232.38318,9595.383744,41838.35377,42136.96355,73149.23138,57575.84832,False,,False,GROUP_A_CLEAN,False,False
2025-10-12,10229.76092,488.917,1439695.282,-5821.592126,88.5748297,0.0,72.3203498,10232.38318,9595.383744,41838.35377,42136.96355,73149.23138,57575.84832,59597.44767,False,,False,GROUP_A_CLEAN,False,False
2025-10-13,10232.38318,488.891,1433876.883,-5818.398939,88.2168625,0.0,68.70433231,9595.383744,41838.35377,42136.96355,73149.23138,57575.84832,59597.44767,160128.781,False,,False,GROUP_A_CLEAN,False,False
2025-10-14,9595.383744,488.872,1428061.56,-5815.323153,87.85908453,2.2,67.46911569,41838.35377,42136.96355,73149.23138,57575.84832,59597.44767,160128.781,224197.73,False,,False,GROUP_A_CLEAN,False,False
2025-10-15,41838.35377,488.961,1454255.069,26193.50932,89.4705961,1.4,65.49565991,42136.96355,73149.23138,57575.84832,59597.44767,160128.781,224197.73,225138.1884,False,,False,GROUP_A_CLEAN,False,False
2025-10-16,42136.96355,489.07,1486357.156,32102.08687,91.44562299,20.6,82.82087691,73149.23138,57575.84832,59597.44767,160128.781,224197.73,225138.1884,173020.9705,False,,False,GROUP_A_CLEAN,False,False
2025-10-17,73149.23138,489.285,1547983.877,61626.72069,95.2371033,15.4,94.07983307,57575.84832,59597.44767,160128.781,224197.73,225138.1884,173020.9705,130773.2731,False,,False,GROUP_A_CLEAN,False,False
2025-10-18,57575.84832,489.424,1589479.778,41495.90108,97.79006878,0.0,89.37584141,59597.44767,160128.781,224197.73,225138.1884,173020.9705,130773.2731,77792.34878,False,,False,GROUP_A_CLEAN,False,False
2025-10-19,59597.44767,489.52798,1619451.317,29971.53923,99.63401729,0.0,84.90704934,160128.781,224197.73,225138.1884,173020.9705,130773.2731,77792.34878,44784.932,False,,False,GROUP_A_CLEAN,False,False
2025-10-20,160128.781,489.618,1646562.479,27111.1615,101.3019859,5.2,85.86169688,224197.73,225138.1884,173020.9705,130773.2731,77792.34878,44784.932,18567.95747,False,,False,GROUP_A_CLEAN,False,False
2025-10-21,224197.73,489.65698,1658675.796,12113.31761,102.0472374,0.0,81.56861203,225138.1884,173020.9705,130773.2731,77792.34878,44784.932,18567.95747,10123.89859,False,,False,GROUP_A_CLEAN,False,False
2025-10-22,225138.1884,489.671,1664741.673,6065.876418,102.4204302,0.0,77.49018143,173020.9705,130773.2731,77792.34878,44784.932,18567.95747,10123.89859,10072.89904,False,,False,GROUP_A_CLEAN,False,False
2025-10-23,173020.9705,489.65698,1658675.796,-6065.876418,102.0472374,0.0,73.61567236,130773.2731,77792.34878,44784.932,18567.95747,10123.89859,10072.89904,10077.86517,False,,False,GROUP_A_CLEAN,False,False
2025-10-24,130773.2731,489.638,1652616.006,-6059.790062,101.674419,0.0,69.93488874,77792.34878,44784.932,18567.95747,10123.89859,10072.89904,10077.86517,10082.82849,False,,False,GROUP_A_CLEAN,False,False
2025-10-25,77792.34878,489.606,1643538.216,-9077.789598,101.1159232,0.0,66.4381443,44784.932,18567.95747,10123.89859,10072.89904,10077.86517,10082.82849,8473.811984,False,,False,GROUP_A_CLEAN,False,False
2025-10-26,44784.932,489.587,1637507.22,-6030.996747,100.7448763,0.0,63.11623709,18567.95747,10123.89859,10072.89904,10077.86517,10082.82849,8473.811984,13211.63781,False,,False,GROUP_A_CLEAN,False,False
2025-10-27,18567.95747,489.561,1631482.395,-6024.824566,100.3742091,0.0,59.96042523,10123.89859,10072.89904,10077.86517,10082.82849,8473.811984,13211.63781,6860.046444,False,,False,GROUP_A_CLEAN,False,False
2025-10-28,10123.89859,489.542,1625463.759,-6018.636154,100.0039227,0.0,56.96240397,10072.89904,10077.86517,10082.82849,8473.811984,13211.63781,6860.046444,10042.45299,False,,False,GROUP_A_CLEAN,False,False
2025-10-29,10072.89904,489.521,1619451.317,-6012.441982,99.63401729,0.0,54.11428377,10077.86517,10082.82849,8473.811984,13211.63781,6860.046444,10042.45299,16504.94754,False,,False,GROUP_A_CLEAN,False,False
2025-10-30,10077.86517,489.50198,1613444.932,-6006.38509,99.26448456,0.0,51.40856959,10082.82849,8473.811984,13211.63781,6860.046444,10042.45299,16504.94754,15909.04979,False,,False,GROUP_A_CLEAN,False,False
2025-10-31,10082.82849,489.483,1607444.593,-6000.338916,98.8953238,0.0,48.83814111,8473.811984,13211.63781,6860.046444,10042.45299,16504.94754,15909.04979,4769.251218,False,,False,GROUP_A_CLEAN,False,False
2025-11-01,8473.811984,489.483,1607444.593,0.0,98.8953238,25.2,71.59623405,13211.63781,6860.046444,10042.45299,16504.94754,15909.04979,4769.251218,41386.16318,False,,False,GROUP_A_CLEAN,False,False
2025-11-02,13211.63781,489.483,1607444.593,0.0,98.8953238,9.4,77.41642235,6860.046444,10042.45299,16504.94754,15909.04979,4769.251218,41386.16318,324364.2618,False,,False,GROUP_A_CLEAN,False,False
2025-11-03,6860.046444,489.451,1598455.472,-8989.120596,98.34228325,0.6,74.14560123,10042.45299,16504.94754,15909.04979,4769.251218,41386.16318,324364.2618,368655.7589,False,,False,GROUP_A_CLEAN,False,False
2025-11-04,10042.45299,489.438,1592470.127,-5985.345683,97.97404497,0.0,70.43832117,16504.94754,15909.04979,4769.251218,41386.16318,324364.2618,368655.7589,323848.5107,False,,False,GROUP_A_CLEAN,False,False
2025-11-05,16504.94754,489.451,1598455.472,5985.345683,98.34228325,18.4,85.31640511,15909.04979,4769.251218,41386.16318,324364.2618,368655.7589,323848.5107,280267.5819,False,,False,GROUP_A_CLEAN,False,False
2025-11-06,15909.04979,489.457,1598455.472,0.0,98.34228325,0.4,81.45058486,4769.251218,41386.16318,324364.2618,368655.7589,323848.5107,280267.5819,238079.5936,False,,False,GROUP_A_CLEAN,False,False
2025-11-07,4769.251218,489.445,1595462.016,-2993.456139,98.15811591,0.0,77.37805561,41386.16318,324364.2618,368655.7589,323848.5107,280267.5819,238079.5936,213597.8043,False,,False,GROUP_A_CLEAN,False,False
2025-11-08,41386.16318,489.464,1601450.345,5988.328369,98.52653778,0.4,73.90915283,324364.2618,368655.7589,323848.5107,280267.5819,238079.5936,213597.8043,192495.6258,False,,False,GROUP_A_CLEAN,False,False
2025-11-09,324364.2618,489.677,1664741.673,63291.3279,102.4204302,42.4,112.6136952,368655.7589,323848.5107,280267.5819,238079.5936,213597.8043,192495.6258,175733.5078,False,,False,GROUP_A_CLEAN,False,False
2025-11-10,368655.7589,489.721,1679932.839,15191.1667,103.3550412,9.4,116.3830104,323848.5107,280267.5819,238079.5936,213597.8043,192495.6258,175733.5078,177813.5879,False,,False,GROUP_A_CLEAN,False,False
2025-11-11,323848.5107,489.715,1676891.46,-3041.379237,103.1679254,0.0,110.5638599,280267.5819,238079.5936,213597.8043,192495.6258,175733.5078,177813.5879,478550.4253,False,,False,GROUP_A_CLEAN,False,False
2025-11-12,280267.5819,489.702,1673851.741,-3039.719337,102.9809118,0.0,105.0356669,238079.5936,213597.8043,192495.6258,175733.5078,177813.5879,478550.4253,957422.9641,False,,False,GROUP_A_CLEAN,False,False
2025-11-13,238079.5936,489.68298,1667776.83,-6074.910805,102.6071632,0.0,99.78388357,213597.8043,192495.6258,175733.5078,177813.5879,478550.4253,957422.9641,893123.0281,False,,False,GROUP_A_CLEAN,False,False
2025-11-14,213597.8043,489.671,1664741.673,-3035.157326,102.4204302,0.0,94.79468939,192495.6258,175733.5078,177813.5879,478550.4253,957422.9641,893123.0281,612855.6841,False,,False,GROUP_A_CLEAN,False,False
2025-11-15,192495.6258,489.664,1661708.017,-3033.655769,102.2337897,0.0,90.05495492,175733.5078,177813.5879,478550.4253,957422.9641,893123.0281,612855.6841,490683.8478,False,,False,GROUP_A_CLEAN,False,False
2025-11-16,175733.5078,489.658,1658675.796,-3032.220649,102.0472374,0.0,85.55220717,177813.5879,478550.4253,957422.9641,893123.0281,612855.6841,490683.8478,433718.8696,False,,False,GROUP_A_CLEAN,False,False
2025-11-17,177813.5879,489.65698,1658675.796,0.0,102.0472374,0.0,81.27459682,478550.4253,957422.9641,893123.0281,612855.6841,490683.8478,433718.8696,379498.7529,False,,False,GROUP_A_CLEAN,False,False
2025-11-18,478550.4253,489.727,1679932.839,21257.04312,103.3550412,41.2,118.410867,957422.9641,893123.0281,612855.6841,490683.8478,433718.8696,379498.7529,345857.6981,False,,False,GROUP_A_CLEAN,False,False
2025-11-19,957422.9641,489.857,1719668.702,39735.86312,105.7997233,31.2,143.6903236,893123.0281,612855.6841,490683.8478,433718.8696,379498.7529,345857.6981,310615.1174,False,,False,GROUP_A_CLEAN,False,False
2025-11-20,893123.0281,489.88998,1728897.661,9228.959095,106.3675194,16.4,152.9058074,612855.6841,490683.8478,433718.8696,379498.7529,345857.6981,310615.1174,288864.6983,False,,False,GROUP_A_CLEAN,False,False
2025-11-21,612855.6841,489.818,1707386.391,-21511.27003,105.0440748,0.0,145.2605171,490683.8478,433718.8696,379498.7529,345857.6981,310615.1174,288864.6983,272042.7626,False,,False,GROUP_A_CLEAN,False,False
2025-11-22,490683.8478,489.774,1695162.852,-12223.53947,104.2920421,0.0,137.9974912,433718.8696,379498.7529,345857.6981,310615.1174,288864.6983,272042.7626,252600.3419,False,,False,GROUP_A_CLEAN,False,False
2025-11-23,433718.8696,489.754,1689066.069,-6096.782842,103.9169478,0.0,131.0976167,379498.7529,345857.6981,310615.1174,288864.6983,272042.7626,252600.3419,244914.3462,False,,False,GROUP_A_CLEAN,False,False
2025-11-24,379498.7529,489.734,1682975.653,-6090.416363,103.5422452,0.0,124.5427358,345857.6981,310615.1174,288864.6983,272042.7626,252600.3419,244914.3462,234203.9954,False,,False,GROUP_A_CLEAN,False,False
2025-11-25,345857.6981,489.721,1679932.839,-3042.813497,103.3550412,0.0,118.315599,310615.1174,288864.6983,272042.7626,252600.3419,244914.3462,234203.9954,228969.814,False,,False,GROUP_A_CLEAN,False,False
2025-11-26,310615.1174,489.70898,1673851.741,-6081.098574,102.9809118,0.0,112.3998191,288864.6983,272042.7626,252600.3419,244914.3462,234203.9954,228969.814,221736.015,False,,False,GROUP_A_CLEAN,False,False
2025-11-27,288864.6983,489.697,1670813.482,-3038.258303,102.7939881,0.0,106.7798281,272042.7626,252600.3419,244914.3462,234203.9954,228969.814,221736.015,209256.1983,False,,False,GROUP_A_CLEAN,False,False
2025-11-28,272042.7626,489.691,1670813.482,0.0,102.7939881,0.0,101.4408367,252600.3419,244914.3462,234203.9954,228969.814,221736.015,209256.1983,204367.7866,False,,False,GROUP_A_CLEAN,False,False
2025-11-29,252600.3419,489.684,1667776.83,-3036.652503,102.6071632,0.0,96.36879489,244914.3462,234203.9954,228969.814,221736.015,209256.1983,204367.7866,195214.2359,False,,False,GROUP_A_CLEAN,False,False
2025-11-30,244914.3462,489.684,1667776.83,0.0,102.6071632,0.0,91.55035514,234203.9954,228969.814,221736.015,209256.1983,204367.7866,195214.2359,178996.5079,False,,False,GROUP_A_CLEAN,False,False
2025-12-01,234203.9954,489.678,1664741.673,-3035.157326,102.4204302,0.0,86.97283738,228969.814,221736.015,209256.1983,204367.7866,195214.2359,178996.5079,176209.4196,False,,False,GROUP_A_CLEAN,False,False
2025-12-02,228969.814,489.671,1664741.673,0.0,102.4204302,0.0,82.62419551,221736.015,209256.1983,204367.7866,195214.2359,178996.5079,176209.4196,163832.4084,False,,False,GROUP_A_CLEAN,False,False
2025-12-03,221736.015,489.671,1664741.673,0.0,102.4204302,0.0,78.49298574,209256.1983,204367.7866,195214.2359,178996.5079,176209.4196,163832.4084,157267.6521,False,,False,GROUP_A_CLEAN,False,False
2025-12-04,209256.1983,489.664,1661708.017,-3033.655769,102.2337897,0.0,74.56833645,204367.7866,195214.2359,178996.5079,176209.4196,163832.4084,157267.6521,145062.0773,False,,False,GROUP_A_CLEAN,False,False
2025-12-05,204367.7866,489.664,1661708.017,0.0,102.2337897,0.0,70.83991963,195214.2359,178996.5079,176209.4196,163832.4084,157267.6521,145062.0773,161541.7941,False,,False,GROUP_A_CLEAN,False,False
2025-12-06,195214.2359,489.664,1661708.017,0.0,102.2337897,0.0,67.29792365,178996.5079,176209.4196,163832.4084,157267.6521,145062.0773,161541.7941,143688.1908,False,,False,GROUP_A_CLEAN,False,False
2025-12-07,178996.5079,489.65698,1658675.796,-3032.220649,102.0472374,0.0,63.93302747,176209.4196,163832.4084,157267.6521,145062.0773,161541.7941,143688.1908,152568.3366,False,,False,GROUP_A_CLEAN,False,False
2025-12-08,176209.4196,489.65698,1658675.796,0.0,102.0472374,0.0,60.73637609,163832.4084,157267.6521,145062.0773,161541.7941,143688.1908,152568.3366,147995.9588,False,,False,GROUP_A_CLEAN,False,False
2025-12-09,163832.4084,489.651,1658675.796,0.0,102.0472374,0.0,57.69955729,157267.6521,145062.0773,161541.7941,143688.1908,152568.3366,147995.9588,134491.2102,False,,False,GROUP_A_CLEAN,False,False
2025-12-10,157267.6521,489.645,1655645.161,-3030.634684,101.8607826,0.0,54.81457942,145062.0773,161541.7941,143688.1908,152568.3366,147995.9588,134491.2102,135923.1325,False,,False,GROUP_A_CLEAN,False,False
2025-12-11,145062.0773,489.638,1652616.006,-3029.155377,101.674419,0.0,52.07385045,161541.7941,143688.1908,152568.3366,147995.9588,134491.2102,135923.1325,126557.1003,False,,False,GROUP_A_CLEAN,False,False
2025-12-12,161541.7941,489.651,1658675.796,6059.790062,102.0472374,0.0,49.47015793,143688.1908,152568.3366,147995.9588,134491.2102,135923.1325,126557.1003,115580.6131,False,,False,GROUP_A_CLEAN,False,False
2025-12-13,143688.1908,489.638,1652616.006,-6059.790062,101.674419,0.0,46.99665003,152568.3366,147995.9588,134491.2102,135923.1325,126557.1003,115580.6131,109427.0916,False,,False,GROUP_A_CLEAN,False,False
2025-12-14,152568.3366,489.644,1655645.161,3029.155377,101.8607826,0.0,44.64681753,147995.9588,134491.2102,135923.1325,126557.1003,115580.6131,109427.0916,112236.0901,False,,False,GROUP_A_CLEAN,False,False
2025-12-15,147995.9588,489.644,1655645.161,0.0,101.8607826,0.0,42.41447665,134491.2102,135923.1325,126557.1003,115580.6131,109427.0916,112236.0901,105147.5696,False,,False,GROUP_A_CLEAN,False,False
2025-12-16,134491.2102,489.638,1652616.006,-3029.155377,101.674419,0.0,40.29375282,135923.1325,126557.1003,115580.6131,109427.0916,112236.0901,105147.5696,97996.56607,False,,False,GROUP_A_CLEAN,False,False
2025-12-17,135923.1325,489.638,1652616.006,0.0,101.674419,0.0,38.27906518,126557.1003,115580.6131,109427.0916,112236.0901,105147.5696,97996.56607,97696.44896,False,,False,GROUP_A_CLEAN,False,False
2025-12-18,126557.1003,489.631,1652616.006,0.0,101.674419,0.0,36.36511192,115580.6131,109427.0916,112236.0901,105147.5696,97996.56607,97696.44896,99768.46159,False,,False,GROUP_A_CLEAN,False,False
2025-12-19,115580.6131,489.625,1649588.472,-3027.534545,101.488155,0.0,34.54685633,109427.0916,112236.0901,105147.5696,97996.56607,97696.44896,99768.46159,98376.1253,False,,False,GROUP_A_CLEAN,False,False
2025-12-20,109427.0916,489.625,1649588.472,0.0,101.488155,0.0,32.81951351,112236.0901,105147.5696,97996.56607,97696.44896,99768.46159,98376.1253,91510.30244,False,,False,GROUP_A_CLEAN,False,False
2025-12-21,112236.0901,489.625,1649588.472,0.0,101.488155,0.0,31.17853783,105147.5696,97996.56607,97696.44896,99768.46159,98376.1253,91510.30244,84241.41421,False,,False,GROUP_A_CLEAN,False,False
2025-12-22,105147.5696,489.625,1649588.472,0.0,101.488155,0.0,29.61961094,97996.56607,97696.44896,99768.46159,98376.1253,91510.30244,84241.41421,76839.84335,False,,False,GROUP_A_CLEAN,False,False
2025-12-23,97996.56607,489.618,1646562.479,-3025.993003,101.3019859,0.0,28.1386304,97696.44896,99768.46159,98376.1253,91510.30244,84241.41421,76839.84335,72948.15564,False,,False,GROUP_A_CLEAN,False,False
2025-12-24,97696.44896,489.618,1646562.479,0.0,101.3019859,0.0,26.73169888,99768.46159,98376.1253,91510.30244,84241.41421,76839.84335,72948.15564,69626.23703,False,,False,GROUP_A_CLEAN,False,False
2025-12-25,99768.46159,489.618,1646562.479,0.0,101.3019859,0.0,25.39511393,98376.1253,91510.30244,84241.41421,76839.84335,72948.15564,69626.23703,78402.86389,False,,False,GROUP_A_CLEAN,False,False
2025-12-26,98376.1253,489.619,1646562.479,0.0,101.3019859,0.0,24.12535824,91510.30244,84241.41421,76839.84335,72948.15564,69626.23703,78402.86389,69911.65746,False,,False,GROUP_A_CLEAN,False,False
2025-12-27,91510.30244,489.618,1646562.479,0.0,101.3019859,0.0,22.91909032,84241.41421,76839.84335,72948.15564,69626.23703,78402.86389,69911.65746,69280.77871,False,,False,GROUP_A_CLEAN,False,False
2025-12-28,84241.41421,489.612,1646562.479,0.0,101.3019859,0.0,21.77313581,76839.84335,72948.15564,69626.23703,78402.86389,69911.65746,69280.77871,67163.59817,False,,False,GROUP_A_CLEAN,False,False
2025-12-29,76839.84335,489.606,1643538.216,-3024.26205,101.1159232,0.0,20.68447902,72948.15564,69626.23703,78402.86389,69911.65746,69280.77871,67163.59817,55671.3677,False,,False,GROUP_A_CLEAN,False,False
2025-12-30,72948.15564,489.606,1643538.216,0.0,101.1159232,0.0,19.65025507,69626.23703,78402.86389,69911.65746,69280.77871,67163.59817,55671.3677,47965.92294,False,,False,GROUP_A_CLEAN,False,False
2025-12-31,69626.23703,489.606,1643538.216,0.0,101.1159232,0.0,18.66774231,78402.86389,69911.65746,69280.77871,67163.59817,55671.3677,47965.92294,22168.59938,False,,False,GROUP_A_CLEAN,False,False
2026-01-01,78402.86389,489.606,1643538.216,0.0,101.1159232,0.0,17.7343552,69911.65746,69280.77871,67163.59817,55671.3677,47965.92294,22168.59938,0.0,False,,False,GROUP_B_SMALL_CONSISTENT_OFFSET,False,True
2026-01-02,69911.65746,489.599,1640521.874,-3016.342248,100.9303479,0.0,16.84763744,69280.77871,67163.59817,55671.3677,47965.92294,22168.59938,0.0,3600.882467,False,,False,GROUP_B_SMALL_CONSISTENT_OFFSET,False,True
2026-01-03,69280.77871,489.599,1640521.874,0.0,100.9303479,0.0,16.00525557,67163.59817,55671.3677,47965.92294,22168.59938,0.0,3600.882467,9782.844998,False,,False,GROUP_B_SMALL_CONSISTENT_OFFSET,False,True
2026-01-04,67163.59817,489.599,1640521.874,0.0,100.9303479,0.0,15.20499279,55671.3677,47965.92294,22168.59938,0.0,3600.882467,9782.844998,9975.845432,False,,False,GROUP_B_SMALL_CONSISTENT_OFFSET,False,True
2026-01-05,55671.3677,489.593,1640521.874,0.0,100.9303479,0.0,14.44474315,47965.92294,22168.59938,0.0,3600.882467,9782.844998,9975.845432,16703.29615,False,,False,GROUP_B_SMALL_CONSISTENT_OFFSET,False,True
2026-01-06,47965.92294,489.587,1637507.22,-3014.654499,100.7448763,0.0,13.72250599,22168.59938,0.0,3600.882467,9782.844998,9975.845432,16703.29615,15573.39157,False,,False,GROUP_B_SMALL_CONSISTENT_OFFSET,False,True
2026-01-07,22168.59938,489.575,1634494.017,-3013.203227,100.5594941,0.0,13.03638069,0.0,3600.882467,9782.844998,9975.845432,16703.29615,15573.39157,19231.71116,False,,False,GROUP_B_SMALL_CONSISTENT_OFFSET,False,True
2026-01-08,0.0,489.542,1625463.759,-9030.257493,100.0039227,0.0,12.38456166,3600.882467,9782.844998,9975.845432,16703.29615,15573.39157,19231.71116,21729.90465,True,"เดิม Q_in_t=3600.882467 ซ้ำกับค่าของ 2026-01-09 ทุกตัวอักษร (=raw(01-09) inflow ลบ offset ม.ค. ~27.5 m3 ที่คงที่ตลอดเดือน) ยืนยันจาก Level/DeltaS/Rain ของแถวนี้เองตรงกับ raw 100% (ไม่ใช่ปัญหาวันที่ raw เอง) และ raw(01-08) เอง self-consistent คือ D=0 (คำนวณจาก K=-9030.26, O=2554.2, Spill=333.77, R=0, E=700.02, Infil=304.94 แล้ว clip ที่ 0) สรุปเป็น manual copy-paste error ตอนสร้าง training ไม่ใช่ raw file ผิด แก้เป็น 0",False,GROUP_A_CLEAN_RESOLVED,False,False
2026-01-09,3600.882467,489.543,1625463.759,0.0,100.0039227,0.0,11.76533357,9782.844998,9975.845432,16703.29615,15573.39157,19231.71116,21729.90465,22225.2187,False,,False,GROUP_B_SMALL_CONSISTENT_OFFSET,False,True
2026-01-10,9782.844998,489.556,1628472.306,3008.546733,100.1890185,0.0,11.17706689,9975.845432,16703.29615,15573.39157,19231.71116,21729.90465,22225.2187,21070.65302,False,,False,GROUP_B_SMALL_CONSISTENT_OFFSET,False,True
2026-01-11,9975.845432,489.555,1628472.306,0.0,100.1890185,0.0,10.61821355,16703.29615,15573.39157,19231.71116,21729.90465,22225.2187,21070.65302,17922.76016,False,,False,GROUP_B_SMALL_CONSISTENT_OFFSET,False,True
2026-01-12,16703.29615,489.561,1631482.395,3010.08942,100.3742091,0.0,10.08730287,15573.39157,19231.71116,21729.90465,22225.2187,21070.65302,17922.76016,17657.62487,False,,False,GROUP_B_SMALL_CONSISTENT_OFFSET,False,True
2026-01-13,15573.39157,489.561,1631482.395,0.0,100.3742091,0.0,9.582937729,19231.71116,21729.90465,22225.2187,21070.65302,17922.76016,17657.62487,17803.47007,False,,False,GROUP_B_SMALL_CONSISTENT_OFFSET,False,True
2026-01-14,19231.71116,489.568,1631482.395,0.0,100.3742091,0.0,9.103790842,21729.90465,22225.2187,21070.65302,17922.76016,17657.62487,17803.47007,14231.96742,False,,False,GROUP_B_SMALL_CONSISTENT_OFFSET,False,True
2026-01-15,21729.90465,489.568,1631482.395,0.0,100.3742091,0.0,8.6486013,22225.2187,21070.65302,17922.76016,17657.62487,17803.47007,14231.96742,12624.30054,False,,False,GROUP_B_SMALL_CONSISTENT_OFFSET,False,True
2026-01-16,22225.2187,489.568,1631482.395,0.0,100.3742091,0.0,8.216171235,21070.65302,17922.76016,17657.62487,17803.47007,14231.96742,12624.30054,14252.96744,False,,False,GROUP_B_SMALL_CONSISTENT_OFFSET,False,True
2026-01-17,21070.65302,489.568,1631482.395,0.0,100.3742091,0.0,7.805362674,17922.76016,17657.62487,17803.47007,14231.96742,12624.30054,14252.96744,15169.12199,False,,False,GROUP_B_SMALL_CONSISTENT_OFFSET,False,True
2026-01-18,17922.76016,489.568,1631482.395,0.0,100.3742091,0.0,7.41509454,17657.62487,17803.47007,14231.96742,12624.30054,14252.96744,15169.12199,18040.59271,False,,False,GROUP_B_SMALL_CONSISTENT_OFFSET,False,True
2026-01-19,17657.62487,489.568,1631482.395,0.0,100.3742091,0.0,7.044339813,17803.47007,14231.96742,12624.30054,14252.96744,15169.12199,18040.59271,19756.17171,False,,False,GROUP_B_SMALL_CONSISTENT_OFFSET,False,True
2026-01-20,17803.47007,489.568,1631482.395,0.0,100.3742091,0.0,6.692122822,14231.96742,12624.30054,14252.96744,15169.12199,18040.59271,19756.17171,24392.77569,False,,False,GROUP_B_SMALL_CONSISTENT_OFFSET,False,True
2026-01-21,14231.96742,489.568,1631482.395,0.0,100.3742091,0.0,6.357516681,12624.30054,14252.96744,15169.12199,18040.59271,19756.17171,24392.77569,18494.03509,False,,False,GROUP_B_SMALL_CONSISTENT_OFFSET,False,True
2026-01-22,12624.30054,489.561,1631482.395,0.0,100.3742091,0.0,6.039640847,14252.96744,15169.12199,18040.59271,19756.17171,24392.77569,18494.03509,26063.73383,False,,False,GROUP_B_SMALL_CONSISTENT_OFFSET,False,True
2026-01-23,14252.96744,489.56,1631482.395,0.0,100.3742091,0.0,5.737658805,15169.12199,18040.59271,19756.17171,24392.77569,18494.03509,26063.73383,17667.16052,False,,False,GROUP_B_SMALL_CONSISTENT_OFFSET,False,True
2026-01-24,15169.12199,489.567,1631482.395,0.0,100.3742091,0.0,5.450775865,18040.59271,19756.17171,24392.77569,18494.03509,26063.73383,17667.16052,20308.69552,False,,False,GROUP_B_SMALL_CONSISTENT_OFFSET,False,True
2026-01-25,18040.59271,489.567,1631482.395,0.0,100.3742091,0.0,5.178237071,19756.17171,24392.77569,18494.03509,26063.73383,17667.16052,20308.69552,18350.63655,False,,False,GROUP_B_SMALL_CONSISTENT_OFFSET,False,True
2026-01-26,19756.17171,489.567,1631482.395,0.0,100.3742091,0.0,4.919325218,24392.77569,18494.03509,26063.73383,17667.16052,20308.69552,18350.63655,808.1901803,False,,False,GROUP_B_SMALL_CONSISTENT_OFFSET,False,True
2026-01-27,24392.77569,489.573,1634494.017,3011.621339,100.5594941,0.0,4.673358957,18494.03509,26063.73383,17667.16052,20308.69552,18350.63655,808.1901803,0.0,False,,False,GROUP_B_SMALL_CONSISTENT_OFFSET,False,True
2026-01-28,18494.03509,489.567,1631482.395,-3011.621339,100.3742091,0.0,4.439691009,26063.73383,17667.16052,20308.69552,18350.63655,808.1901803,0.0,0.0,False,,False,GROUP_B_SMALL_CONSISTENT_OFFSET,False,True
2026-01-29,26063.73383,489.573,1634494.017,3011.621339,100.5594941,0.0,4.217706459,17667.16052,20308.69552,18350.63655,808.1901803,0.0,0.0,0.0,False,,False,GROUP_B_SMALL_CONSISTENT_OFFSET,False,True
2026-01-30,17667.16052,489.567,1631482.395,-3011.621339,100.3742091,0.0,4.006821136,20308.69552,18350.63655,808.1901803,0.0,0.0,0.0,805.7216387,False,,False,GROUP_B_SMALL_CONSISTENT_OFFSET,False,True
2026-01-31,20308.69552,489.567,1631482.395,0.0,100.3742091,0.0,3.806480079,18350.63655,808.1901803,0.0,0.0,0.0,805.7216387,1163.43771295469,False,,False,GROUP_B_SMALL_CONSISTENT_OFFSET,False,True
2026-02-01,18350.63655,489.567,1631482.395,0.0,100.3742091,0.0,3.616156075,808.1901803,0.0,0.0,0.0,805.7216387,1163.43771295469,4166.39401892307,False,,False,GROUP_A_CLEAN,False,False
2026-02-02,808.1901803,489.567,1631482.395,0.0,100.3742091,0.0,3.435348271,0.0,0.0,0.0,805.7216387,1163.43771295469,4166.39401892307,4168.63380522942,False,,False,GROUP_A_CLEAN,False,False
2026-02-03,0.0,489.54,1625463.759,-6018.636154,100.0039227,0.0,3.263580858,0.0,0.0,805.7216387,1163.43771295469,4166.39401892307,4168.63380522942,806.5381771,False,,False,GROUP_A_CLEAN,False,False
2026-02-04,0.0,489.508,1613444.932,-12018.82707,99.26448456,0.0,3.100401815,0.0,805.7216387,1163.43771295469,4166.39401892307,4168.63380522942,806.5381771,1164.61676972927,False,,False,GROUP_A_CLEAN,False,False
2026-02-05,0.0,489.502,1613444.932,0.0,99.26448456,0.0,2.945381724,805.7216387,1163.43771295469,4166.39401892307,4168.63380522942,806.5381771,1164.61676972927,4170.66562671859,False,,False,GROUP_A_CLEAN,False,False
2026-02-06,805.7216387,489.502,1613444.932,0.0,99.26448456,0.0,2.798112638,1163.43771295469,4166.39401892307,4168.63380522942,806.5381771,1164.61676972927,4170.66562671859,0.0,False,,False,GROUP_A_CLEAN,False,False
2026-02-07,1163.43771295469,489.508,1613444.932,0.0,99.26448456,0.0,2.658207006,4166.39401892307,4168.63380522942,806.5381771,1164.61676972927,4170.66562671859,0.0,805.7216387,False,เดิม Q_in_t=3808.497078 ไม่ตรงกับ raw same-day แต่ตรงกับ raw วันข้างเคียง (+-1) หรือหายไปจาก training ทั้งหมด (ไม่พบ duplicate ชัดเจนแบบ 01-08) Level/DeltaS/Rain ของแถวนี้เองตรงกับ raw 100% ยืนยันว่า raw ไม่ได้ date-shift ใช้ raw เป็นค่าจริงแทน (ค่าหลังแก้ infiltration+evap days-in-month แล้ว) = 1163.437713,False,GROUP_A_RESOLVED_BY_RAW_TRUST,True,False
2026-02-08,4166.39401892307,489.515,1616447.3,3002.368055,99.4492002,0.0,2.525296656,4168.63380522942,806.5381771,1164.61676972927,4170.66562671859,0.0,805.7216387,805.7216387,False,เดิม Q_in_t=3810.555213 ไม่ตรงกับ raw same-day แต่ตรงกับ raw วันข้างเคียง (+-1) หรือหายไปจาก training ทั้งหมด (ไม่พบ duplicate ชัดเจนแบบ 01-08) Level/DeltaS/Rain ของแถวนี้เองตรงกับ raw 100% ยืนยันว่า raw ไม่ได้ date-shift ใช้ raw เป็นค่าจริงแทน (ค่าหลังแก้ infiltration+evap days-in-month แล้ว) = 4166.394019,False,GROUP_A_RESOLVED_BY_RAW_TRUST,True,False
2026-02-09,4168.63380522942,489.521,1619451.317,3004.017036,99.63401729,0.0,2.399031823,806.5381771,1164.61676972927,4170.66562671859,0.0,805.7216387,805.7216387,805.7216387,False,เดิม Q_in_t=806.538177 ไม่ตรงกับ raw same-day แต่ตรงกับ raw วันข้างเคียง (+-1) หรือหายไปจาก training ทั้งหมด (ไม่พบ duplicate ชัดเจนแบบ 01-08) Level/DeltaS/Rain ของแถวนี้เองตรงกับ raw 100% ยืนยันว่า raw ไม่ได้ date-shift ใช้ raw เป็นค่าจริงแทน (ค่าหลังแก้ infiltration+evap days-in-month แล้ว) = 4168.633805,False,GROUP_A_RESOLVED_BY_RAW_TRUST,True,False
2026-02-10,806.5381771,489.521,1619451.317,0.0,99.63401729,0.0,2.279080232,1164.61676972927,4170.66562671859,0.0,805.7216387,805.7216387,805.7216387,805.7216387,False,,False,GROUP_A_CLEAN,False,False
2026-02-11,1164.61676972927,489.527,1619451.317,0.0,99.63401729,0.0,2.16512622,4170.66562671859,0.0,805.7216387,805.7216387,805.7216387,805.7216387,805.7216387,False,เดิม Q_in_t=3812.404710 ไม่ตรงกับ raw same-day แต่ตรงกับ raw วันข้างเคียง (+-1) หรือหายไปจาก training ทั้งหมด (ไม่พบ duplicate ชัดเจนแบบ 01-08) Level/DeltaS/Rain ของแถวนี้เองตรงกับ raw 100% ยืนยันว่า raw ไม่ได้ date-shift ใช้ raw เป็นค่าจริงแทน (ค่าหลังแก้ infiltration+evap days-in-month แล้ว) = 1164.616770,False,GROUP_A_RESOLVED_BY_RAW_TRUST,True,False
2026-02-12,4170.66562671859,489.534,1622456.773,3005.455865,99.81892291,0.0,2.056869909,0.0,805.7216387,805.7216387,805.7216387,805.7216387,805.7216387,805.7216387,False,เดิม Q_in_t=806.948845 ไม่ตรงกับ raw same-day แต่ตรงกับ raw วันข้างเคียง (+-1) หรือหายไปจาก training ทั้งหมด (ไม่พบ duplicate ชัดเจนแบบ 01-08) Level/DeltaS/Rain ของแถวนี้เองตรงกับ raw 100% ยืนยันว่า raw ไม่ได้ date-shift ใช้ raw เป็นค่าจริงแทน (ค่าหลังแก้ infiltration+evap days-in-month แล้ว) = 4170.665627,False,GROUP_A_RESOLVED_BY_RAW_TRUST,True,False
2026-02-13,0.0,489.502,1613444.932,-9011.840955,99.26448456,0.0,1.954026414,805.7216387,805.7216387,805.7216387,805.7216387,805.7216387,805.7216387,805.7216387,False,,False,GROUP_A_CLEAN,False,False
2026-02-14,805.7216387,489.502,1613444.932,0.0,99.26448456,0.0,1.856325093,805.7216387,805.7216387,805.7216387,805.7216387,805.7216387,805.7216387,0.0,False,,False,GROUP_A_CLEAN,False,False
2026-02-15,805.7216387,489.502,1613444.932,0.0,99.26448456,0.0,1.763508838,805.7216387,805.7216387,805.7216387,805.7216387,805.7216387,0.0,3143.79291862606,False,,False,GROUP_A_CLEAN,False,False
2026-02-16,805.7216387,489.502,1613444.932,0.0,99.26448456,0.0,1.675333396,805.7216387,805.7216387,805.7216387,805.7216387,0.0,3143.79291862606,0.0,False,,False,GROUP_A_CLEAN,False,False
2026-02-17,805.7216387,489.502,1613444.932,0.0,99.26448456,0.0,1.591566727,805.7216387,805.7216387,805.7216387,0.0,3143.79291862606,0.0,4164.35231595473,False,,False,GROUP_A_CLEAN,False,False
2026-02-18,805.7216387,489.502,1613444.932,0.0,99.26448456,0.0,1.51198839,805.7216387,805.7216387,0.0,3143.79291862606,0.0,4164.35231595473,805.7216387,False,,False,GROUP_A_CLEAN,False,False
2026-02-19,805.7216387,489.502,1613444.932,0.0,99.26448456,0.0,1.436388971,805.7216387,0.0,3143.79291862606,0.0,4164.35231595473,805.7216387,805.7216387,False,,False,GROUP_A_CLEAN,False,False
2026-02-20,805.7216387,489.502,1613444.932,0.0,99.26448456,0.0,1.364569522,0.0,3143.79291862606,0.0,4164.35231595473,805.7216387,805.7216387,805.7216387,False,,False,GROUP_A_CLEAN,False,False
2026-02-21,0.0,489.495,1610444.017,-3000.914603,99.07985831,0.0,1.296341046,3143.79291862606,0.0,4164.35231595473,805.7216387,805.7216387,805.7216387,805.7216387,False,เดิม Q_in_t=805.721639 ไม่ตรงกับ raw same-day แต่ตรงกับ raw วันข้างเคียง (+-1) หรือหายไปจาก training ทั้งหมด (ไม่พบ duplicate ชัดเจนแบบ 01-08) Level/DeltaS/Rain ของแถวนี้เองตรงกับ raw 100% ยืนยันว่า raw ไม่ได้ date-shift ใช้ raw เป็นค่าจริงแทน (ค่าหลังแก้ infiltration+evap days-in-month แล้ว) = 0.000000,False,GROUP_A_RESOLVED_BY_RAW_TRUST,True,False
2026-02-22,3143.79291862606,489.501,1613444.932,3000.914603,99.26448456,3.4,4.631523994,0.0,4164.35231595473,805.7216387,805.7216387,805.7216387,805.7216387,958.9656361,False,เดิม Q_in_t=0.000000 ไม่ตรงกับ raw same-day แต่ตรงกับ raw วันข้างเคียง (+-1) หรือหายไปจาก training ทั้งหมด (ไม่พบ duplicate ชัดเจนแบบ 01-08) Level/DeltaS/Rain ของแถวนี้เองตรงกับ raw 100% ยืนยันว่า raw ไม่ได้ date-shift ใช้ raw เป็นค่าจริงแทน (ค่าหลังแก้ infiltration+evap days-in-month แล้ว) = 3143.792919,False,GROUP_A_RESOLVED_BY_RAW_TRUST,True,False
2026-02-23,0.0,489.494,1610444.017,-3000.914603,99.07985831,0.0,4.399947794,4164.35231595473,805.7216387,805.7216387,805.7216387,805.7216387,958.9656361,958.9656361,False,เดิม Q_in_t=805.721639 ไม่ตรงกับ raw same-day แต่ตรงกับ raw วันข้างเคียง (+-1) หรือหายไปจาก training ทั้งหมด (ไม่พบ duplicate ชัดเจนแบบ 01-08) Level/DeltaS/Rain ของแถวนี้เองตรงกับ raw 100% ยืนยันว่า raw ไม่ได้ date-shift ใช้ raw เป็นค่าจริงแทน (ค่าหลังแก้ infiltration+evap days-in-month แล้ว) = 0.000000,False,GROUP_A_RESOLVED_BY_RAW_TRUST,True,False
2026-02-24,4164.35231595473,489.501,1613444.932,3000.914603,99.26448456,0.0,4.179950404,805.7216387,805.7216387,805.7216387,805.7216387,958.9656361,958.9656361,0.0,False,เดิม Q_in_t=805.721639 ไม่ตรงกับ raw same-day แต่ตรงกับ raw วันข้างเคียง (+-1) หรือหายไปจาก training ทั้งหมด (ไม่พบ duplicate ชัดเจนแบบ 01-08) Level/DeltaS/Rain ของแถวนี้เองตรงกับ raw 100% ยืนยันว่า raw ไม่ได้ date-shift ใช้ raw เป็นค่าจริงแทน (ค่าหลังแก้ infiltration+evap days-in-month แล้ว) = 4164.352316,False,GROUP_A_RESOLVED_BY_RAW_TRUST,True,False
2026-02-25,805.7216387,489.501,1613444.932,0.0,99.26448456,0.0,3.970952884,805.7216387,805.7216387,805.7216387,958.9656361,958.9656361,0.0,6959.304552,False,,False,GROUP_A_CLEAN,False,False
2026-02-26,805.7216387,489.508,1613444.932,0.0,99.26448456,0.0,3.77240524,805.7216387,805.7216387,958.9656361,958.9656361,0.0,6959.304552,0.0,False,,False,GROUP_A_CLEAN,False,False
2026-02-27,805.7216387,489.502,1613444.932,0.0,99.26448456,0.0,3.583784978,805.7216387,958.9656361,958.9656361,0.0,6959.304552,0.0,3957.906727,False,,False,GROUP_A_CLEAN,False,False
2026-02-28,805.7216387,489.502,1613444.932,0.0,99.26448456,0.0,3.404595729,958.9656361,958.9656361,0.0,6959.304552,0.0,3957.906727,9967.237169,False,,False,GROUP_A_CLEAN,False,False
2026-03-01,958.9656361,489.502,1613444.932,0.0,99.26448456,0.0,3.234365943,958.9656361,0.0,6959.304552,0.0,3957.906727,9967.237169,0.0,False,,False,GROUP_A_CLEAN,False,False
2026-03-02,958.9656361,489.502,1613444.932,0.0,99.26448456,0.0,3.072647645,0.0,6959.304552,0.0,3957.906727,9967.237169,0.0,6966.322566,False,,False,GROUP_A_CLEAN,False,False
2026-03-03,0.0,489.483,1607444.593,-6000.338916,98.8953238,0.0,2.919015263,6959.304552,0.0,3957.906727,9967.237169,0.0,6966.322566,0.0,False,,False,GROUP_A_CLEAN,False,False
2026-03-04,6959.304552,489.508,1613444.932,6000.338916,99.26448456,0.0,2.7730645,0.0,3957.906727,9967.237169,0.0,6966.322566,0.0,0.0,False,,False,GROUP_A_CLEAN,False,False
2026-03-05,0.0,489.483,1607444.593,-6000.338916,98.8953238,0.0,2.634411275,3957.906727,9967.237169,0.0,6966.322566,0.0,0.0,0.0,False,,False,GROUP_A_CLEAN,False,False
2026-03-06,3957.906727,489.49,1610444.017,2999.424313,99.07985831,0.0,2.502690711,9967.237169,0.0,6966.322566,0.0,0.0,0.0,4315.664372,False,,False,GROUP_A_CLEAN,False,False
2026-03-07,9967.237169,489.52,1619451.317,9007.299693,99.63401729,0.0,2.377556176,0.0,6966.322566,0.0,0.0,0.0,4315.664372,778.4744483,False,,False,GROUP_A_CLEAN,False,False
2026-03-08,0.0,489.502,1613444.932,-6006.38509,99.26448456,0.0,2.258678367,6966.322566,0.0,0.0,0.0,4315.664372,778.4744483,898.4797587,False,,False,GROUP_A_CLEAN,False,False
2026-03-09,6966.322566,489.52,1619451.317,6006.38509,99.63401729,0.0,2.145744449,0.0,0.0,0.0,4315.664372,778.4744483,898.4797587,958.4824139,False,,False,GROUP_A_CLEAN,False,False
2026-03-10,0.0,489.501,1613444.932,-6006.38509,99.26448456,0.0,2.038457226,0.0,0.0,4315.664372,778.4744483,898.4797587,958.4824139,1318.432387,False,,False,GROUP_A_CLEAN,False,False
2026-03-11,0.0,489.489,1607444.593,-6000.338916,98.8953238,3.4,5.336534365,0.0,4315.664372,778.4744483,898.4797587,958.4824139,1318.432387,3421.249225,False,,False,GROUP_A_CLEAN,False,False
2026-03-12,0.0,489.476,1604446.719,-2997.874472,98.71088464,0.8,5.869707647,4315.664372,778.4744483,898.4797587,958.4824139,1318.432387,3421.249225,38111.41888,False,,False,GROUP_A_CLEAN,False,False
2026-03-13,4315.664372,489.49,1610444.017,5997.298786,99.07985831,8.8,14.37622226,778.4744483,898.4797587,958.4824139,1318.432387,3421.249225,38111.41888,14694.33512,False,,False,GROUP_A_CLEAN,False,False
2026-03-14,778.4744483,489.496,1610444.017,0.0,99.07985831,0.6,14.25741115,898.4797587,958.4824139,1318.432387,3421.249225,38111.41888,14694.33512,30835.71713,False,,False,GROUP_A_CLEAN,False,False
2026-03-15,898.4797587,489.495,1610444.017,0.0,99.07985831,0.2,13.74454059,958.4824139,1318.432387,3421.249225,38111.41888,14694.33512,30835.71713,2373.237815,False,,False,GROUP_A_CLEAN,False,False
2026-03-16,958.4824139,489.495,1610444.017,0.0,99.07985831,0.0,13.05731356,1318.432387,3421.249225,38111.41888,14694.33512,30835.71713,2373.237815,0.0,False,,False,GROUP_A_CLEAN,False,False
2026-03-17,1318.432387,489.502,1613444.932,3000.914603,99.26448456,8.8,21.20444789,3421.249225,38111.41888,14694.33512,30835.71713,2373.237815,0.0,8290.608781,False,,False,GROUP_A_CLEAN,False,False
2026-03-18,3421.249225,489.514,1616447.3,3002.368055,99.4492002,1.8,21.94422549,38111.41888,14694.33512,30835.71713,2373.237815,0.0,8290.608781,0.0,False,,False,GROUP_A_CLEAN,False,False
2026-03-19,38111.41888,489.581,1637507.22,21059.91974,100.7448763,0.0,20.84701422,14694.33512,30835.71713,2373.237815,0.0,8290.608781,0.0,1513.817476,False,,False,GROUP_A_CLEAN,False,False
2026-03-20,14694.33512,489.567,1631482.395,-6024.824566,100.3742091,0.0,19.80466351,30835.71713,2373.237815,0.0,8290.608781,0.0,1513.817476,0.0,False,,False,GROUP_A_CLEAN,False,False
2026-03-21,30835.71713,489.579,1634494.017,3011.621339,100.5594941,0.0,18.81443033,2373.237815,0.0,8290.608781,0.0,1513.817476,0.0,0.0,False,,False,GROUP_A_CLEAN,False,False
2026-03-22,2373.237815,489.533,1622456.773,-12037.24361,99.81892291,3.4,21.27370881,0.0,8290.608781,0.0,1513.817476,0.0,0.0,0.0,False,,False,GROUP_A_CLEAN,False,False
2026-03-23,0.0,489.527,1619451.317,-3005.455865,99.63401729,0.0,20.21002337,8290.608781,0.0,1513.817476,0.0,0.0,0.0,0.0,False,,False,GROUP_A_CLEAN,False,False
2026-03-24,8290.608781,489.548,1625463.759,6012.441982,100.0039227,0.0,19.1995222,0.0,1513.817476,0.0,0.0,0.0,0.0,946.672391,False,,False,GROUP_A_CLEAN,False,False
2026-03-25,0.0,489.527,1619451.317,-6012.441982,99.63401729,0.0,18.23954609,1513.817476,0.0,0.0,0.0,0.0,946.672391,0.0,False,,False,GROUP_A_CLEAN,False,False
2026-03-26,1513.817476,489.527,1619451.317,0.0,99.63401729,0.0,17.32756879,0.0,0.0,0.0,0.0,946.672391,0.0,0.0,False,,False,GROUP_A_CLEAN,False,False
2026-03-27,0.0,489.514,1616447.3,-3004.017036,99.4492002,0.0,16.46119035,0.0,0.0,0.0,946.672391,0.0,0.0,18882.81412,False,,False,GROUP_A_CLEAN,False,False
2026-03-28,0.0,489.489,1607444.593,-9002.706971,98.8953238,0.0,15.63813083,0.0,0.0,946.672391,0.0,0.0,18882.81412,0.0,False,,False,GROUP_A_CLEAN,False,False
2026-03-29,0.0,489.417,1586490.962,-20953.63146,97.60618691,0.0,14.85622429,0.0,946.672391,0.0,0.0,18882.81412,0.0,0.0,False,,False,GROUP_A_CLEAN,False,False
2026-03-30,0.0,489.362,1571636.987,-14853.97442,96.69232109,0.0,14.11341308,946.672391,0.0,0.0,18882.81412,0.0,0.0,1057.041948,False,,False,GROUP_A_CLEAN,False,False
2026-03-31,946.672391,489.368,1571636.987,0.0,96.69232109,0.0,13.40774242,0.0,0.0,18882.81412,0.0,0.0,1057.041948,4019.952385,False,,False,GROUP_A_CLEAN,False,False
2026-04-01,0.0,489.362,1571636.987,0.0,96.69232109,0.0,12.7373553,0.0,18882.81412,0.0,0.0,1057.041948,4019.952385,0.0,False,,False,GROUP_D_MONTH_BOUNDARY_BUG_ALREADY_FIXED,False,False
2026-04-02,0.0,489.355,1568674.678,-2962.309413,96.51007001,0.0,12.10048754,18882.81412,0.0,0.0,1057.041948,4019.952385,0.0,0.0,False,,False,GROUP_A_CLEAN,False,False
2026-04-03,18882.81412,489.41,1586490.962,17816.28383,97.60618691,0.0,11.49546316,0.0,0.0,1057.041948,4019.952385,0.0,0.0,0.0,False,,False,GROUP_A_CLEAN,False,False
2026-04-04,0.0,489.398,1580534.36,-5956.60135,97.23971699,0.0,10.92069,0.0,1057.041948,4019.952385,0.0,0.0,0.0,0.0,False,,False,GROUP_A_CLEAN,False,False
2026-04-05,0.0,489.354,1568674.678,-11859.68248,96.51007001,0.0,10.3746555,1057.041948,4019.952385,0.0,0.0,0.0,0.0,0.0,False,,False,GROUP_A_CLEAN,False,False
2026-04-06,1057.041948,489.35,1568674.678,0.0,96.51007001,0.0,9.855922727,4019.952385,0.0,0.0,0.0,0.0,0.0,0.0,False,,False,GROUP_A_CLEAN,False,False
2026-04-07,4019.952385,489.366,1571636.987,2962.309413,96.69232109,0.0,9.36312659,0.0,0.0,0.0,0.0,0.0,0.0,0.0,False,,False,GROUP_A_CLEAN,False,False
2026-04-08,0.0,489.323,1559797.587,-11839.40039,95.96392193,0.0,8.894970261,0.0,0.0,0.0,0.0,0.0,0.0,0.0,False,,False,GROUP_A_CLEAN,False,False
2026-04-09,0.0,489.271,1545034.358,-14763.22847,95.0556391,0.0,8.450221748,0.0,0.0,0.0,0.0,0.0,0.0,0.0,False,,False,GROUP_A_CLEAN,False,False
2026-04-10,0.0,489.231,1533251.225,-11783.13282,94.33070167,0.0,8.02771066,0.0,0.0,0.0,0.0,0.0,0.0,0.0,False,,False,GROUP_A_CLEAN,False,False
2026-04-11,0.0,489.179,1515629.657,-17621.56888,93.24656435,0.0,7.626325127,0.0,0.0,0.0,0.0,0.0,0.0,0.0,False,,False,GROUP_A_CLEAN,False,False
2026-04-12,0.0,489.114,1498055.627,-17574.02962,92.16535173,0.0,7.245008871,0.0,0.0,0.0,0.0,0.0,0.0,0.0,False,,False,GROUP_A_CLEAN,False,False
2026-04-13,0.0,489.076,1486357.156,-11698.47093,91.44562299,0.0,6.882758427,0.0,0.0,0.0,0.0,0.0,0.0,6847.863654,False,,False,GROUP_A_CLEAN,False,False
2026-04-14,0.0,489.05,1480512.99,-5844.165986,91.08607051,0.0,6.538620506,0.0,0.0,0.0,0.0,0.0,6847.863654,0.0,False,,False,GROUP_A_CLEAN,False,False
2026-04-15,0.0,489.024,1471753.017,-8759.973494,90.54712791,0.0,6.211689481,0.0,0.0,0.0,0.0,6847.863654,0.0,1036.437986,False,,False,GROUP_A_CLEAN,False,False
2026-04-16,0.0,488.979,1457169.384,-14583.63213,89.64989443,0.0,5.901105007,0.0,0.0,0.0,6847.863654,0.0,1036.437986,0.0,False,,False,GROUP_A_CLEAN,False,False
2026-04-17,0.0,488.891,1433876.883,-23292.50142,88.2168625,0.0,5.606049756,0.0,0.0,6847.863654,0.0,1036.437986,0.0,0.0,False,,False,GROUP_A_CLEAN,False,False
2026-04-18,0.0,488.872,1428061.56,-5815.323153,87.85908453,0.0,5.325747269,0.0,6847.863654,0.0,1036.437986,0.0,0.0,0.0,False,,False,GROUP_A_CLEAN,False,False
2026-04-19,0.0,488.847,1419344.468,-8717.091893,87.32278012,0.0,5.059459905,6847.863654,0.0,1036.437986,0.0,0.0,0.0,3881.733289,False,,False,GROUP_A_CLEAN,False,False
2026-04-20,6847.863654,488.86,1425155.067,5810.598949,87.68026744,0.0,4.80648691,0.0,1036.437986,0.0,0.0,0.0,3881.733289,0.0,False,,False,GROUP_A_CLEAN,False,False
2026-04-21,0.0,488.834,1416440.293,-8714.774184,87.14410564,0.0,4.566162564,1036.437986,0.0,0.0,0.0,3881.733289,0.0,6840.673901,False,,False,GROUP_A_CLEAN,False,False
2026-04-22,1036.437986,488.833,1416440.293,0.0,87.14410564,0.0,4.337854436,0.0,0.0,0.0,3881.733289,0.0,6840.673901,1036.163583,False,,False,GROUP_A_CLEAN,False,False
2026-04-23,0.0,488.828,1413536.922,-2903.370443,86.96548062,0.0,4.120961714,0.0,0.0,3881.733289,0.0,6840.673901,1036.163583,0.0,False,,False,GROUP_A_CLEAN,False,False
2026-04-24,0.0,488.814,1410634.264,-2902.657831,86.78689947,1.2,5.114913629,0.0,3881.733289,0.0,6840.673901,1036.163583,0.0,0.0,False,,False,GROUP_A_CLEAN,False,False
2026-04-25,0.0,488.827,1413536.922,2902.657831,86.96548062,25.8,30.65916795,3881.733289,0.0,6840.673901,1036.163583,0.0,0.0,3895.214898,False,,False,GROUP_A_CLEAN,False,False
2026-04-26,3881.733289,488.834,1416440.293,2903.370443,87.14410564,0.2,29.32620955,0.0,6840.673901,1036.163583,0.0,0.0,3895.214898,0.0,False,,False,GROUP_A_CLEAN,False,False
2026-04-27,0.0,488.808,1407732.412,-8707.880761,86.60836791,0.0,27.85989907,6840.673901,1036.163583,0.0,0.0,3895.214898,0.0,0.0,False,,False,GROUP_A_CLEAN,False,False
2026-04-28,6840.673901,488.828,1413536.922,5804.510318,86.96548062,0.0,26.46690412,1036.163583,0.0,0.0,3895.214898,0.0,0.0,0.0,False,,False,GROUP_A_CLEAN,False,False
2026-04-29,1036.163583,488.822,1413536.922,0.0,86.96548062,0.0,25.14355891,0.0,0.0,3895.214898,0.0,0.0,0.0,0.0,False,,False,GROUP_A_CLEAN,False,False
2026-04-30,0.0,488.814,1410634.264,-2902.657831,86.78689947,0.0,23.88638097,0.0,3895.214898,0.0,0.0,0.0,0.0,3313.918039,False,,False,GROUP_A_CLEAN,False,False
2026-05-01,0.0,488.801,1407732.412,-2901.852487,86.60836791,0.0,22.69206192,3895.214898,0.0,0.0,0.0,0.0,3313.918039,8075.145222,False,,False,GROUP_D_MONTH_BOUNDARY_BUG_ALREADY_FIXED,False,False
2026-05-02,3895.214898,488.814,1410634.264,2901.852487,86.78689947,0.0,21.55745882,0.0,0.0,0.0,0.0,3313.918039,8075.145222,6805.279995,False,,False,GROUP_A_CLEAN,False,False
2026-05-03,0.0,488.782,1401930.958,-8703.306857,86.25144321,0.0,20.47958588,0.0,0.0,0.0,3313.918039,8075.145222,6805.279995,3026.040466,False,,False,GROUP_A_CLEAN,False,False
2026-05-04,0.0,488.776,1399031.411,-2899.546309,86.07305346,0.0,19.45560659,0.0,0.0,3313.918039,8075.145222,6805.279995,3026.040466,346.5106027,False,,False,GROUP_A_CLEAN,False,False
2026-05-05,0.0,488.801,1407732.412,8701.000678,86.60836791,35.6,54.08282626,0.0,3313.918039,8075.145222,6805.279995,3026.040466,346.5106027,64.51044839,False,,False,GROUP_A_CLEAN,False,False
2026-05-06,0.0,488.795,1404831.303,-2901.108759,86.42988206,8.4,59.77868495,3313.918039,8075.145222,6805.279995,3026.040466,346.5106027,64.51044839,63758.86285,False,,False,GROUP_A_CLEAN,False,False
2026-05-07,3313.918039,488.8,1407732.412,2901.108759,86.60836791,2.0,58.7897507,8075.145222,6805.279995,3026.040466,346.5106027,64.51044839,63758.86285,29628.10265,False,,False,GROUP_A_CLEAN,False,False
2026-05-08,8075.145222,488.841,1419344.468,11612.056,87.32278012,15.6,71.45026316,6805.279995,3026.040466,346.5106027,64.51044839,63758.86285,29628.10265,9011.632186,False,,False,GROUP_A_CLEAN,False,False
2026-05-09,6805.279995,488.865,1425155.067,5810.598949,87.68026744,0.0,67.87775,3026.040466,346.5106027,64.51044839,63758.86285,29628.10265,9011.632186,15807.44894,False,,False,GROUP_A_CLEAN,False,False
2026-05-10,3026.040466,488.903,1436785.673,11630.60639,88.39582091,33.0,97.4838625,346.5106027,64.51044839,63758.86285,29628.10265,9011.632186,15807.44894,0.0,False,,False,GROUP_A_CLEAN,False,False
2026-05-11,346.5106027,488.956,1451341.562,14555.88874,89.29134748,52.2,144.8096694,64.51044839,63758.86285,29628.10265,9011.632186,15807.44894,0.0,9945.639358,False,,False,GROUP_A_CLEAN,False,False
2026-05-12,64.51044839,488.967,1454255.069,2913.507132,89.4705961,13.2,150.7691859,63758.86285,29628.10265,9011.632186,15807.44894,0.0,9945.639358,3656.847133,False,,False,GROUP_A_CLEAN,False,False
2026-05-13,63758.86285,489.238,1533251.225,78996.1563,94.33070167,55.2,198.4307266,29628.10265,9011.632186,15807.44894,0.0,9945.639358,3656.847133,110370.9886,False,,False,GROUP_A_CLEAN,False,False
2026-05-14,29628.10265,489.342,1565714.016,32462.79085,96.32792027,13.0,201.5091903,9011.632186,15807.44894,0.0,9945.639358,3656.847133,110370.9886,101424.672,False,,False,GROUP_A_CLEAN,False,False
2026-05-15,9011.632186,489.386,1577566.835,11852.81858,97.05714501,13.0,204.4337308,15807.44894,0.0,9945.639358,3656.847133,110370.9886,101424.672,160496.6582,False,,False,GROUP_A_CLEAN,False,False
2026-05-16,15807.44894,489.437,1592470.127,14903.29184,97.97404497,0.4,194.6120442,0.0,9945.639358,3656.847133,110370.9886,101424.672,160496.6582,200042.2815,False,,False,GROUP_A_CLEAN,False,False
2026-05-17,0.0,489.43,1592470.127,0.0,97.97404497,5.8,190.681442,9945.639358,3656.847133,110370.9886,101424.672,160496.6582,200042.2815,255470.4511,False,,False,GROUP_A_CLEAN,False,False
2026-05-18,9945.639358,489.463,1601450.345,8980.217913,98.52653778,0.2,181.3473699,3656.847133,110370.9886,101424.672,160496.6582,200042.2815,255470.4511,247051.2124,False,,False,GROUP_A_CLEAN,False,False
2026-05-19,3656.847133,489.501,1613444.932,11994.58728,99.26448456,31.2,203.4800014,110370.9886,101424.672,160496.6582,200042.2815,255470.4511,247051.2124,264972.4831,False,,False,GROUP_A_CLEAN,False,False
2026-05-20,110370.9886,489.643,1655645.161,42200.22951,101.8607826,4.2,197.5060014,101424.672,160496.6582,200042.2815,255470.4511,247051.2124,264972.4831,443737.2446,False,,False,GROUP_A_CLEAN,False,False
2026-05-21,101424.672,489.63,1652616.006,-3029.155377,101.674419,5.6,193.2307013,160496.6582,200042.2815,255470.4511,247051.2124,264972.4831,443737.2446,544332.987,False,,False,GROUP_A_CLEAN,False,False
2026-05-22,160496.6582,489.644,1655645.161,3029.155377,101.8607826,0.0,183.5691662,200042.2815,255470.4511,247051.2124,264972.4831,443737.2446,544332.987,625729.9017,False,,False,GROUP_A_CLEAN,False,False
2026-05-23,200042.2815,489.682,1667776.83,12131.66843,102.6071632,20.8,195.1907079,255470.4511,247051.2124,264972.4831,443737.2446,544332.987,625729.9017,733751.7045,False,,False,GROUP_A_CLEAN,False,False
2026-05-24,255470.4511,489.688,1667776.83,0.0,102.6071632,0.2,185.6311725,247051.2124,264972.4831,443737.2446,544332.987,625729.9017,733751.7045,679372.7451,False,,False,GROUP_A_CLEAN,False,False
2026-05-25,247051.2124,489.695,1670813.482,3036.652503,102.7939881,0.0,176.3496139,264972.4831,443737.2446,544332.987,625729.9017,733751.7045,679372.7451,563837.0011,False,,False,GROUP_A_CLEAN,False,False
2026-05-26,264972.4831,489.707,1673851.741,3038.258303,102.9809118,19.0,186.5321332,443737.2446,544332.987,625729.9017,733751.7045,679372.7451,563837.0011,322261.8738,False,,False,GROUP_A_CLEAN,False,False
2026-05-27,443737.2446,489.785,1698213.643,24361.902,104.4797369,7.6,184.8055265,544332.987,625729.9017,733751.7045,679372.7451,563837.0011,322261.8738,292545.1904,False,,False,GROUP_A_CLEAN,False,False
2026-05-28,544332.987,489.766,1692113.662,-6099.981118,104.1044458,0.0,175.5652502,625729.9017,733751.7045,679372.7451,563837.0011,322261.8738,292545.1904,271772.7352,False,,False,GROUP_A_CLEAN,False,False
2026-05-29,625729.9017,489.817,1707386.391,15272.72987,105.0440748,6.8,173.5869877,733751.7045,679372.7451,563837.0011,322261.8738,292545.1904,271772.7352,265356.051,False,,False,GROUP_A_CLEAN,False,False
2026-05-30,733751.7045,489.823,1710454.436,3068.044893,105.2328311,2.2,167.1076383,679372.7451,563837.0011,322261.8738,292545.1904,271772.7352,265356.051,274959.8685,False,,False,GROUP_A_CLEAN,False,False
2026-05-31,679372.7451,489.805,1704320.268,-6134.168328,104.8554367,1.4,160.1522564,563837.0011,322261.8738,292545.1904,271772.7352,265356.051,274959.8685,243860.4896,False,,False,GROUP_A_CLEAN,False,False
2026-06-01,563837.0011,489.72,1679932.839,-24387.42874,103.3550412,42.6,194.7446436,322261.8738,292545.1904,271772.7352,265356.051,274959.8685,243860.4896,232304.4487,False,,False,GROUP_D_MONTH_BOUNDARY_BUG_ALREADY_FIXED,False,False
2026-06-02,322261.8738,489.701,1673851.741,-6081.098574,102.9809118,2.2,187.2074114,292545.1904,271772.7352,265356.051,274959.8685,243860.4896,232304.4487,221077.1272,False,,False,GROUP_A_CLEAN,False,False
2026-06-03,292545.1904,489.7,1673851.741,0.0,102.9809118,5.8,183.6470408,271772.7352,265356.051,274959.8685,243860.4896,232304.4487,221077.1272,225555.5411,False,,False,GROUP_A_CLEAN,False,False
2026-06-04,271772.7352,489.695,1670813.482,-3038.258303,102.7939881,2.2,176.6646888,265356.051,274959.8685,243860.4896,232304.4487,221077.1272,225555.5411,233759.1788,False,,False,GROUP_A_CLEAN,False,False
2026-06-05,265356.051,489.689,1667776.83,-3036.652503,102.6071632,0.0,167.8314543,274959.8685,243860.4896,232304.4487,221077.1272,225555.5411,233759.1788,261048.9663,False,,False,GROUP_A_CLEAN,False,False
2026-06-06,274959.8685,489.695,1670813.482,3036.652503,102.7939881,3.8,163.2398816,243860.4896,232304.4487,221077.1272,225555.5411,233759.1788,261048.9663,275355.0306,False,,False,GROUP_A_CLEAN,False,False
2026-06-07,243860.4896,489.677,1664741.673,-6071.809828,102.4204302,0.2,155.2778875,232304.4487,221077.1272,225555.5411,233759.1788,261048.9663,275355.0306,244494.84,False,,False,GROUP_A_CLEAN,False,False
2026-06-08,232304.4487,489.677,1664741.673,0.0,102.4204302,2.2,149.7139932,221077.1272,225555.5411,233759.1788,261048.9663,275355.0306,244494.84,194461.3836,False,,False,GROUP_A_CLEAN,False,False
2026-06-09,221077.1272,489.676,1664741.673,0.0,102.4204302,0.0,142.2282935,225555.5411,233759.1788,261048.9663,275355.0306,244494.84,194461.3836,201477.3101,False,,False,GROUP_A_CLEAN,False,False
2026-06-10,225555.5411,489.682,1667776.83,3035.157326,102.6071632,12.2,147.3168788,233759.1788,261048.9663,275355.0306,244494.84,194461.3836,201477.3101,179620.2896,False,,False,GROUP_A_CLEAN,False,False
2026-06-11,233759.1788,489.676,1664741.673,-3035.157326,102.4204302,0.0,139.9510349,261048.9663,275355.0306,244494.84,194461.3836,201477.3101,179620.2896,126967.8462,False,,False,GROUP_A_CLEAN,False,False
2026-06-12,261048.9663,489.695,1670813.482,6071.809828,102.7939881,23.6,156.5534832,275355.0306,244494.84,194461.3836,201477.3101,179620.2896,126967.8462,124310.0971,False,,False,GROUP_A_CLEAN,False,False
2026-06-13,275355.0306,489.701,1673851.741,3038.258303,102.9809118,12.4,161.125809,244494.84,194461.3836,201477.3101,179620.2896,126967.8462,124310.0971,89711.3377,False,,False,GROUP_A_CLEAN,False,False
2026-06-14,244494.84,489.676,1664741.673,-9110.068131,102.4204302,0.0,153.0695185,194461.3836,201477.3101,179620.2896,126967.8462,124310.0971,89711.3377,80759.38025,False,,False,GROUP_A_CLEAN,False,False
2026-06-15,194461.3836,489.656,1658675.796,-6065.876418,102.0472374,0.0,145.4160426,201477.3101,179620.2896,126967.8462,124310.0971,89711.3377,80759.38025,84193.36956,False,,False,GROUP_A_CLEAN,False,False
2026-06-16,201477.3101,489.67,1664741.673,6065.876418,102.4204302,2.2,140.3452405,179620.2896,126967.8462,124310.0971,89711.3377,80759.38025,84193.36956,82362.38025,False,,False,GROUP_A_CLEAN,False,False
2026-06-17,179620.2896,489.657,1658675.796,-6065.876418,102.0472374,0.0,133.3279785,126967.8462,124310.0971,89711.3377,80759.38025,84193.36956,82362.38025,76728.42625,False,,False,GROUP_A_CLEAN,False,False
2026-06-18,126967.8462,489.637,1652616.006,-6059.790062,101.674419,0.0,126.6615795,124310.0971,89711.3377,80759.38025,84193.36956,82362.38025,76728.42625,64921.01125,False,,False,GROUP_A_CLEAN,False,False
2026-06-19,124310.0971,489.637,1652616.006,0.0,101.674419,1.4,121.7285006,89711.3377,80759.38025,84193.36956,82362.38025,76728.42625,64921.01125,58579.7783,False,,False,GROUP_A_CLEAN,False,False
2026-06-20,89711.3377,489.617,1646562.479,-6053.527548,101.3019859,0.0,115.6420755,80759.38025,84193.36956,82362.38025,76728.42625,64921.01125,58579.7783,49352.16926,False,,False,GROUP_A_CLEAN,False,False
