Date,Q_in_t (m3/day),Water_Level_t (m),Storage_S_t (m3),DeltaS_t (m3/day),%Full_t,Rain_obs_t (mm),API_t (mm),y1=Q_in_t+1 (m3/day),y2=Q_in_t+2 (m3/day),y3=Q_in_t+3 (m3/day),y4=Q_in_t+4 (m3/day),y5=Q_in_t+5 (m3/day),y6=Q_in_t+6 (m3/day),y7=Q_in_t+7 (m3/day)
6/27/2025,15819.46327,489.48602,1607444.593,0,98.8953238,0.6,0.6,20860.08151,19003.23195,16000.8639,16137.62109,18000.43032,16551.13555,21950.32228
6/28/2025,20860.08151,489.506,1613444.932,6000.338916,99.26448456,3.8,4.37,19003.23195,16000.8639,16137.62109,18000.43032,16551.13555,21950.32228,22689.8276
6/29/2025,19003.23195,489.51102,1616447.3,3002.368055,99.4492002,0,4.1515,16000.8639,16137.62109,18000.43032,16551.13555,21950.32228,22689.8276,41715.18892
6/30/2025,16000.8639,489.51102,1616447.3,0,99.4492002,0,3.943925,16137.62109,18000.43032,16551.13555,21950.32228,22689.8276,41715.18892,41682.05793
7/1/2025,16137.62109,489.518,1616447.3,,99.4492002,0,3.74672875,18000.43032,16551.13555,21950.32228,22689.8276,41715.18892,41682.05793,38705.21174
7/2/2025,18000.43032,489.524,1619451.317,3004.017036,99.63401729,3.8,7.359392312,16551.13555,21950.32228,22689.8276,41715.18892,41682.05793,38705.21174,33915.23481
7/3/2025,16551.13555,489.524,1619451.317,0,99.63401729,0,6.991422697,21950.32228,22689.8276,41715.18892,41682.05793,38705.21174,33915.23481,16680.98583
7/4/2025,21950.32228,489.557,1628472.306,9020.988715,100.1890185,30.2,36.84185156,22689.8276,41715.18892,41682.05793,38705.21174,33915.23481,16680.98583,9699.625829
7/5/2025,22689.8276,489.557,1628472.306,0,100.1890185,0.4,35.39975898,41715.18892,41682.05793,38705.21174,33915.23481,16680.98583,9699.625829,20534.22295
7/6/2025,41715.18892,489.577,1634494.017,6021.710759,100.5594941,17.2,50.82977103,41682.05793,38705.21174,33915.23481,16680.98583,9699.625829,20534.22295,62384.33775
7/7/2025,41682.05793,489.577,1634494.017,0,100.5594941,0,48.28828248,38705.21174,33915.23481,16680.98583,9699.625829,20534.22295,62384.33775,48379.88481
7/8/2025,38705.21174,489.577,1634494.017,0,100.5594941,0,45.87386836,33915.23481,16680.98583,9699.625829,20534.22295,62384.33775,48379.88481,38218.91971
7/9/2025,33915.23481,489.57,1634494.017,0,100.5594941,0,43.58017494,16680.98583,9699.625829,20534.22295,62384.33775,48379.88481,38218.91971,783908.4487
7/10/2025,16680.98583,489.564,1631482.395,-3011.621339,100.3742091,8.6,50.00116619,9699.625829,20534.22295,62384.33775,48379.88481,38218.91971,783908.4487,421045.5925
7/11/2025,9699.625829,489.544,1625463.759,-6018.636154,100.0039227,1.4,48.90110788,20534.22295,62384.33775,48379.88481,38218.91971,783908.4487,421045.5925,247151.6044
7/12/2025,20534.22295,489.531,1622456.773,-3006.986117,99.81892291,5.2,51.65605249,62384.33775,48379.88481,38218.91971,783908.4487,421045.5925,247151.6044,142706.7185
7/13/2025,62384.33775,489.589,1637507.22,15050.44684,100.7448763,31.6,80.67324987,48379.88481,38218.91971,783908.4487,421045.5925,247151.6044,142706.7185,99633.96165
7/14/2025,48379.88481,489.583,1637507.22,0,100.7448763,0,76.63958737,38218.91971,783908.4487,421045.5925,247151.6044,142706.7185,99633.96165,81725.68946
7/15/2025,38218.91971,489.57,1634494.017,-3013.203227,100.5594941,0,72.807608,783908.4487,421045.5925,247151.6044,142706.7185,99633.96165,81725.68946,54196.43451
7/16/2025,783908.4487,489.853,1719668.702,85174.68587,105.7997233,78.8,147.9672276,421045.5925,247151.6044,142706.7185,99633.96165,81725.68946,54196.43451,1408228.32
7/17/2025,421045.5925,489.763,1692113.662,-27555.04081,104.1044458,4.2,144.7688662,247151.6044,142706.7185,99633.96165,81725.68946,54196.43451,1408228.32,1123235.031
7/18/2025,247151.6044,489.698,1670813.482,-21300.17918,102.7939881,4.2,141.7304229,142706.7185,99633.96165,81725.68946,54196.43451,1408228.32,1123235.031,618651.2627
7/19/2025,142706.7185,489.648,1655645.161,-15168.32093,101.8607826,0,134.6439018,99633.96165,81725.68946,54196.43451,1408228.32,1123235.031,618651.2627,482554.306
7/20/2025,99633.96165,489.608,1643538.216,-12106.94498,101.1159232,0,127.9117067,81725.68946,54196.43451,1408228.32,1123235.031,618651.2627,482554.306,569451.1606
7/21/2025,81725.68946,489.608,1643538.216,0,101.1159232,19.8,141.3161213,54196.43451,1408228.32,1123235.031,618651.2627,482554.306,569451.1606,1013858.928
7/22/2025,54196.43451,489.589,1637507.22,-6030.996747,100.7448763,0,134.2503153,1408228.32,1123235.031,618651.2627,482554.306,569451.1606,1013858.928,693172.309
7/23/2025,1408228.32,489.801,1704320.268,66813.04827,104.8554367,58.6,186.1377995,1123235.031,618651.2627,482554.306,569451.1606,1013858.928,693172.309,814190.4286
7/24/2025,1123235.031,489.943,1747400.295,43080.02654,107.5058629,39.8,216.6309095,618651.2627,482554.306,569451.1606,1013858.928,693172.309,814190.4286,524269.6341
7/25/2025,618651.2627,489.82098,1710454.436,-36945.85821,105.2328311,8.8,214.5993641,482554.306,569451.1606,1013858.928,693172.309,814190.4286,524269.6341,376758.4906
7/26/2025,482554.306,489.769,1692113.662,-18340.77476,104.1044458,6,209.8693959,569451.1606,1013858.928,693172.309,814190.4286,524269.6341,376758.4906,279414.6576
7/27/2025,569451.1606,489.73,1682975.653,-9138.008809,103.5422452,0,199.3759261,1013858.928,693172.309,814190.4286,524269.6341,376758.4906,279414.6576,177123.0132
7/28/2025,1013858.928,489.911,1738141.517,55165.86375,106.9362321,50.4,239.8071298,693172.309,814190.4286,524269.6341,376758.4906,279414.6576,177123.0132,95934.47833
7/29/2025,693172.309,489.82,1710454.436,-27687.08018,105.2328311,0.4,228.2167733,814190.4286,524269.6341,376758.4906,279414.6576,177123.0132,95934.47833,32089.46844
7/30/2025,814190.4286,489.86,1722743.388,12288.95174,105.9888882,24.8,241.6059346,524269.6341,376758.4906,279414.6576,177123.0132,95934.47833,32089.46844,7940.225858
7/31/2025,524269.6341,489.789,1698213.643,-24529.74539,104.4797369,0.4,229.9256379,376758.4906,279414.6576,177123.0132,95934.47833,32089.46844,7940.225858,4150.658628
8/1/2025,376758.4906,489.736,1682975.653,-15237.98993,103.5422452,1.6,220.029356,279414.6576,177123.0132,95934.47833,32089.46844,7940.225858,4150.658628,6751.385426
8/2/2025,279414.6576,489.704,1673851.741,-9123.912071,102.9809118,0,209.0278882,177123.0132,95934.47833,32089.46844,7940.225858,4150.658628,6751.385426,6105.144154
8/3/2025,177123.0132,489.66,1661708.017,-12143.7239,102.2337897,0,198.5764938,95934.47833,32089.46844,7940.225858,4150.658628,6751.385426,6105.144154,7134.920614
8/4/2025,95934.47833,489.62,1649588.472,-12119.54526,101.488155,0,188.6476691,32089.46844,7940.225858,4150.658628,6751.385426,6105.144154,7134.920614,4248.592377
8/5/2025,32089.46844,489.583,1637507.22,-12081.2518,100.7448763,0,179.2152856,7940.225858,4150.658628,6751.385426,6105.144154,7134.920614,4248.592377,13195.05483
8/6/2025,7940.225858,489.551,1628472.306,-9034.913986,100.1890185,2,172.2545214,4150.658628,6751.385426,6105.144154,7134.920614,4248.592377,13195.05483,58290.83119
8/7/2025,4150.658628,489.517,1616447.3,-12025.00575,99.4492002,0,163.6417953,6751.385426,6105.144154,7134.920614,4248.592377,13195.05483,58290.83119,98994.80942
8/8/2025,6751.385426,489.486,1607444.593,-9002.706971,98.8953238,1.4,156.8597055,6105.144154,7134.920614,4248.592377,13195.05483,58290.83119,98994.80942,124187.953
8/9/2025,6105.144154,489.454,1598455.472,-8989.120596,98.34228325,3.6,152.6167202,7134.920614,4248.592377,13195.05483,58290.83119,98994.80942,124187.953,677549.2295
8/10/2025,7134.920614,489.421,1589479.778,-8975.69463,97.79006878,0.2,145.1858842,4248.592377,13195.05483,58290.83119,98994.80942,124187.953,677549.2295,986564.2205
8/11/2025,4248.592377,489.383,1577566.835,-11912.9429,97.05714501,0,137.92659,13195.05483,58290.83119,98994.80942,124187.953,677549.2295,986564.2205,659131.977
8/12/2025,13195.05483,489.371,1574601.027,-2965.808009,96.87467866,0,131.0302605,58290.83119,98994.80942,124187.953,677549.2295,986564.2205,659131.977,412548.0322
8/13/2025,58290.83119,489.492,1610444.017,35842.99045,99.07985831,27,151.4787475,98994.80942,124187.953,677549.2295,986564.2205,659131.977,412548.0322,273036.4445
8/14/2025,98994.80942,489.602,1643538.216,33094.19914,101.1159232,11.6,155.5048101,124187.953,677549.2295,986564.2205,659131.977,412548.0322,273036.4445,180929.541
8/15/2025,124187.953,489.577,1634494.017,-9044.199974,100.5594941,4,151.7295696,677549.2295,986564.2205,659131.977,412548.0322,273036.4445,180929.541,166176.7554
8/16/2025,677549.2295,489.692,1670813.482,36319.46588,102.7939881,32.2,176.3430911,986564.2205,659131.977,412548.0322,273036.4445,180929.541,166176.7554,178085.3012
8/17/2025,986564.2205,489.88,1728897.661,58084.17909,106.3675194,47.2,214.7259366,659131.977,412548.0322,273036.4445,180929.541,166176.7554,178085.3012,337514.6083
8/18/2025,659131.977,489.833,1713524.234,-15373.42774,105.4216952,10.6,214.5896397,412548.0322,273036.4445,180929.541,166176.7554,178085.3012,337514.6083,215817.9634
8/19/2025,412548.0322,489.757,1689066.069,-24458.16461,103.9169478,0,203.8601578,273036.4445,180929.541,166176.7554,178085.3012,337514.6083,215817.9634,237530.4862
8/20/2025,273036.4445,489.705,1673851.741,-15214.32843,102.9809118,0.8,194.4671499,180929.541,166176.7554,178085.3012,337514.6083,215817.9634,237530.4862,933148.8432
8/21/2025,180929.541,489.666,1661708.017,-12143.7239,102.2337897,0,184.7437924,166176.7554,178085.3012,337514.6083,215817.9634,237530.4862,933148.8432,682947.4931
8/22/2025,166176.7554,489.654,1658675.796,-3032.220649,102.0472374,15.2,190.7066028,178085.3012,337514.6083,215817.9634,237530.4862,933148.8432,682947.4931,457141.1066
8/23/2025,178085.3012,489.634,1652616.006,-6059.790062,101.674419,13.4,194.5712726,337514.6083,215817.9634,237530.4862,933148.8432,682947.4931,457141.1066,337714.7611
8/24/2025,337514.6083,489.705,1673851.741,21235.73461,102.9809118,7.2,192.042709,215817.9634,237530.4862,933148.8432,682947.4931,457141.1066,337714.7611,299004.8063
8/25/2025,215817.9634,489.686,1667776.83,-6074.910805,102.6071632,14,196.4405735,237530.4862,933148.8432,682947.4931,457141.1066,337714.7611,299004.8063,237129.5711
8/26/2025,237530.4862,489.648,1655645.161,-12131.66843,101.8607826,12.8,199.4185449,933148.8432,682947.4931,457141.1066,337714.7611,299004.8063,237129.5711,196072.6409
8/27/2025,933148.8432,489.872,1725819.694,70174.53236,106.1781527,36.4,225.8476176,682947.4931,457141.1066,337714.7611,299004.8063,237129.5711,196072.6409,192464.8148
8/28/2025,682947.4931,489.839,1713524.234,-12295.46009,105.4216952,23,237.5552367,457141.1066,337714.7611,299004.8063,237129.5711,196072.6409,192464.8148,128748.9169
8/29/2025,457141.1066,489.77,1695162.852,-18361.38177,104.2920421,0,225.6774749,337714.7611,299004.8063,237129.5711,196072.6409,192464.8148,128748.9169,78859.64974
8/30/2025,337714.7611,489.717,1676891.46,-18271.39194,103.1679254,0,214.3936012,299004.8063,237129.5711,196072.6409,192464.8148,128748.9169,78859.64974,44276.17695
8/31/2025,299004.8063,489.705,1673851.741,-3039.719337,102.9809118,13.4,217.0739211,237129.5711,196072.6409,192464.8148,128748.9169,78859.64974,44276.17695,21265.00447
9/1/2025,237129.5711,489.68,1667776.83,-6074.910805,102.6071632,3.8,210.020225,196072.6409,192464.8148,128748.9169,78859.64974,44276.17695,21265.00447,9147.605904
9/2/2025,196072.6409,489.661,1661708.017,-6068.813094,102.2337897,1.4,200.9192138,192464.8148,128748.9169,78859.64974,44276.17695,21265.00447,9147.605904,7149.835816
9/3/2025,192464.8148,489.661,1661708.017,0,102.2337897,3.2,194.0732531,128748.9169,78859.64974,44276.17695,21265.00447,9147.605904,7149.835816,7161.837657
9/4/2025,128748.9169,489.63998,1652616.006,-9092.010711,101.674419,0,184.3695904,78859.64974,44276.17695,21265.00447,9147.605904,7149.835816,7161.837657,11367.8161
9/5/2025,78859.64974,489.608,1643538.216,-9077.789598,101.1159232,0,175.1511109,44276.17695,21265.00447,9147.605904,7149.835816,7161.837657,11367.8161,7177.536098
9/6/2025,44276.17695,489.589,1637507.22,-6030.996747,100.7448763,0,166.3935554,21265.00447,9147.605904,7149.835816,7161.837657,11367.8161,7177.536098,4201.392511
9/7/2025,21265.00447,489.564,1631482.395,-6024.824566,100.3742091,0,158.0738776,9147.605904,7149.835816,7161.837657,11367.8161,7177.536098,4201.392511,7248.724281
9/8/2025,9147.605904,489.544,1625463.759,-6018.636154,100.0039227,4.4,154.5701837,7149.835816,7161.837657,11367.8161,7177.536098,4201.392511,7248.724281,5663.274859
9/9/2025,7149.835816,489.518,1616447.3,-9016.459017,99.4492002,0,146.8416745,7161.837657,11367.8161,7177.536098,4201.392511,7248.724281,5663.274859,11472.30957
9/10/2025,7161.837657,489.486,1607444.593,-9002.706971,98.8953238,0,139.4995908,11367.8161,7177.536098,4201.392511,7248.724281,5663.274859,11472.30957,13190.01488
9/11/2025,11367.8161,489.474,1604446.719,-2997.874472,98.71088464,6,138.5246113,7177.536098,4201.392511,7248.724281,5663.274859,11472.30957,13190.01488,1374.860905
9/12/2025,7177.536098,489.448,1595462.016,-8984.702263,98.15811591,0,131.5983807,4201.392511,7248.724281,5663.274859,11472.30957,13190.01488,1374.860905,2823.602858
9/13/2025,4201.392511,489.409,1583503.915,-11958.10092,97.42241387,0,125.0184617,7248.724281,5663.274859,11472.30957,13190.01488,1374.860905,2823.602858,970.0865244
9/14/2025,7248.724281,489.372,1574601.027,-8902.888478,96.87467866,0,118.7675386,5663.274859,11472.30957,13190.01488,1374.860905,2823.602858,970.0865244,8280.187683
9/15/2025,5663.274859,489.359,1568674.678,-5926.349156,96.51007001,15.4,128.2291617,11472.30957,13190.01488,1374.860905,2823.602858,970.0865244,8280.187683,3890.809136
9/16/2025,11472.30957,489.343,1565714.016,-2960.661418,96.32792027,5.8,127.6177036,13190.01488,1374.860905,2823.602858,970.0865244,8280.187683,3890.809136,1038.320391
9/17/2025,13190.01488,489.337,1562754.998,-2959.018665,96.14587166,0,121.2368184,1374.860905,2823.602858,970.0865244,8280.187683,3890.809136,1038.320391,1525.763429
9/18/2025,1374.860905,489.284,1547983.877,-14771.12093,95.2371033,0,115.1749775,2823.602858,970.0865244,8280.187683,3890.809136,1038.320391,1525.763429,13797.65369
9/19/2025,2823.602858,489.246,1536194.835,-11789.04161,94.51180233,5.2,114.6162286,970.0865244,8280.187683,3890.809136,1038.320391,1525.763429,13797.65369,7375.965754
9/20/2025,970.0865244,489.198,1521494.767,-14700.0682,93.60740538,1.6,110.4854172,8280.187683,3890.809136,1038.320391,1525.763429,13797.65369,7375.965754,7382.317162
9/21/2025,8280.187683,489.173,1515629.657,-5865.110318,93.24656435,6.8,111.7611463,3890.809136,1038.320391,1525.763429,13797.65369,7375.965754,7382.317162,7097.322893
9/22/2025,3890.809136,489.135,1503910.109,-11719.54715,92.52553888,1.8,107.973089,1038.320391,1525.763429,13797.65369,7375.965754,7382.317162,7097.322893,4484.044161
9/23/2025,1038.320391,489.089,1489280.506,-14629.60363,91.62547717,1.6,104.1744346,1525.763429,13797.65369,7375.965754,7382.317162,7097.322893,4484.044161,5657.864205
9/24/2025,1525.763429,489.03198,1474672.181,-14608.32447,90.72672456,0,98.96571282,13797.65369,7375.965754,7382.317162,7097.322893,4484.044161,5657.864205,15817.94021
9/25/2025,13797.65369,489.044,1477592.142,2919.960693,90.90637025,18,112.0174272,7375.965754,7382.317162,7097.322893,4484.044161,5657.864205,15817.94021,6919.141348
9/26/2025,7375.965754,489.018,1468834.663,-8757.479247,90.36758109,0,106.4165558,7382.317162,7097.322893,4484.044161,5657.864205,15817.94021,6919.141348,13143.43728
9/27/2025,7382.317162,488.986,1460084.487,-8750.176009,89.82924123,0,101.095728,7097.322893,4484.044161,5657.864205,15817.94021,6919.141348,13143.43728,9657.860847
9/28/2025,7097.322893,488.956,1451341.562,-8742.924742,89.29134748,1,97.04094163,4484.044161,5657.864205,15817.94021,6919.141348,13143.43728,9657.860847,9370.36047
9/29/2025,4484.044161,488.91,1439695.282,-11646.28009,88.5748297,0,92.18889455,5657.864205,15817.94021,6919.141348,13143.43728,9657.860847,9370.36047,4441.719105
9/30/2025,5657.864205,488.892,1433876.883,-5818.398939,88.2168625,16,103.5794498,15817.94021,6919.141348,13143.43728,9657.860847,9370.36047,4441.719105,4452.956377
10/1/2025,15817.94021,488.904,1436785.673,2908.790296,88.39582091,10.8,109.2004773,6919.141348,13143.43728,9657.860847,9370.36047,4441.719105,4452.956377,17843.03491
10/2/2025,6919.141348,488.879,1428061.56,-8724.11345,87.85908453,1.4,105.1404535,13143.43728,9657.860847,9370.36047,4441.719105,4452.956377,17843.03491,62279.20595
10/3/2025,13143.43728,488.866,1425155.067,-2906.492944,87.68026744,0,99.88343079,9657.860847,9370.36047,4441.719105,4452.956377,17843.03491,62279.20595,24086.84776
10/4/2025,9657.860847,488.848,1419344.468,-5810.598949,87.32278012,2,96.88925925,9370.36047,4441.719105,4452.956377,17843.03491,62279.20595,24086.84776,13139.92677
10/5/2025,9370.36047,488.82098,1413536.922,-5807.545677,86.96548062,3,95.04479629,4441.719105,4452.956377,17843.03491,62279.20595,24086.84776,13139.92677,10229.76092
10/6/2025,4441.719105,488.789,1401930.958,-11605.96469,86.25144321,0,90.29255647,4452.956377,17843.03491,62279.20595,24086.84776,13139.92677,10229.76092,10232.38318
10/7/2025,4452.956377,488.745,1390337.34,-11593.61774,85.53816537,0,85.77792865,17843.03491,62279.20595,24086.84776,13139.92677,10229.76092,10232.38318,9595.383744
10/8/2025,17843.03491,488.75198,1393234.632,2897.291744,85.71641639,3.8,85.28903222,62279.20595,24086.84776,13139.92677,10229.76092,10232.38318,9595.383744,41838.35377
10/9/2025,62279.20595,488.91,1439695.282,46460.65034,88.5748297,0.8,81.82458061,24086.84776,13139.92677,10229.76092,10232.38318,9595.383744,41838.35377,42136.96355
10/10/2025,24086.84776,488.943,1448428.874,8733.591912,89.11214926,2.4,80.13335158,13139.92677,10229.76092,10232.38318,9595.383744,41838.35377,42136.96355,73149.23138
10/11/2025,13139.92677,488.936,1445516.874,-2911.999786,88.93299336,0,76.126684,10229.76092,10232.38318,9595.383744,41838.35377,42136.96355,73149.23138,57575.84832
10/12/2025,10229.76092,488.917,1439695.282,-5821.592126,88.5748297,0,72.3203498,10232.38318,9595.383744,41838.35377,42136.96355,73149.23138,57575.84832,59597.44767
10/13/2025,10232.38318,488.891,1433876.883,-5818.398939,88.2168625,0,68.70433231,9595.383744,41838.35377,42136.96355,73149.23138,57575.84832,59597.44767,160128.781
10/14/2025,9595.383744,488.872,1428061.56,-5815.323153,87.85908453,2.2,67.46911569,41838.35377,42136.96355,73149.23138,57575.84832,59597.44767,160128.781,224197.73
10/15/2025,41838.35377,488.961,1454255.069,26193.50932,89.4705961,1.4,65.49565991,42136.96355,73149.23138,57575.84832,59597.44767,160128.781,224197.73,225138.1884
10/16/2025,42136.96355,489.07,1486357.156,32102.08687,91.44562299,20.6,82.82087691,73149.23138,57575.84832,59597.44767,160128.781,224197.73,225138.1884,173020.9705
10/17/2025,73149.23138,489.285,1547983.877,61626.72069,95.2371033,15.4,94.07983307,57575.84832,59597.44767,160128.781,224197.73,225138.1884,173020.9705,130773.2731
10/18/2025,57575.84832,489.424,1589479.778,41495.90108,97.79006878,0,89.37584141,59597.44767,160128.781,224197.73,225138.1884,173020.9705,130773.2731,77792.34878
10/19/2025,59597.44767,489.52798,1619451.317,29971.53923,99.63401729,0,84.90704934,160128.781,224197.73,225138.1884,173020.9705,130773.2731,77792.34878,44784.932
10/20/2025,160128.781,489.618,1646562.479,27111.1615,101.3019859,5.2,85.86169688,224197.73,225138.1884,173020.9705,130773.2731,77792.34878,44784.932,18567.95747
10/21/2025,224197.73,489.65698,1658675.796,12113.31761,102.0472374,0,81.56861203,225138.1884,173020.9705,130773.2731,77792.34878,44784.932,18567.95747,10123.89859
10/22/2025,225138.1884,489.671,1664741.673,6065.876418,102.4204302,0,77.49018143,173020.9705,130773.2731,77792.34878,44784.932,18567.95747,10123.89859,10072.89904
10/23/2025,173020.9705,489.65698,1658675.796,-6065.876418,102.0472374,0,73.61567236,130773.2731,77792.34878,44784.932,18567.95747,10123.89859,10072.89904,10077.86517
10/24/2025,130773.2731,489.638,1652616.006,-6059.790062,101.674419,0,69.93488874,77792.34878,44784.932,18567.95747,10123.89859,10072.89904,10077.86517,10082.82849
10/25/2025,77792.34878,489.606,1643538.216,-9077.789598,101.1159232,0,66.4381443,44784.932,18567.95747,10123.89859,10072.89904,10077.86517,10082.82849,8473.811984
10/26/2025,44784.932,489.587,1637507.22,-6030.996747,100.7448763,0,63.11623709,18567.95747,10123.89859,10072.89904,10077.86517,10082.82849,8473.811984,13211.63781
10/27/2025,18567.95747,489.561,1631482.395,-6024.824566,100.3742091,0,59.96042523,10123.89859,10072.89904,10077.86517,10082.82849,8473.811984,13211.63781,6860.046444
10/28/2025,10123.89859,489.542,1625463.759,-6018.636154,100.0039227,0,56.96240397,10072.89904,10077.86517,10082.82849,8473.811984,13211.63781,6860.046444,10042.45299
10/29/2025,10072.89904,489.521,1619451.317,-6012.441982,99.63401729,0,54.11428377,10077.86517,10082.82849,8473.811984,13211.63781,6860.046444,10042.45299,16504.94754
10/30/2025,10077.86517,489.50198,1613444.932,-6006.38509,99.26448456,0,51.40856959,10082.82849,8473.811984,13211.63781,6860.046444,10042.45299,16504.94754,15909.04979
10/31/2025,10082.82849,489.483,1607444.593,-6000.338916,98.8953238,0,48.83814111,8473.811984,13211.63781,6860.046444,10042.45299,16504.94754,15909.04979,4769.251218
11/1/2025,8473.811984,489.483,1607444.593,0,98.8953238,25.2,71.59623405,13211.63781,6860.046444,10042.45299,16504.94754,15909.04979,4769.251218,41386.16318
11/2/2025,13211.63781,489.483,1607444.593,0,98.8953238,9.4,77.41642235,6860.046444,10042.45299,16504.94754,15909.04979,4769.251218,41386.16318,324364.2618
11/3/2025,6860.046444,489.451,1598455.472,-8989.120596,98.34228325,0.6,74.14560123,10042.45299,16504.94754,15909.04979,4769.251218,41386.16318,324364.2618,368655.7589
11/4/2025,10042.45299,489.438,1592470.127,-5985.345683,97.97404497,0,70.43832117,16504.94754,15909.04979,4769.251218,41386.16318,324364.2618,368655.7589,323848.5107
11/5/2025,16504.94754,489.451,1598455.472,5985.345683,98.34228325,18.4,85.31640511,15909.04979,4769.251218,41386.16318,324364.2618,368655.7589,323848.5107,280267.5819
11/6/2025,15909.04979,489.457,1598455.472,0,98.34228325,0.4,81.45058486,4769.251218,41386.16318,324364.2618,368655.7589,323848.5107,280267.5819,238079.5936
11/7/2025,4769.251218,489.445,1595462.016,-2993.456139,98.15811591,0,77.37805561,41386.16318,324364.2618,368655.7589,323848.5107,280267.5819,238079.5936,213597.8043
11/8/2025,41386.16318,489.464,1601450.345,5988.328369,98.52653778,0.4,73.90915283,324364.2618,368655.7589,323848.5107,280267.5819,238079.5936,213597.8043,192495.6258
11/9/2025,324364.2618,489.677,1664741.673,63291.3279,102.4204302,42.4,112.6136952,368655.7589,323848.5107,280267.5819,238079.5936,213597.8043,192495.6258,175733.5078
11/10/2025,368655.7589,489.721,1679932.839,15191.1667,103.3550412,9.4,116.3830104,323848.5107,280267.5819,238079.5936,213597.8043,192495.6258,175733.5078,177813.5879
11/11/2025,323848.5107,489.715,1676891.46,-3041.379237,103.1679254,0,110.5638599,280267.5819,238079.5936,213597.8043,192495.6258,175733.5078,177813.5879,478550.4253
11/12/2025,280267.5819,489.702,1673851.741,-3039.719337,102.9809118,0,105.0356669,238079.5936,213597.8043,192495.6258,175733.5078,177813.5879,478550.4253,957422.9641
11/13/2025,238079.5936,489.68298,1667776.83,-6074.910805,102.6071632,0,99.78388357,213597.8043,192495.6258,175733.5078,177813.5879,478550.4253,957422.9641,893123.0281
11/14/2025,213597.8043,489.671,1664741.673,-3035.157326,102.4204302,0,94.79468939,192495.6258,175733.5078,177813.5879,478550.4253,957422.9641,893123.0281,612855.6841
11/15/2025,192495.6258,489.664,1661708.017,-3033.655769,102.2337897,0,90.05495492,175733.5078,177813.5879,478550.4253,957422.9641,893123.0281,612855.6841,490683.8478
11/16/2025,175733.5078,489.658,1658675.796,-3032.220649,102.0472374,0,85.55220717,177813.5879,478550.4253,957422.9641,893123.0281,612855.6841,490683.8478,433718.8696
11/17/2025,177813.5879,489.65698,1658675.796,0,102.0472374,0,81.27459682,478550.4253,957422.9641,893123.0281,612855.6841,490683.8478,433718.8696,379498.7529
11/18/2025,478550.4253,489.727,1679932.839,21257.04312,103.3550412,41.2,118.410867,957422.9641,893123.0281,612855.6841,490683.8478,433718.8696,379498.7529,345857.6981
11/19/2025,957422.9641,489.857,1719668.702,39735.86312,105.7997233,31.2,143.6903236,893123.0281,612855.6841,490683.8478,433718.8696,379498.7529,345857.6981,310615.1174
11/20/2025,893123.0281,489.88998,1728897.661,9228.959095,106.3675194,16.4,152.9058074,612855.6841,490683.8478,433718.8696,379498.7529,345857.6981,310615.1174,288864.6983
11/21/2025,612855.6841,489.818,1707386.391,-21511.27003,105.0440748,0,145.2605171,490683.8478,433718.8696,379498.7529,345857.6981,310615.1174,288864.6983,272042.7626
11/22/2025,490683.8478,489.774,1695162.852,-12223.53947,104.2920421,0,137.9974912,433718.8696,379498.7529,345857.6981,310615.1174,288864.6983,272042.7626,252600.3419
11/23/2025,433718.8696,489.754,1689066.069,-6096.782842,103.9169478,0,131.0976167,379498.7529,345857.6981,310615.1174,288864.6983,272042.7626,252600.3419,244914.3462
11/24/2025,379498.7529,489.734,1682975.653,-6090.416363,103.5422452,0,124.5427358,345857.6981,310615.1174,288864.6983,272042.7626,252600.3419,244914.3462,234203.9954
11/25/2025,345857.6981,489.721,1679932.839,-3042.813497,103.3550412,0,118.315599,310615.1174,288864.6983,272042.7626,252600.3419,244914.3462,234203.9954,228969.814
11/26/2025,310615.1174,489.70898,1673851.741,-6081.098574,102.9809118,0,112.3998191,288864.6983,272042.7626,252600.3419,244914.3462,234203.9954,228969.814,221736.015
11/27/2025,288864.6983,489.697,1670813.482,-3038.258303,102.7939881,0,106.7798281,272042.7626,252600.3419,244914.3462,234203.9954,228969.814,221736.015,209256.1983
11/28/2025,272042.7626,489.691,1670813.482,0,102.7939881,0,101.4408367,252600.3419,244914.3462,234203.9954,228969.814,221736.015,209256.1983,204367.7866
11/29/2025,252600.3419,489.684,1667776.83,-3036.652503,102.6071632,0,96.36879489,244914.3462,234203.9954,228969.814,221736.015,209256.1983,204367.7866,195214.2359
11/30/2025,244914.3462,489.684,1667776.83,0,102.6071632,0,91.55035514,234203.9954,228969.814,221736.015,209256.1983,204367.7866,195214.2359,178996.5079
12/1/2025,234203.9954,489.678,1664741.673,-3035.157326,102.4204302,0,86.97283738,228969.814,221736.015,209256.1983,204367.7866,195214.2359,178996.5079,176209.4196
12/2/2025,228969.814,489.671,1664741.673,0,102.4204302,0,82.62419551,221736.015,209256.1983,204367.7866,195214.2359,178996.5079,176209.4196,163832.4084
12/3/2025,221736.015,489.671,1664741.673,0,102.4204302,0,78.49298574,209256.1983,204367.7866,195214.2359,178996.5079,176209.4196,163832.4084,157267.6521
12/4/2025,209256.1983,489.664,1661708.017,-3033.655769,102.2337897,0,74.56833645,204367.7866,195214.2359,178996.5079,176209.4196,163832.4084,157267.6521,145062.0773
12/5/2025,204367.7866,489.664,1661708.017,0,102.2337897,0,70.83991963,195214.2359,178996.5079,176209.4196,163832.4084,157267.6521,145062.0773,161541.7941
12/6/2025,195214.2359,489.664,1661708.017,0,102.2337897,0,67.29792365,178996.5079,176209.4196,163832.4084,157267.6521,145062.0773,161541.7941,143688.1908
12/7/2025,178996.5079,489.65698,1658675.796,-3032.220649,102.0472374,0,63.93302747,176209.4196,163832.4084,157267.6521,145062.0773,161541.7941,143688.1908,152568.3366
12/8/2025,176209.4196,489.65698,1658675.796,0,102.0472374,0,60.73637609,163832.4084,157267.6521,145062.0773,161541.7941,143688.1908,152568.3366,147995.9588
12/9/2025,163832.4084,489.651,1658675.796,0,102.0472374,0,57.69955729,157267.6521,145062.0773,161541.7941,143688.1908,152568.3366,147995.9588,134491.2102
12/10/2025,157267.6521,489.645,1655645.161,-3030.634684,101.8607826,0,54.81457942,145062.0773,161541.7941,143688.1908,152568.3366,147995.9588,134491.2102,135923.1325
12/11/2025,145062.0773,489.638,1652616.006,-3029.155377,101.674419,0,52.07385045,161541.7941,143688.1908,152568.3366,147995.9588,134491.2102,135923.1325,126557.1003
12/12/2025,161541.7941,489.651,1658675.796,6059.790062,102.0472374,0,49.47015793,143688.1908,152568.3366,147995.9588,134491.2102,135923.1325,126557.1003,115580.6131
12/13/2025,143688.1908,489.638,1652616.006,-6059.790062,101.674419,0,46.99665003,152568.3366,147995.9588,134491.2102,135923.1325,126557.1003,115580.6131,109427.0916
12/14/2025,152568.3366,489.644,1655645.161,3029.155377,101.8607826,0,44.64681753,147995.9588,134491.2102,135923.1325,126557.1003,115580.6131,109427.0916,112236.0901
12/15/2025,147995.9588,489.644,1655645.161,0,101.8607826,0,42.41447665,134491.2102,135923.1325,126557.1003,115580.6131,109427.0916,112236.0901,105147.5696
12/16/2025,134491.2102,489.638,1652616.006,-3029.155377,101.674419,0,40.29375282,135923.1325,126557.1003,115580.6131,109427.0916,112236.0901,105147.5696,97996.56607
12/17/2025,135923.1325,489.638,1652616.006,0,101.674419,0,38.27906518,126557.1003,115580.6131,109427.0916,112236.0901,105147.5696,97996.56607,97696.44896
12/18/2025,126557.1003,489.631,1652616.006,0,101.674419,0,36.36511192,115580.6131,109427.0916,112236.0901,105147.5696,97996.56607,97696.44896,99768.46159
12/19/2025,115580.6131,489.625,1649588.472,-3027.534545,101.488155,0,34.54685633,109427.0916,112236.0901,105147.5696,97996.56607,97696.44896,99768.46159,98376.1253
12/20/2025,109427.0916,489.625,1649588.472,0,101.488155,0,32.81951351,112236.0901,105147.5696,97996.56607,97696.44896,99768.46159,98376.1253,91510.30244
12/21/2025,112236.0901,489.625,1649588.472,0,101.488155,0,31.17853783,105147.5696,97996.56607,97696.44896,99768.46159,98376.1253,91510.30244,84241.41421
12/22/2025,105147.5696,489.625,1649588.472,0,101.488155,0,29.61961094,97996.56607,97696.44896,99768.46159,98376.1253,91510.30244,84241.41421,76839.84335
12/23/2025,97996.56607,489.618,1646562.479,-3025.993003,101.3019859,0,28.1386304,97696.44896,99768.46159,98376.1253,91510.30244,84241.41421,76839.84335,72948.15564
12/24/2025,97696.44896,489.618,1646562.479,0,101.3019859,0,26.73169888,99768.46159,98376.1253,91510.30244,84241.41421,76839.84335,72948.15564,69626.23703
12/25/2025,99768.46159,489.618,1646562.479,0,101.3019859,0,25.39511393,98376.1253,91510.30244,84241.41421,76839.84335,72948.15564,69626.23703,78402.86389
12/26/2025,98376.1253,489.619,1646562.479,0,101.3019859,0,24.12535824,91510.30244,84241.41421,76839.84335,72948.15564,69626.23703,78402.86389,69911.65746
12/27/2025,91510.30244,489.618,1646562.479,0,101.3019859,0,22.91909032,84241.41421,76839.84335,72948.15564,69626.23703,78402.86389,69911.65746,69280.77871
12/28/2025,84241.41421,489.612,1646562.479,0,101.3019859,0,21.77313581,76839.84335,72948.15564,69626.23703,78402.86389,69911.65746,69280.77871,67163.59817
12/29/2025,76839.84335,489.606,1643538.216,-3024.26205,101.1159232,0,20.68447902,72948.15564,69626.23703,78402.86389,69911.65746,69280.77871,67163.59817,55671.3677
12/30/2025,72948.15564,489.606,1643538.216,0,101.1159232,0,19.65025507,69626.23703,78402.86389,69911.65746,69280.77871,67163.59817,55671.3677,47965.92294
12/31/2025,69626.23703,489.606,1643538.216,0,101.1159232,0,18.66774231,78402.86389,69911.65746,69280.77871,67163.59817,55671.3677,47965.92294,22168.59938
1/1/2026,78402.86389,489.606,1643538.216,0,101.1159232,0,17.7343552,69911.65746,69280.77871,67163.59817,55671.3677,47965.92294,22168.59938,3600.882467
1/2/2026,69911.65746,489.599,1640521.874,-3016.342248,100.9303479,0,16.84763744,69280.77871,67163.59817,55671.3677,47965.92294,22168.59938,3600.882467,3600.882467
1/3/2026,69280.77871,489.599,1640521.874,0,100.9303479,0,16.00525557,67163.59817,55671.3677,47965.92294,22168.59938,3600.882467,3600.882467,9782.844998
1/4/2026,67163.59817,489.599,1640521.874,0,100.9303479,0,15.20499279,55671.3677,47965.92294,22168.59938,3600.882467,3600.882467,9782.844998,9975.845432
1/5/2026,55671.3677,489.593,1640521.874,0,100.9303479,0,14.44474315,47965.92294,22168.59938,3600.882467,3600.882467,9782.844998,9975.845432,16703.29615
1/6/2026,47965.92294,489.587,1637507.22,-3014.654499,100.7448763,0,13.72250599,22168.59938,3600.882467,3600.882467,9782.844998,9975.845432,16703.29615,15573.39157
1/7/2026,22168.59938,489.575,1634494.017,-3013.203227,100.5594941,0,13.03638069,3600.882467,3600.882467,9782.844998,9975.845432,16703.29615,15573.39157,19231.71116
1/8/2026,3600.882467,489.542,1625463.759,-9030.257493,100.0039227,0,12.38456166,3600.882467,9782.844998,9975.845432,16703.29615,15573.39157,19231.71116,21729.90465
1/9/2026,3600.882467,489.543,1625463.759,0,100.0039227,0,11.76533357,9782.844998,9975.845432,16703.29615,15573.39157,19231.71116,21729.90465,22225.2187
1/10/2026,9782.844998,489.556,1628472.306,3008.546733,100.1890185,0,11.17706689,9975.845432,16703.29615,15573.39157,19231.71116,21729.90465,22225.2187,21070.65302
1/11/2026,9975.845432,489.555,1628472.306,0,100.1890185,0,10.61821355,16703.29615,15573.39157,19231.71116,21729.90465,22225.2187,21070.65302,17922.76016
1/12/2026,16703.29615,489.561,1631482.395,3010.08942,100.3742091,0,10.08730287,15573.39157,19231.71116,21729.90465,22225.2187,21070.65302,17922.76016,17657.62487
1/13/2026,15573.39157,489.561,1631482.395,0,100.3742091,0,9.582937729,19231.71116,21729.90465,22225.2187,21070.65302,17922.76016,17657.62487,17803.47007
1/14/2026,19231.71116,489.568,1631482.395,0,100.3742091,0,9.103790842,21729.90465,22225.2187,21070.65302,17922.76016,17657.62487,17803.47007,14231.96742
1/15/2026,21729.90465,489.568,1631482.395,0,100.3742091,0,8.6486013,22225.2187,21070.65302,17922.76016,17657.62487,17803.47007,14231.96742,12624.30054
1/16/2026,22225.2187,489.568,1631482.395,0,100.3742091,0,8.216171235,21070.65302,17922.76016,17657.62487,17803.47007,14231.96742,12624.30054,14252.96744
1/17/2026,21070.65302,489.568,1631482.395,0,100.3742091,0,7.805362674,17922.76016,17657.62487,17803.47007,14231.96742,12624.30054,14252.96744,15169.12199
1/18/2026,17922.76016,489.568,1631482.395,0,100.3742091,0,7.41509454,17657.62487,17803.47007,14231.96742,12624.30054,14252.96744,15169.12199,18040.59271
1/19/2026,17657.62487,489.568,1631482.395,0,100.3742091,0,7.044339813,17803.47007,14231.96742,12624.30054,14252.96744,15169.12199,18040.59271,19756.17171
1/20/2026,17803.47007,489.568,1631482.395,0,100.3742091,0,6.692122822,14231.96742,12624.30054,14252.96744,15169.12199,18040.59271,19756.17171,24392.77569
1/21/2026,14231.96742,489.568,1631482.395,0,100.3742091,0,6.357516681,12624.30054,14252.96744,15169.12199,18040.59271,19756.17171,24392.77569,18494.03509
1/22/2026,12624.30054,489.561,1631482.395,0,100.3742091,0,6.039640847,14252.96744,15169.12199,18040.59271,19756.17171,24392.77569,18494.03509,26063.73383
1/23/2026,14252.96744,489.56,1631482.395,0,100.3742091,0,5.737658805,15169.12199,18040.59271,19756.17171,24392.77569,18494.03509,26063.73383,17667.16052
1/24/2026,15169.12199,489.567,1631482.395,0,100.3742091,0,5.450775865,18040.59271,19756.17171,24392.77569,18494.03509,26063.73383,17667.16052,20308.69552
1/25/2026,18040.59271,489.567,1631482.395,0,100.3742091,0,5.178237071,19756.17171,24392.77569,18494.03509,26063.73383,17667.16052,20308.69552,18350.63655
1/26/2026,19756.17171,489.567,1631482.395,0,100.3742091,0,4.919325218,24392.77569,18494.03509,26063.73383,17667.16052,20308.69552,18350.63655,808.1901803
1/27/2026,24392.77569,489.573,1634494.017,3011.621339,100.5594941,0,4.673358957,18494.03509,26063.73383,17667.16052,20308.69552,18350.63655,808.1901803,0
1/28/2026,18494.03509,489.567,1631482.395,-3011.621339,100.3742091,0,4.439691009,26063.73383,17667.16052,20308.69552,18350.63655,808.1901803,0,0
1/29/2026,26063.73383,489.573,1634494.017,3011.621339,100.5594941,0,4.217706459,17667.16052,20308.69552,18350.63655,808.1901803,0,0,0
1/30/2026,17667.16052,489.567,1631482.395,-3011.621339,100.3742091,0,4.006821136,20308.69552,18350.63655,808.1901803,0,0,0,805.7216387
1/31/2026,20308.69552,489.567,1631482.395,0,100.3742091,0,3.806480079,18350.63655,808.1901803,0,0,0,805.7216387,3808.497078
2/1/2026,18350.63655,489.567,1631482.395,0,100.3742091,0,3.616156075,808.1901803,0,0,0,805.7216387,3808.497078,3810.555213
2/2/2026,808.1901803,489.567,1631482.395,0,100.3742091,0,3.435348271,0,0,0,805.7216387,3808.497078,3810.555213,806.5381771
2/3/2026,0,489.54,1625463.759,-6018.636154,100.0039227,0,3.263580858,0,0,805.7216387,3808.497078,3810.555213,806.5381771,806.5381771
2/4/2026,0,489.508,1613444.932,-12018.82707,99.26448456,0,3.100401815,0,805.7216387,3808.497078,3810.555213,806.5381771,806.5381771,3812.40471
2/5/2026,0,489.502,1613444.932,0,99.26448456,0,2.945381724,805.7216387,3808.497078,3810.555213,806.5381771,806.5381771,3812.40471,806.948845
2/6/2026,805.7216387,489.502,1613444.932,0,99.26448456,0,2.798112638,3808.497078,3810.555213,806.5381771,806.5381771,3812.40471,806.948845,0
2/7/2026,3808.497078,489.508,1613444.932,0,99.26448456,0,2.658207006,3810.555213,806.5381771,806.5381771,3812.40471,806.948845,0,805.7216387
2/8/2026,3810.555213,489.515,1616447.3,3002.368055,99.4492002,0,2.525296656,806.5381771,806.5381771,3812.40471,806.948845,0,805.7216387,805.7216387
2/9/2026,806.5381771,489.521,1619451.317,3004.017036,99.63401729,0,2.399031823,806.5381771,3812.40471,806.948845,0,805.7216387,805.7216387,805.7216387
2/10/2026,806.5381771,489.521,1619451.317,0,99.63401729,0,2.279080232,3812.40471,806.948845,0,805.7216387,805.7216387,805.7216387,805.7216387
2/11/2026,3812.40471,489.527,1619451.317,0,99.63401729,0,2.16512622,806.948845,0,805.7216387,805.7216387,805.7216387,805.7216387,805.7216387
2/12/2026,806.948845,489.534,1622456.773,3005.455865,99.81892291,0,2.056869909,0,805.7216387,805.7216387,805.7216387,805.7216387,805.7216387,805.7216387
2/13/2026,0,489.502,1613444.932,-9011.840955,99.26448456,0,1.954026414,805.7216387,805.7216387,805.7216387,805.7216387,805.7216387,805.7216387,805.7216387
2/14/2026,805.7216387,489.502,1613444.932,0,99.26448456,0,1.856325093,805.7216387,805.7216387,805.7216387,805.7216387,805.7216387,805.7216387,805.7216387
2/15/2026,805.7216387,489.502,1613444.932,0,99.26448456,0,1.763508838,805.7216387,805.7216387,805.7216387,805.7216387,805.7216387,805.7216387,0
2/16/2026,805.7216387,489.502,1613444.932,0,99.26448456,0,1.675333396,805.7216387,805.7216387,805.7216387,805.7216387,805.7216387,0,805.7216387
2/17/2026,805.7216387,489.502,1613444.932,0,99.26448456,0,1.591566727,805.7216387,805.7216387,805.7216387,805.7216387,0,805.7216387,805.7216387
2/18/2026,805.7216387,489.502,1613444.932,0,99.26448456,0,1.51198839,805.7216387,805.7216387,805.7216387,0,805.7216387,805.7216387,805.7216387
2/19/2026,805.7216387,489.502,1613444.932,0,99.26448456,0,1.436388971,805.7216387,805.7216387,0,805.7216387,805.7216387,805.7216387,805.7216387
2/20/2026,805.7216387,489.502,1613444.932,0,99.26448456,0,1.364569522,805.7216387,0,805.7216387,805.7216387,805.7216387,805.7216387,805.7216387
2/21/2026,805.7216387,489.495,1610444.017,-3000.914603,99.07985831,0,1.296341046,0,805.7216387,805.7216387,805.7216387,805.7216387,805.7216387,805.7216387
2/22/2026,0,489.501,1613444.932,3000.914603,99.26448456,3.4,4.631523994,805.7216387,805.7216387,805.7216387,805.7216387,805.7216387,805.7216387,958.9656361
2/23/2026,805.7216387,489.494,1610444.017,-3000.914603,99.07985831,0,4.399947794,805.7216387,805.7216387,805.7216387,805.7216387,805.7216387,958.9656361,958.9656361
2/24/2026,805.7216387,489.501,1613444.932,3000.914603,99.26448456,0,4.179950404,805.7216387,805.7216387,805.7216387,805.7216387,958.9656361,958.9656361,0
2/25/2026,805.7216387,489.501,1613444.932,0,99.26448456,0,3.970952884,805.7216387,805.7216387,805.7216387,958.9656361,958.9656361,0,6959.304552
2/26/2026,805.7216387,489.508,1613444.932,0,99.26448456,0,3.77240524,805.7216387,805.7216387,958.9656361,958.9656361,0,6959.304552,0
2/27/2026,805.7216387,489.502,1613444.932,0,99.26448456,0,3.583784978,805.7216387,958.9656361,958.9656361,0,6959.304552,0,3957.906727
2/28/2026,805.7216387,489.502,1613444.932,0,99.26448456,0,3.404595729,958.9656361,958.9656361,0,6959.304552,0,3957.906727,9967.237169
3/1/2026,958.9656361,489.502,1613444.932,0,99.26448456,0,3.234365943,958.9656361,0,6959.304552,0,3957.906727,9967.237169,0
3/2/2026,958.9656361,489.502,1613444.932,0,99.26448456,0,3.072647645,0,6959.304552,0,3957.906727,9967.237169,0,6966.322566
3/3/2026,0,489.483,1607444.593,-6000.338916,98.8953238,0,2.919015263,6959.304552,0,3957.906727,9967.237169,0,6966.322566,0
3/4/2026,6959.304552,489.508,1613444.932,6000.338916,99.26448456,0,2.7730645,0,3957.906727,9967.237169,0,6966.322566,0,0
3/5/2026,0,489.483,1607444.593,-6000.338916,98.8953238,0,2.634411275,3957.906727,9967.237169,0,6966.322566,0,0,0
3/6/2026,3957.906727,489.49,1610444.017,2999.424313,99.07985831,0,2.502690711,9967.237169,0,6966.322566,0,0,0,4315.664372
3/7/2026,9967.237169,489.52,1619451.317,9007.299693,99.63401729,0,2.377556176,0,6966.322566,0,0,0,4315.664372,778.4744483
3/8/2026,0,489.502,1613444.932,-6006.38509,99.26448456,0,2.258678367,6966.322566,0,0,0,4315.664372,778.4744483,898.4797587
3/9/2026,6966.322566,489.52,1619451.317,6006.38509,99.63401729,0,2.145744449,0,0,0,4315.664372,778.4744483,898.4797587,958.4824139
3/10/2026,0,489.501,1613444.932,-6006.38509,99.26448456,0,2.038457226,0,0,4315.664372,778.4744483,898.4797587,958.4824139,1318.432387
3/11/2026,0,489.489,1607444.593,-6000.338916,98.8953238,3.4,5.336534365,0,4315.664372,778.4744483,898.4797587,958.4824139,1318.432387,3421.249225
3/12/2026,0,489.476,1604446.719,-2997.874472,98.71088464,0.8,5.869707647,4315.664372,778.4744483,898.4797587,958.4824139,1318.432387,3421.249225,38111.41888
3/13/2026,4315.664372,489.49,1610444.017,5997.298786,99.07985831,8.8,14.37622226,778.4744483,898.4797587,958.4824139,1318.432387,3421.249225,38111.41888,14694.33512
3/14/2026,778.4744483,489.496,1610444.017,0,99.07985831,0.6,14.25741115,898.4797587,958.4824139,1318.432387,3421.249225,38111.41888,14694.33512,30835.71713
3/15/2026,898.4797587,489.495,1610444.017,0,99.07985831,0.2,13.74454059,958.4824139,1318.432387,3421.249225,38111.41888,14694.33512,30835.71713,2373.237815
3/16/2026,958.4824139,489.495,1610444.017,0,99.07985831,0,13.05731356,1318.432387,3421.249225,38111.41888,14694.33512,30835.71713,2373.237815,0
3/17/2026,1318.432387,489.502,1613444.932,3000.914603,99.26448456,8.8,21.20444789,3421.249225,38111.41888,14694.33512,30835.71713,2373.237815,0,8290.608781
3/18/2026,3421.249225,489.514,1616447.3,3002.368055,99.4492002,1.8,21.94422549,38111.41888,14694.33512,30835.71713,2373.237815,0,8290.608781,0
3/19/2026,38111.41888,489.581,1637507.22,21059.91974,100.7448763,0,20.84701422,14694.33512,30835.71713,2373.237815,0,8290.608781,0,1513.817476
3/20/2026,14694.33512,489.567,1631482.395,-6024.824566,100.3742091,0,19.80466351,30835.71713,2373.237815,0,8290.608781,0,1513.817476,0
3/21/2026,30835.71713,489.579,1634494.017,3011.621339,100.5594941,0,18.81443033,2373.237815,0,8290.608781,0,1513.817476,0,0
3/22/2026,2373.237815,489.533,1622456.773,-12037.24361,99.81892291,3.4,21.27370881,0,8290.608781,0,1513.817476,0,0,0
3/23/2026,0,489.527,1619451.317,-3005.455865,99.63401729,0,20.21002337,8290.608781,0,1513.817476,0,0,0,0
3/24/2026,8290.608781,489.548,1625463.759,6012.441982,100.0039227,0,19.1995222,0,1513.817476,0,0,0,0,946.672391
3/25/2026,0,489.527,1619451.317,-6012.441982,99.63401729,0,18.23954609,1513.817476,0,0,0,0,946.672391,0
3/26/2026,1513.817476,489.527,1619451.317,0,99.63401729,0,17.32756879,0,0,0,0,946.672391,0,0
3/27/2026,0,489.514,1616447.3,-3004.017036,99.4492002,0,16.46119035,0,0,0,946.672391,0,0,18882.81412
3/28/2026,0,489.489,1607444.593,-9002.706971,98.8953238,0,15.63813083,0,0,946.672391,0,0,18882.81412,0
3/29/2026,0,489.417,1586490.962,-20953.63146,97.60618691,0,14.85622429,0,946.672391,0,0,18882.81412,0,0
3/30/2026,0,489.362,1571636.987,-14853.97442,96.69232109,0,14.11341308,946.672391,0,0,18882.81412,0,0,1057.041948
3/31/2026,946.672391,489.368,1571636.987,0,96.69232109,0,13.40774242,0,0,18882.81412,0,0,1057.041948,4019.952385
4/1/2026,0,489.362,1571636.987,0,96.69232109,0,12.7373553,0,18882.81412,0,0,1057.041948,4019.952385,0
4/2/2026,0,489.355,1568674.678,-2962.309413,96.51007001,0,12.10048754,18882.81412,0,0,1057.041948,4019.952385,0,0
4/3/2026,18882.81412,489.41,1586490.962,17816.28383,97.60618691,0,11.49546316,0,0,1057.041948,4019.952385,0,0,0
4/4/2026,0,489.398,1580534.36,-5956.60135,97.23971699,0,10.92069,0,1057.041948,4019.952385,0,0,0,0
4/5/2026,0,489.354,1568674.678,-11859.68248,96.51007001,0,10.3746555,1057.041948,4019.952385,0,0,0,0,0
4/6/2026,1057.041948,489.35,1568674.678,0,96.51007001,0,9.855922727,4019.952385,0,0,0,0,0,0
4/7/2026,4019.952385,489.366,1571636.987,2962.309413,96.69232109,0,9.36312659,0,0,0,0,0,0,0
4/8/2026,0,489.323,1559797.587,-11839.40039,95.96392193,0,8.894970261,0,0,0,0,0,0,0
4/9/2026,0,489.271,1545034.358,-14763.22847,95.0556391,0,8.450221748,0,0,0,0,0,0,0
4/10/2026,0,489.231,1533251.225,-11783.13282,94.33070167,0,8.02771066,0,0,0,0,0,0,0
4/11/2026,0,489.179,1515629.657,-17621.56888,93.24656435,0,7.626325127,0,0,0,0,0,0,0
4/12/2026,0,489.114,1498055.627,-17574.02962,92.16535173,0,7.245008871,0,0,0,0,0,0,0
4/13/2026,0,489.076,1486357.156,-11698.47093,91.44562299,0,6.882758427,0,0,0,0,0,0,6847.863654
4/14/2026,0,489.05,1480512.99,-5844.165986,91.08607051,0,6.538620506,0,0,0,0,0,6847.863654,0
4/15/2026,0,489.024,1471753.017,-8759.973494,90.54712791,0,6.211689481,0,0,0,0,6847.863654,0,1036.437986
4/16/2026,0,488.979,1457169.384,-14583.63213,89.64989443,0,5.901105007,0,0,0,6847.863654,0,1036.437986,0
4/17/2026,0,488.891,1433876.883,-23292.50142,88.2168625,0,5.606049756,0,0,6847.863654,0,1036.437986,0,0
4/18/2026,0,488.872,1428061.56,-5815.323153,87.85908453,0,5.325747269,0,6847.863654,0,1036.437986,0,0,0
4/19/2026,0,488.847,1419344.468,-8717.091893,87.32278012,0,5.059459905,6847.863654,0,1036.437986,0,0,0,3881.733289
4/20/2026,6847.863654,488.86,1425155.067,5810.598949,87.68026744,0,4.80648691,0,1036.437986,0,0,0,3881.733289,0
4/21/2026,0,488.834,1416440.293,-8714.774184,87.14410564,0,4.566162564,1036.437986,0,0,0,3881.733289,0,6840.673901
4/22/2026,1036.437986,488.833,1416440.293,0,87.14410564,0,4.337854436,0,0,0,3881.733289,0,6840.673901,1036.163583
4/23/2026,0,488.828,1413536.922,-2903.370443,86.96548062,0,4.120961714,0,0,3881.733289,0,6840.673901,1036.163583,0
4/24/2026,0,488.814,1410634.264,-2902.657831,86.78689947,1.2,5.114913629,0,3881.733289,0,6840.673901,1036.163583,0,0
4/25/2026,0,488.827,1413536.922,2902.657831,86.96548062,25.8,30.65916795,3881.733289,0,6840.673901,1036.163583,0,0,3895.214898
4/26/2026,3881.733289,488.834,1416440.293,2903.370443,87.14410564,0.2,29.32620955,0,6840.673901,1036.163583,0,0,3895.214898,0
4/27/2026,0,488.808,1407732.412,-8707.880761,86.60836791,0,27.85989907,6840.673901,1036.163583,0,0,3895.214898,0,0
4/28/2026,6840.673901,488.828,1413536.922,5804.510318,86.96548062,0,26.46690412,1036.163583,0,0,3895.214898,0,0,0
4/29/2026,1036.163583,488.822,1413536.922,0,86.96548062,0,25.14355891,0,0,3895.214898,0,0,0,0
4/30/2026,0,488.814,1410634.264,-2902.657831,86.78689947,0,23.88638097,0,3895.214898,0,0,0,0,3313.918039
5/1/2026,0,488.801,1407732.412,-2901.852487,86.60836791,0,22.69206192,3895.214898,0,0,0,0,3313.918039,8075.145222
5/2/2026,3895.214898,488.814,1410634.264,2901.852487,86.78689947,0,21.55745882,0,0,0,0,3313.918039,8075.145222,6805.279995
5/3/2026,0,488.782,1401930.958,-8703.306857,86.25144321,0,20.47958588,0,0,0,3313.918039,8075.145222,6805.279995,3026.040466
5/4/2026,0,488.776,1399031.411,-2899.546309,86.07305346,0,19.45560659,0,0,3313.918039,8075.145222,6805.279995,3026.040466,346.5106027
5/5/2026,0,488.801,1407732.412,8701.000678,86.60836791,35.6,54.08282626,0,3313.918039,8075.145222,6805.279995,3026.040466,346.5106027,64.51044839
5/6/2026,0,488.795,1404831.303,-2901.108759,86.42988206,8.4,59.77868495,3313.918039,8075.145222,6805.279995,3026.040466,346.5106027,64.51044839,63758.86285
5/7/2026,3313.918039,488.8,1407732.412,2901.108759,86.60836791,2,58.7897507,8075.145222,6805.279995,3026.040466,346.5106027,64.51044839,63758.86285,29628.10265
5/8/2026,8075.145222,488.841,1419344.468,11612.056,87.32278012,15.6,71.45026316,6805.279995,3026.040466,346.5106027,64.51044839,63758.86285,29628.10265,9011.632186
5/9/2026,6805.279995,488.865,1425155.067,5810.598949,87.68026744,0,67.87775,3026.040466,346.5106027,64.51044839,63758.86285,29628.10265,9011.632186,15807.44894
5/10/2026,3026.040466,488.903,1436785.673,11630.60639,88.39582091,33,97.4838625,346.5106027,64.51044839,63758.86285,29628.10265,9011.632186,15807.44894,0
5/11/2026,346.5106027,488.956,1451341.562,14555.88874,89.29134748,52.2,144.8096694,64.51044839,63758.86285,29628.10265,9011.632186,15807.44894,0,9945.639358
5/12/2026,64.51044839,488.967,1454255.069,2913.507132,89.4705961,13.2,150.7691859,63758.86285,29628.10265,9011.632186,15807.44894,0,9945.639358,3656.847133
5/13/2026,63758.86285,489.238,1533251.225,78996.1563,94.33070167,55.2,198.4307266,29628.10265,9011.632186,15807.44894,0,9945.639358,3656.847133,110370.9886
5/14/2026,29628.10265,489.342,1565714.016,32462.79085,96.32792027,13,201.5091903,9011.632186,15807.44894,0,9945.639358,3656.847133,110370.9886,101424.672
5/15/2026,9011.632186,489.386,1577566.835,11852.81858,97.05714501,13,204.4337308,15807.44894,0,9945.639358,3656.847133,110370.9886,101424.672,160496.6582
5/16/2026,15807.44894,489.437,1592470.127,14903.29184,97.97404497,0.4,194.6120442,0,9945.639358,3656.847133,110370.9886,101424.672,160496.6582,200042.2815
5/17/2026,0,489.43,1592470.127,0,97.97404497,5.8,190.681442,9945.639358,3656.847133,110370.9886,101424.672,160496.6582,200042.2815,255470.4511
5/18/2026,9945.639358,489.463,1601450.345,8980.217913,98.52653778,0.2,181.3473699,3656.847133,110370.9886,101424.672,160496.6582,200042.2815,255470.4511,247051.2124
5/19/2026,3656.847133,489.501,1613444.932,11994.58728,99.26448456,31.2,203.4800014,110370.9886,101424.672,160496.6582,200042.2815,255470.4511,247051.2124,264972.4831
5/20/2026,110370.9886,489.643,1655645.161,42200.22951,101.8607826,4.2,197.5060014,101424.672,160496.6582,200042.2815,255470.4511,247051.2124,264972.4831,443737.2446
5/21/2026,101424.672,489.63,1652616.006,-3029.155377,101.674419,5.6,193.2307013,160496.6582,200042.2815,255470.4511,247051.2124,264972.4831,443737.2446,544332.987
5/22/2026,160496.6582,489.644,1655645.161,3029.155377,101.8607826,0,183.5691662,200042.2815,255470.4511,247051.2124,264972.4831,443737.2446,544332.987,625729.9017
5/23/2026,200042.2815,489.682,1667776.83,12131.66843,102.6071632,20.8,195.1907079,255470.4511,247051.2124,264972.4831,443737.2446,544332.987,625729.9017,733751.7045
5/24/2026,255470.4511,489.688,1667776.83,0,102.6071632,0.2,185.6311725,247051.2124,264972.4831,443737.2446,544332.987,625729.9017,733751.7045,679372.7451
5/25/2026,247051.2124,489.695,1670813.482,3036.652503,102.7939881,0,176.3496139,264972.4831,443737.2446,544332.987,625729.9017,733751.7045,679372.7451,563837.0011
5/26/2026,264972.4831,489.707,1673851.741,3038.258303,102.9809118,19,186.5321332,443737.2446,544332.987,625729.9017,733751.7045,679372.7451,563837.0011,322261.8738
5/27/2026,443737.2446,489.785,1698213.643,24361.902,104.4797369,7.6,184.8055265,544332.987,625729.9017,733751.7045,679372.7451,563837.0011,322261.8738,292545.1904
5/28/2026,544332.987,489.766,1692113.662,-6099.981118,104.1044458,0,175.5652502,625729.9017,733751.7045,679372.7451,563837.0011,322261.8738,292545.1904,271772.7352
5/29/2026,625729.9017,489.817,1707386.391,15272.72987,105.0440748,6.8,173.5869877,733751.7045,679372.7451,563837.0011,322261.8738,292545.1904,271772.7352,265356.051
5/30/2026,733751.7045,489.823,1710454.436,3068.044893,105.2328311,2.2,167.1076383,679372.7451,563837.0011,322261.8738,292545.1904,271772.7352,265356.051,274959.8685
5/31/2026,679372.7451,489.805,1704320.268,-6134.168328,104.8554367,1.4,160.1522564,563837.0011,322261.8738,292545.1904,271772.7352,265356.051,274959.8685,243860.4896
6/1/2026,563837.0011,489.72,1679932.839,-24387.42874,103.3550412,42.6,194.7446436,322261.8738,292545.1904,271772.7352,265356.051,274959.8685,243860.4896,232304.4487
6/2/2026,322261.8738,489.701,1673851.741,-6081.098574,102.9809118,2.2,187.2074114,292545.1904,271772.7352,265356.051,274959.8685,243860.4896,232304.4487,221077.1272
6/3/2026,292545.1904,489.7,1673851.741,0,102.9809118,5.8,183.6470408,271772.7352,265356.051,274959.8685,243860.4896,232304.4487,221077.1272,225555.5411
6/4/2026,271772.7352,489.695,1670813.482,-3038.258303,102.7939881,2.2,176.6646888,265356.051,274959.8685,243860.4896,232304.4487,221077.1272,225555.5411,233759.1788
6/5/2026,265356.051,489.689,1667776.83,-3036.652503,102.6071632,0,167.8314543,274959.8685,243860.4896,232304.4487,221077.1272,225555.5411,233759.1788,261048.9663
6/6/2026,274959.8685,489.695,1670813.482,3036.652503,102.7939881,3.8,163.2398816,243860.4896,232304.4487,221077.1272,225555.5411,233759.1788,261048.9663,275355.0306
6/7/2026,243860.4896,489.677,1664741.673,-6071.809828,102.4204302,0.2,155.2778875,232304.4487,221077.1272,225555.5411,233759.1788,261048.9663,275355.0306,244494.84
6/8/2026,232304.4487,489.677,1664741.673,0,102.4204302,2.2,149.7139932,221077.1272,225555.5411,233759.1788,261048.9663,275355.0306,244494.84,194461.3836
6/9/2026,221077.1272,489.676,1664741.673,0,102.4204302,0,142.2282935,225555.5411,233759.1788,261048.9663,275355.0306,244494.84,194461.3836,201477.3101
6/10/2026,225555.5411,489.682,1667776.83,3035.157326,102.6071632,12.2,147.3168788,233759.1788,261048.9663,275355.0306,244494.84,194461.3836,201477.3101,179620.2896
6/11/2026,233759.1788,489.676,1664741.673,-3035.157326,102.4204302,0,139.9510349,261048.9663,275355.0306,244494.84,194461.3836,201477.3101,179620.2896,126967.8462
6/12/2026,261048.9663,489.695,1670813.482,6071.809828,102.7939881,23.6,156.5534832,275355.0306,244494.84,194461.3836,201477.3101,179620.2896,126967.8462,124310.0971
6/13/2026,275355.0306,489.701,1673851.741,3038.258303,102.9809118,12.4,161.125809,244494.84,194461.3836,201477.3101,179620.2896,126967.8462,124310.0971,89711.3377
6/14/2026,244494.84,489.676,1664741.673,-9110.068131,102.4204302,0,153.0695185,194461.3836,201477.3101,179620.2896,126967.8462,124310.0971,89711.3377,80759.38025
6/15/2026,194461.3836,489.656,1658675.796,-6065.876418,102.0472374,0,145.4160426,201477.3101,179620.2896,126967.8462,124310.0971,89711.3377,80759.38025,84193.36956
6/16/2026,201477.3101,489.67,1664741.673,6065.876418,102.4204302,2.2,140.3452405,179620.2896,126967.8462,124310.0971,89711.3377,80759.38025,84193.36956,82362.38025
6/17/2026,179620.2896,489.657,1658675.796,-6065.876418,102.0472374,0,133.3279785,126967.8462,124310.0971,89711.3377,80759.38025,84193.36956,82362.38025,76728.42625
6/18/2026,126967.8462,489.637,1652616.006,-6059.790062,101.674419,0,126.6615795,124310.0971,89711.3377,80759.38025,84193.36956,82362.38025,76728.42625,64921.01125
6/19/2026,124310.0971,489.637,1652616.006,0,101.674419,1.4,121.7285006,89711.3377,80759.38025,84193.36956,82362.38025,76728.42625,64921.01125,58579.7783
6/20/2026,89711.3377,489.617,1646562.479,-6053.527548,101.3019859,0,115.6420755,80759.38025,84193.36956,82362.38025,76728.42625,64921.01125,58579.7783,49352.16926
